"","GEOID","perc_over65"
"1","01069",18.4
"2","01023",23.8
"3","01113",15.2
"4","10005",29.5
"5","01071",20.8
"6","01089",15.5
"7","04015",31.9
"8","05017",21.7
"9","05121",19.4
"10","05073",25.4
"11","05057",18.7
"12","06079",21.6
"13","06081",17.3
"14","06091",34.5
"15","08067",20
"16","12007",18.1
"17","10003",16.6
"18","09003",17
"19","12009",24.2
"20","12131",19.8
"21","12053",26.6
"22","12047",19.6
"23","12065",24.5
"24","12031",15
"25","13105",21.2
"26","13213",14.9
"27","16073",19.1
"28","16049",28.6
"29","17105",20
"30","17161",20.1
"31","27087",17.5
"32","18089",17.4
"33","04013",16
"34","06067",14.9
"35","19159",23.1
"36","06107",11.7
"37","06069",13.5
"38","19163",17.1
"39","27053",15.1
"40","17125",23
"41","36005",13.9
"42","20099",20.1
"43","36119",17.7
"44","36053",19.7
"45","21235",15.7
"46","44007",16
"47","36029",18.8
"48","48287",20.8
"49","36091",19.4
"50","01121",18.9
"51","21133",20.6
"52","38017",12.8
"53","39035",19
"54","39061",16.2
"55","22075",13.9
"56","22031",18.5
"57","22111",22.1
"58","22115",13.5
"59","01087",20.7
"60","01041",19.9
"61","24005",17.8
"62","24019",22.5
"63","24017",13.1
"64","24015",16.7
"65","25001",32.3
"66","25017",16
"67","26103",20
"68","26053",28.8
"69","26115",19.3
"70","26141",33.1
"71","27075",27.4
"72","27163",16.2
"73","28001",21.6
"74","28087",16.9
"75","28143",13.9
"76","28139",17
"77","29099",16.1
"78","30001",23.7
"79","30105",24.3
"80","30005",16.4
"81","30029",20.8
"82","33017",16.5
"83","34001",19.3
"84","34009",28.6
"85","34041",19
"86","34019",20.1
"87","34025",18.6
"88","34023",15.8
"89","35045",16.3
"90","36031",25.7
"91","37047",20.4
"92","37039",31.3
"93","37149",32.1
"94","37009",27
"95","37055",24.3
"96","37091",21.3
"97","38097",20
"98","38053",9.1
"99","39167",21.7
"100","40095",22.1
"101","02020",12.4
"102","02180",8.4
"103","02070",12.4
"104","41015",35.6
"105","41007",24.3
"106","41035",22.1
"107","41033",26.8
"108","02066",22
"109","41065",20.9
"110","48037",17.3
"111","42071",19.2
"112","42095",19.9
"113","44009",22.6
"114","45013",27.9
"115","45051",25.7
"116","45091",15
"117","46023",18.5
"118","04007",30.4
"119","47157",14.4
"120","47165",16.4
"121","47019",22.3
"122","47123",21.8
"123","47013",20.8
"124","48273",13.2
"125","48229",11.1
"126","48419",17.7
"127","48301",74.1
"128","49037",16.2
"129","49019",20.2
"130","49049",7.8
"131","49023",12.6
"132","51133",37.9
"133","51193",26.4
"134","51073",20.3
"135","51107",10.4
"136","51143",24.1
"137","51083",25.3
"138","53053",14.4
"139","53067",18.3
"140","53005",15.6
"141","54047",21.6
"142","54099",21.8
"143","54037",17
"144","54003",15.1
"145","55003",21.1
"146","55051",32
"147","56039",17.5
"148","05045",13.4
"149","05011",18.5
"150","05085",14.4
"151","05099",21.1
"152","05037",18.6
"153","06007",18.2
"154","06047",11.6
"155","08059",17.4
"156","08065",13.2
"157","08055",34
"158","12117",16.3
"159","12041",20.2
"160","12013",17.9
"161","13229",17
"162","13261",17.3
"163","13021",16.2
"164","13151",12.2
"165","13195",18.1
"166","13265",27.1
"167","13267",15.2
"168","13237",24.5
"169","13219",16.1
"170","13205",18.1
"171","13201",21.8
"172","16085",26.5
"173","16005",15
"174","16039",14.2
"175","17047",22.1
"176","17027",18.1
"177","18041",20.5
"178","18069",18.2
"179","19175",20.5
"180","20059",17.5
"181","20171",20.3
"182","21123",17.7
"183","21115",18.7
"184","21109",17.9
"185","21175",17.4
"186","21011",16.7
"187","21231",21.2
"188","21061",21.5
"189","21165",22
"190","22001",16.1
"191","22071",16.5
"192","22103",18
"193","22067",19.4
"194","22081",19.4
"195","22039",15.7
"196","22043",15.4
"197","22083",18
"198","26135",28.5
"199","27015",21.8
"200","28163",14
"201","28089",14.9
"202","28101",17.2
"203","29033",22
"204","29039",23.6
"205","29197",18.9
"206","30063",16.6
"207","30097",23.4
"208","30047",23.6
"209","30069",27.9
"210","30023",25.5
"211","31115",27
"212","31005",19.3
"213","32011",23.1
"214","35011",23.9
"215","36113",23.6
"216","36017",21.7
"217","36051",19.5
"218","37193",22.7
"219","37159",17.5
"220","37089",26
"221","37163",18
"222","37121",25.5
"223","38069",24.6
"224","39067",22.5
"225","40145",16.9
"226","40133",18.2
"227","41017",20.8
"228","41031",19.8
"229","41055",22.7
"230","42051",22.2
"231","42129",23.7
"232","42023",29.5
"233","45055",18.9
"234","45027",24.4
"235","45017",24.1
"236","46079",23.6
"237","47001",20.1
"238","47189",15.8
"239","47135",22.1
"240","47045",17.5
"241","47029",21.9
"242","47049",23
"243","47085",20.6
"244","47185",20.7
"245","47127",21.4
"246","48339",13.5
"247","48029",12.7
"248","48245",15.1
"249","48457",22.1
"250","48157",12.2
"251","48139",12.9
"252","48499",27.1
"253","48041",9.8
"254","48459",18.3
"255","48343",21.7
"256","48393",16.8
"257","48289",23.7
"258","48349",16.7
"259","48185",18.5
"260","48467",20.2
"261","48125",24.4
"262","48105",21.6
"263","48415",15.4
"264","48379",24.2
"265","48261",50
"266","49011",10.7
"267","49015",18
"268","49051",13.1
"269","49007",18.8
"270","49013",12.8
"271","49055",23.1
"272","51109",20.4
"273","51023",23.6
"274","51061",16.7
"275","51009",21.4
"276","51161",21.8
"277","51175",21.4
"278","51113",22.8
"279","53017",18
"280","54039",21.7
"281","54109",22.9
"282","54025",24
"283","54041",20.8
"284","55057",21.4
"285","55035",16.6
"286","56013",19.6
"287","60050",NA
"288","66010",NA
"289","69110",NA
"290","72097",25.9
"291","72115",22.2
"292","72141",24.6
"293","72023",24.5
"294","72015",22
"295","78010",NA
"296","08033",37.2
"297","01073",16.5
"298","09009",18.2
"299","09011",19
"300","06109",27.7
"301","12103",25.9
"302","12057",14.8
"303","12075",25
"304","12086",16.8
"305","12071",28.9
"306","12113",16.5
"307","01043",18.9
"308","12037",26.2
"309","12073",14.4
"310","13051",16.4
"311","13185",13
"312","13027",20.8
"313","13049",14.7
"314","17197",14.1
"315","13245",14.9
"316","13241",28.5
"317","13153",13.4
"318","16041",14.1
"319","01033",20.1
"320","04001",16.2
"321","05007",13.6
"322","05139",18.9
"323","05003",21.3
"324","05133",14.3
"325","05131",16.7
"326","05015",23.3
"327","05021",21.8
"328","05041",19.6
"329","05063",17.5
"330","06059",15.8
"331","05019",16.2
"332","06037",14.7
"333","06087",18.3
"334","06097",21
"335","06041",23.3
"336","06001",14.9
"337","06003",21.8
"338","06061",20.2
"339","06057",28.9
"340","08077",20.4
"341","08123",12.7
"342","08083",23.9
"343","21147",16.1
"344","37167",19
"345","37007",19.9
"346","37155",15.8
"347","01099",21.2
"348","21135",19.1
"349","22057",16.2
"350","22117",18.5
"351","22029",18.9
"352","22035",18
"353","22011",16
"354","23031",21.7
"355","23029",25.8
"356","23003",25.4
"357","24041",29.3
"358","24037",13.7
"359","24039",17.3
"360","01131",21.4
"361","24011",17.1
"362","24033",14.4
"363","24001",21
"364","01065",19.9
"365","36063",20.2
"366","37129",18.7
"367","37141",18
"368","37133",9.7
"369","37043",32.3
"370","37113",28.9
"371","37175",30.8
"372","37049",20.5
"373","37137",30.7
"374","37177",25.5
"375","37053",17.2
"376","37131",28.5
"377","37075",24.8
"378","38077",19.6
"379","38105",9.9
"380","38099",21.5
"381","38067",25.5
"382","38085",9.2
"383","39043",23
"384","40065",15.4
"385","40141",20.1
"386","40067",20.8
"387","40023",20.7
"388","40135",18.5
"389","40089",17.8
"390","02130",17.3
"391","02185",7.9
"392","02290",16.5
"393","02220",17.3
"394","41051",14.4
"395","41021",31.8
"396","42133",18.4
"397","42017",20
"398","42049",19.2
"399","42127",25
"400","42029",17.3
"401","42089",18.9
"402","02100",26.8
"403","45045",16.4
"404","45025",18.9
"405","25025",13
"406","25021",17.4
"407","25013",17.8
"408","26041",25.6
"409","26003",26.6
"410","27167",19.1
"411","27137",20.8
"412","27119",18.9
"413","27073",27.2
"414","28113",17.5
"415","28151",17.6
"416","28055",19.5
"417","28033",13.3
"418","28021",18.9
"419","29201",18.4
"420","29183",16.4
"421","29013",19.2
"422","29087",25.8
"423","29171",25.1
"424","30053",29.7
"425","30051",20.6
"426","30085",11.9
"427","30075",31.6
"428","30035",12.8
"429","30009",27.2
"430","32033",19.9
"431","32017",18.9
"432","35029",20.7
"433","36045",14.6
"434","16043",17.8
"435","16083",16.4
"436","16003",30.4
"437","16069",20.6
"438","17153",22.7
"439","17045",24
"440","18147",20.2
"441","18129",20.3
"442","19111",21.7
"443","27145",15.8
"444","29037",17.5
"445","29019",13.1
"446","29159",17.1
"447","34031",15.5
"448","26163",16.1
"449","18161",20.4
"450","06113",13.3
"451","18035",17.4
"452","19063",23.5
"453","26109",26.3
"454","19189",21.6
"455","36047",15
"456","20013",21.5
"457","01091",20.2
"458","01101",15.8
"459","01095",17
"460","36075",17.4
"461","21027",19.9
"462","40087",15.4
"463","40125",16.5
"464","36071",14.3
"465","21159",17.4
"466","48213",22.4
"467","55078",15.6
"468","18139",18.9
"469","18065",19.2
"470","18027",15.8
"471","18071",16
"472","18175",18.1
"473","19055",20.9
"474","19165",23.2
"475","20069",16
"476","20093",16.5
"477","20165",25.3
"478","21179",16.8
"479","21183",18.1
"480","21107",18.9
"481","21209",13
"482","21079",18.4
"483","21025",18.3
"484","21167",19.2
"485","21013",18.8
"486","21187",19.8
"487","04025",33.5
"488","46103",19.6
"489","46089",30.8
"490","47167",15.3
"491","47055",20.8
"492","47065",18.1
"493","47155",19.9
"494","47059",21.8
"495","47147",14.8
"496","47009",20.8
"497","48355",15.6
"498","48427",11.2
"499","48409",15.4
"500","48039",12.5
"501","48443",37.1
"502","48211",19.2
"503","48067",22.2
"504","49043",14.7
"505","50027",24.7
"506","51185",23.3
"507","51191",24.3
"508","51051",24.2
"509","51131",28.5
"510","51179",11.1
"511","51103",40
"512","51159",20.2
"513","51015",22
"514","51181",24.7
"515","51059",14.5
"516","51069",18.2
"517","53057",22.1
"518","53055",35
"519","53027",22.8
"520","53045",23.7
"521","53033",13.8
"522","53049",33
"523","53029",26.1
"524","54063",24.9
"525","54103",22.7
"526","54095",23.8
"527","54107",21.2
"528","54057",22.5
"529","54031",23.3
"530","54027",23.7
"531","55023",24.8
"532","55011",23.3
"533","55121",18.3
"534","56007",19
"535","56033",22.1
"536","56029",24.9
"537","05097",27
"538","05025",20.9
"539","06019",12.7
"540","06105",29.3
"541","06089",21.2
"542","06115",13.1
"543","06011",15.3
"544","08035",13.4
"545","08043",22.4
"546","08027",30.4
"547","08117",15.4
"548","08049",20
"549","08029",27.8
"550","08091",35.5
"551","08093",22.8
"552","12069",26.6
"553","12083",28.7
"554","12023",20
"555","12119",57.8
"556","12097",13.4
"557","12121",21.1
"558","12125",17.2
"559","13121",12.4
"560","13013",12.8
"561","13163",18.6
"562","13009",16.7
"563","13279",17
"564","13001",18
"565","13023",17.7
"566","13133",30.4
"567","13311",22.9
"568","13301",23.1
"569","13315",19.5
"570","13305",16.3
"571","13289",24
"572","13249",15.5
"573","15003",19.1
"574","15001",23.2
"575","16013",21.8
"576","16061",27.8
"577","16025",14.9
"578","16015",27.3
"579","17039",20
"580","31075",20.6
"581","31091",27.6
"582","32015",13.2
"583","34035",16.6
"584","35021",27.8
"585","35051",36.9
"586","37085",13.4
"587","37125",24
"588","37117",25
"589","37051",12.7
"590","37059",21.8
"591","37083",21.6
"592","37027",21.2
"593","37127",19
"594","37015",24.3
"595","37093",11.4
"596","38103",25.6
"597","47003",14.5
"598","47053",17.3
"599","47033",19.1
"600","47173",18.4
"601","47031",17.5
"602","47119",16.8
"603","47121",21.3
"604","47107",20.1
"605","47105",27
"606","47141",16.4
"607","47081",17.9
"608","47079",23.5
"609","47057",21.3
"610","47159",16.4
"611","48387",25.6
"612","48219",15.2
"613","48127",16.6
"614","48471",13.7
"615","48089",22.8
"616","48131",15.6
"617","48475",13.8
"618","48225",21.9
"619","48347",15.4
"620","48153",19.2
"621","48469",16.7
"622","48223",18.4
"623","48025",12.6
"624","48119",20.5
"625","48455",27.1
"626","48015",20.9
"627","48151",21.6
"628","48407",21.1
"629","48405",27.1
"630","48477",22.3
"631","48435",15.9
"632","38071",21.7
"633","39077",18.2
"634","39065",16.1
"635","40101",17
"636","40035",19
"637","40075",20.9
"638","42091",18.4
"639","42043",17.7
"640","42027",15.5
"641","42033",21.5
"642","42063",20
"643","42031",20.2
"644","42035",19.7
"645","42061",21.5
"646","42113",30.4
"647","45079",13.7
"648","45047",19.1
"649","45087",20.9
"650","45071",19.9
"651","45049",18.9
"652","45005",21.7
"653","46093",16.3
"654","46073",29.1
"655","46117",22.4
"656","47143",19.3
"657","47093",16.1
"658","21119",20.1
"659","21003",17.6
"660","21139",21.9
"661","21055",20.8
"662","21239",20.1
"663","21193",17.7
"664","21181",16.7
"665","21189",21.1
"666","21097",18.7
"667","21063",21.6
"668","22015",15
"669","22077",21.7
"670","22125",15.7
"671","22091",20.6
"672","22025",18.2
"673","24027",14.8
"674","26051",26.9
"675","27061",25.2
"676","27171",13.3
"677","27127",22.1
"678","27097",20.6
"679","27139",12.3
"680","27129",21.5
"681","27107",21.5
"682","27065",21.4
"683","28083",15.1
"684","28131",17.4
"685","28051",16.2
"686","28157",18.9
"687","28013",20.2
"688","29027",17.4
"689","29113",14.3
"690","29123",19
"691","29207",20.4
"692","30045",28.3
"693","30013",19.3
"694","30007",23.6
"695","30049",19.9
"696","30027",24.7
"697","30037",28.2
"698","30039",30.9
"699","31185",20.1
"700","37019",33.3
"701","37119",11.7
"702","37145",21
"703","39171",19.6
"704","40079",17.8
"705","02170",13.3
"706","02122",19.3
"707","41045",17
"708","02240",15.8
"709","41039",20.5
"710","41001",27.6
"711","42125",21.5
"712","44005",24.4
"713","45007",18.2
"714","45083",16.2
"715","46127",18.9
"716","04009",14.3
"717","47183",18.1
"718","48071",12.6
"719","48377",21.7
"720","48087",21.5
"721","49025",24
"722","49005",9.9
"723","49003",12.8
"724","50009",26.7
"725","51141",27
"726","51027",23.5
"727","51093",19.6
"728","51095",26.4
"729","54065",24.8
"730","54023",24.6
"731","55075",24.6
"732","56005",12.2
"733","05039",25
"734","05117",23.6
"735","05067",17.9
"736","05075",18.9
"737","48269",22.8
"738","48345",31
"739","51111",23
"740","51177",14.8
"741","51087",16.5
"742","51101",16.5
"743","51155",22.7
"744","51187",16.7
"745","51137",20
"746","51067",24.2
"747","51139",21.8
"748","51127",18.7
"749","51125",29.3
"750","51145",19.5
"751","51075",23.9
"752","51037",22.2
"753","51063",23.8
"754","51097",23.6
"755","53007",20.5
"756","53037",17.2
"757","53041",21.2
"758","53025",14.3
"759","54021",17.8
"760","54033",20
"761","54017",21.1
"762","54085",23.3
"763","54005",21.6
"764","54093",27.7
"765","54087",23
"766","54001",20.8
"767","54013",26
"768","55111",19.3
"769","55113",27.8
"770","55001",31.6
"771","01003",21.4
"772","01005",19.7
"773","01129",20.4
"774","01107",19.5
"775","01049",17.4
"776","21089",21.6
"777","04027",20.3
"778","05091",16.8
"779","05081",21.2
"780","06065",15.1
"781","06013",16.7
"782","06023",19.3
"783","08023",27.5
"784","08069",16.9
"785","08107",17.6
"786","09013",17.7
"787","12123",20.9
"788","12101",22
"789","12033",17.7
"790","12089",23.3
"791","13039",14.7
"792","13181",25.2
"793","13313",14.7
"794","13033",17
"795","16029",17.9
"796","16007",20.9
"797","17003",24.2
"798","18123",19
"799","20075",13.3
"800","32003",15.6
"801","22051",18.1
"802","04021",21.3
"803","26099",17.8
"804","26147",19.8
"805","12105",19.7
"806","19149",19.3
"807","36061",17.8
"808","20131",19.6
"809","01001",16
"810","01025",20.6
"811","40113",20.9
"812","36059",18.2
"813","21095",19.2
"814","36111",20.8
"815","48061",14
"816","72127",24.8
"817","21127",19.8
"818","22087",12.7
"819","01047",19.8
"820","22085",21
"821","22119",20.2
"822","23015",28.9
"823","01035",24.3
"824","24009",15.9
"825","24043",17.8
"826","26055",21.3
"827","26013",23
"828","26071",30.9
"829","27069",26.4
"830","27089",22.6
"831","28103",17.6
"832","29143",19.6
"833","29095",15.5
"834","29157",19.3
"835","30061",28.1
"836","30083",17.2
"837","30057",30.6
"838","32009",26.5
"839","34033",18.9
"840","34007",16.2
"841","34015",16.5
"842","37087",25.4
"843","37021",20.8
"844","37065",20.5
"845","38059",16.8
"846","38055",25.6
"847","38007",27
"848","40111",18.4
"849","41005",19.3
"850","41003",17.2
"851","41023",31.6
"852","42003",19.7
"853","42041",18.8
"854","42067",20.9
"855","45075",20.6
"856","45067",21.1
"857","45009",23.5
"858","46137",11
"859","72037",25.6
"860","78030",NA
"861","12045",23.5
"862","12029",23.6
"863","12129",16.6
"864","17097",15.3
"865","16087",25.7
"866","05009",21
"867","06073",15
"868","06053",14.5
"869","06045",24.1
"870","06017",22.8
"871","06093",27.2
"872","08113",17.3
"873","08071",25.6
"874","08057",32.7
"875","22107",27.1
"876","22017",18.4
"877","23027",24.5
"878","23017",23.4
"879","24025",17
"880","24047",28.2
"881","24003",15.6
"882","24023",23.6
"883","37029",16
"884","37161",22.1
"885","38035",14
"886","39161",19.5
"887","02050",8
"888","41019",26.2
"889","42111",23.5
"890","42045",17
"891","42103",23.7
"892","45019",17.5
"893","45003",20.4
"894","45021",17.1
"895","45057",21.5
"896","28109",19.3
"897","29023",19.3
"898","47063",17.9
"899","47187",14.3
"900","47117",16.4
"901","48473",11.4
"902","48161",20
"903","48453",10.7
"904","48495",13.4
"905","48491",12.8
"906","48423",17.1
"907","48461",18.6
"908","48373",18.9
"909","48241",20.7
"910","48449",14.7
"911","48389",12.3
"912","48437",17.6
"913","48173",15.4
"914","49057",12.2
"915","49047",11.7
"916","49029",12.1
"917","49017",22.7
"918","51003",19.9
"919","51840",17.1
"920","51163",26.8
"921","54081",21.7
"922","54083",22.4
"923","54007",24.4
"924","55099",27.8
"925","56035",23.5
"926","60010",NA
"927","72039",23.4
"928","72139",21.4
"929","06039",14.4
"930","06033",23.6
"931","08037",14.3
"932","08109",26.5
"933","09009",18.7
"934","12001",14.9
"935","13303",18.2
"936","13157",14.5
"937","13309",14.7
"938","13171",17
"939","13221",19
"940","13317",23.7
"941","13079",19.9
"942","13141",24.6
"943","13025",17
"944","16035",28.5
"945","17175",22.8
"946","18125",20.9
"947","19107",21.9
"948","19017",19.5
"949","19081",23.9
"950","20149",15.1
"951","21067",14.4
"952","21049",18.2
"953","21051",15.7
"954","21043",19.9
"955","21229",19.3
"956","21033",21.1
"957","22099",16.6
"958","22063",13.6
"959","22033",14.9
"960","22059",15.5
"961","22021",18.1
"962","25015",19.3
"963","26079",21.2
"964","27023",21.4
"965","27125",22.1
"966","28049",15.7
"967","28053",18.4
"968","29195",17.4
"969","29169",9.6
"970","30015",22.5
"971","30073",21.6
"972","31093",22.2
"973","31113",21.1
"974","31103",24.8
"975","35043",19.6
"976","36077",21.3
"977","36067",18.2
"978","28007",19.4
"979","28029",18.5
"980","29015",31.1
"981","29041",25
"982","30087",16.7
"983","30055",28.7
"984","31077",25.8
"985","51041",15.7
"986","51005",25.8
"987","51017",27.4
"988","53065",24.7
"989","13307",19.5
"990","56003",21.5
"991","01097",17
"992","04005",14
"993","06111",16.9
"994","13127",22.3
"995","01115",17.5
"996","18061",18.8
"997","22105",15
"998","06101",16.1
"999","36013",21
"1000","46095",15.2
"1001","23013",27.1
"1002","24013",17.6
"1003","21093",14.8
"1004","27031",30.2
"1005","34011",15.6
"1006","34021",15.7
"1007","39123",27
"1008","02275",23.9
"1009","02282",27.7
"1010","02195",22
"1011","45069",18.6
"1012","30089",32.4
"1013","32031",17.3
"1014","33009",22.5
"1015","35039",21.2
"1016","35055",29.7
"1017","36009",20.3
"1018","36105",19
"1019","17043",16.8
"1020","27051",23.2
"1021","18083",18.4
"1022","19195",22.4
"1023","12095",12.8
"1024","26089",33
"1025","19125",18.9
"1026","01055",19.5
"1027","36065",19.4
"1028","21101",18.8
"1029","21195",19.6
"1030","48361",15.9
"1031","01109",15.4
"1032","19147",21.9
"1033","19161",23.9
"1034","21029",16.9
"1035","21155",16.9
"1036","21121",17.3
"1037","21005",16.3
"1038","21099",17.1
"1039","47163",22
"1040","47091",23.3
"1041","48167",15.3
"1042","48007",28
"1043","48465",13.9
"1044","48403",29.8
"1045","48315",26.7
"1046","49033",21.2
"1047","51153",10.9
"1048","51171",21.9
"1049","53031",39.6
"1050","53011",16.3
"1051","53071",19.4
"1052","53035",19.1
"1053","53019",30.2
"1054","54011",19.6
"1055","54073",18.5
"1056","05103",21.1
"1057","05061",18.3
"1058","05013",21.7
"1059","05095",23.3
"1060","06021",16.8
"1061","06043",29.4
"1062","08031",12.3
"1063","08015",25.8
"1064","13067",13.2
"1065","13029",10.7
"1066","13113",19.5
"1067","13217",13.3
"1068","13319",20.1
"1069","13107",16.1
"1070","15009",20
"1071","17017",18.6
"1072","17129",20.2
"1073","35033",32.7
"1074","37101",13.5
"1075","37079",16.9
"1076","37057",18.6
"1077","37123",21.8
"1078","37199",26.5
"1079","38031",23.1
"1080","47021",15.7
"1081","48257",10.9
"1082","48277",19.3
"1083","48005",16.5
"1084","48507",15.4
"1085","48401",17.1
"1086","48003",9.7
"1087","48395",20.2
"1088","48371",13.3
"1089","48051",22.4
"1090","48239",19.7
"1091","40117",19.7
"1092","40027",14.5
"1093","40077",21.3
"1094","42099",19.9
"1095","45077",17
"1096","45059",18.9
"1097","45085",17.4
"1098","45061",20.1
"1099","46041",9.9
"1100","46069",26.5
"1101","47149",10.9
"1102","22123",20.8
"1103","23023",24
"1104","28137",16.5
"1105","28161",21.4
"1106","48351",22.9
"1107","51001",25.2
"1108","53009",31.5
"1109","53047",22.9
"1110","55007",30.3
"1111","08019",22.1
"1112","12093",20.1
"1113","13031",12.1
"1114","13183",9.2
"1115","17155",23.9
"1116","47145",23.2
"1117","47097",16.3
"1118","48103",15
"1119","48237",17.4
"1120","48327",32.2
"1121","45041",17.7
"1122","21131",18.9
"1123","22047",17.3
"1124","27103",17.2
"1125","39003",18.7
"1126","41047",16.4
"1127","45015",14.5
"1128","48053",23.4
"1129","48463",16.4
"1130","48311",16.4
"1131","51085",18.8
"1132","51047",16.6
"1133","10001",17.9
"1134","13179",9.8
"1135","04012",42.2
"1136","06071",12.3
"1137","39021",18.9
"1138","24045",16.2
"1139","37165",17.9
"1140","02090",12.2
"1141","45043",29.8
"1142","26007",24.5
"1143","30081",26.5
"1144","36025",25.7
"1145","16027",14.4
"1146","27013",14.7
"1147","06099",13.6
"1148","19101",25.7
"1149","01009",18.6
"1150","21059",17.4
"1151","48187",14.5
"1152","22041",19.4
"1153","22127",19
"1154","28119",18.2
"1155","30099",23.2
"1156","30059",34.5
"1157","51029",20.2
"1158","51147",16.7
"1159","51031",20.7
"1160","54019",22.3
"1161","54043",20.5
"1162","06025",13.5
"1163","01119",19.2
"1164","05107",20.1
"1165","06085",14.4
"1166","06009",28.7
"1167","13191",29.3
"1168","13215",14.4
"1169","16059",30.4
"1170","22005",12.7
"1171","01051",16.1
"1172","46123",24
"1173","22065",16.8
"1174","24031",16.6
"1175","28149",18.1
"1176","37013",25
"1177","38087",27.5
"1178","48203",17.2
"1179","02110",15.1
"1180","48391",22.5
"1181","49045",9
"1182","51057",23.6
"1183","54071",29.1
"1184","06103",20
"1185","13089",13.3
"1186","13123",26.4
"1187","13075",16.1
"1188","19069",21.4
"1189","21017",19.5
"1190","21069",18.5
"1191","48057",18.6
"1192","51195",20
"1193","53061",14.4
"1194","05001",19.9
"1195","05147",24.4
"1196","08013",15.8
"1197","12107",23.5
"1198","13189",18.5
"1199","13269",21.5
"1200","16033",13.1
"1201","19083",23
"1202","21007",22
"1203","22055",14.3
"1204","26119",32.9
"1205","29029",28.9
"1206","30077",20.9
"1207","37147",14.3
"1208","37099",20.4
"1209","38037",28.9
"1210","41043",19.2
"1211","42005",23.4
"1212","47005",23.7
"1213","48133",21.9
"1214","48155",29
"1215","51149",12.9
"1216","54045",22
"1217","78020",NA
"1218","08005",14
"1219","13103",12.2
"1220","04003",24.2
"1221","06083",16.2
"1222","06051",16.4
"1223","22101",18
"1224","22037",19.6
"1225","24035",20.2
"1226","37095",22.8
"1227","37173",19.7
"1228","02013",11.5
"1229","42101",14.4
"1230","26029",26.2
"1231","29031",17.2
"1232","30031",13.3
"1233","33007",25.2
"1234","16031",13.7
"1235","17185",22
"1236","26063",26.6
"1237","27077",25.6
"1238","36103",17.5
"1239","46085",18
"1240","18145",17.9
"1241","20097",22.3
"1242","21125",16.8
"1243","49035",11.6
"1244","51790",21
"1245","60020",NA
"1246","11001",12.7
"1247","12039",19.4
"1248","17031",15.5
"1249","06015",19.8
"1250","23025",22.6
"1251","37031",26.3
"1252","39095",17.1
"1253","02188",8.4
"1254","25011",23.9
"1255","01063",24
"1256","30071",23.7
"1257","35007",28.4
"1258","19089",20.4
"1259","19045",20.1
"1260","01117",16.4
"1261","47037",12.7
"1262","18107",18.5
"1263","20161",9.8
"1264","21205",14.2
"1265","51119",33.5
"1266","51199",17.3
"1267","53075",11.6
"1268","55029",31.5
"1269","55037",28.4
"1270","06055",20.6
"1271","13139",16
"1272","16077",15.7
"1273","17035",20.3
"1274","37153",17.9
"1275","37103",23.8
"1276","48073",18
"1277","48063",18
"1278","19021",16
"1279","21151",14.6
"1280","45029",20.1
"1281","47151",16.9
"1282","48141",12.8
"1283","51091",34.3
"1284","51165",19.8
"1285","53015",19.5
"1286","08111",20.7
"1287","13135",10.9
"1288","13077",14.7
"1289","13271",17.9
"1290","13283",18.5
"1291","16023",19.9
"1292","31171",33.1
"1293","34013",14
"1294","36043",21.6
"1295","37017",23.2
"1296","38005",15.4
"1297","48001",15
"1298","48199",17.4
"1299","48243",39.1
"1300","45035",14.8
"1301","46055",28.4
"1302","21065",19.4
"1303","22079",16.7
"1304","23007",23.1
"1305","27149",16.7
"1306","28121",16.3
"1307","30043",22.8
"1308","40013",17.4
"1309","51105",22.6
"1310","05069",18.1
"1311","51053",18.7
"1312","51830",17.1
"1313","54075",26.7
"1314","05093",15.2
"1315","45063",16.7
"1316","27027",13.9
"1317","33015",19.5
"1318","41013",25.1
"1319","45031",19.5
"1320","13251",20.2
"1321","05145",16.6
"1322","29069",18.5
"1323","48329",10.6
"1324","51167",23
"1325","12055",35.9
"1326","18183",18.6
"1327","21197",15.7
"1328","22053",16.5
"1329","51117",26.6
"1330","19143",22
"1331","21071",19.4
"1332","48323",11.9
"1333","12133",18.3
"1334","37111",20.7
"1335","48503",21
"1336","46075",21.7
"1337","06095",16.9
"1338","12017",36.3
"1339","13137",19
"1340","01085",20.1
"1341","22113",16.1
"1342","25023",19.2
"1343","27043",23.2
"1344","29189",18.7
"1345","35017",29.5
"1346","37139",18.1
"1347","42055",20
"1348","48043",25.3
"1349","53073",18.5
"1350","55043",18
"1351","05023",27.3
"1352","13019",17.8
"1353","18051",17.7
"1354","21177",20
"1355","22097",16.6
"1356","23021",26.9
"1357","27021",26.8
"1358","35037",25.8
"1359","37023",21.2
"1360","41061",21
"1361","42097",21.7
"1362","47035",31.8
"1363","48333",28.9
"1364","01061",20.4
"1365","01039",21.9
"1366","01111",20.7
"1367","01059",17.2
"1368","01093",21.1
"1369","05127",21.2
"1370","05077",20
"1371","05005",31.1
"1372","05105",20.5
"1373","06049",31
"1374","08063",19.9
"1375","08125",17.7
"1376","08099",18.6
"1377","12087",24.3
"1378","12021",33.6
"1379","45089",22
"1380","21203",19.2
"1381","22013",21
"1382","26137",21.7
"1383","30093",19.2
"1384","36115",20.9
"1385","42059",20
"1386","47025",19.8
"1387","48215",11.5
"1388","05029",19.6
"1389","51019",22.7
"1390","51685",9.6
"1391","54067",23.6
"1392","16079",22.8
"1393","06077",13.3
"1394","24029",26.9
"1395","34003",17.8
"1396","39073",19.5
"1397","06027",24.4
"1398","37115",23.1
"1399","02158",6.4
"1400","27173",21
"1401","48481",17.9
"1402","48169",14.8
"1403","69100",NA
"1404","13209",17.4
"1405","17189",21.3
"1406","21031",19
"1407","51530",18.3
"1408","30003",13.7
"1409","36095",23.3
"1410","21217",17.8
"1411","12027",23.8
"1412","47041",18.8
"1413","45065",37.8
"1414","08053",34.4
"1415","21085",17.9
"1416","34027",17.8
"1417","51007",20.8
"1418","09007",21.6
"1419","20203",22.8
"1420","17071",26.7
"1421","16071",19.5
"1422","16055",19.7
"1423","17127",21.4
"1424","17157",20.8
"1425","12015",40.4
"1426","12059",20.2
"1427","12079",22.6
"1428","12003",15.1
"1429","13285",15.6
"1430","13233",15.5
"1431","17163",16.8
"1432","13047",18.2
"1433","13295",19.1
"1434","13131",18.7
"1435","13253",24.9
"1436","13061",31.3
"1437","17117",21.1
"1438","13045",14
"1439","17093",11
"1440","18029",18.7
"1441","18001",16
"1442","18151",21.3
"1443","18007",17.2
"1444","26017",21.3
"1445","26049",18.3
"1446","26021",20.8
"1447","17149",21.7
"1448","17013",24.6
"1449","17201",18.2
"1450","18043",17.1
"1451","19139",17.6
"1452","27035",23.8
"1453","17057",21.1
"1454","17025",20.8
"1455","18167",17
"1456","20209",13
"1457","17099",19.4
"1458","20005",17.7
"1459","36003",19.7
"1460","21111",16.9
"1461","40049",18
"1462","45053",22
"1463","26145",19.9
"1464","19145",23.8
"1465","18057",13.4
"1466","19085",19.7
"1467","26117",17.6
"1468","19177",23.2
"1469","26121",18
"1470","19119",18.9
"1471","26105",25.6
"1472","27047",22.8
"1473","20011",19.4
"1474","20043",19.4
"1475","20137",20.3
"1476","20117",22.4
"1477","20129",20.3
"1478","20175",10.4
"1479","26043",23.7
"1480","26157",21.5
"1481","26011",26.3
"1482","26127",21.8
"1483","26061",17.7
"1484","27133",20
"1485","46083",14.2
"1486","46099",13.6
"1487","46091",22.6
"1488","01103",17.9
"1489","21161",19.3
"1490","21141",18.8
"1491","25005",17.4
"1492","21185",14.1
"1493","36011",20.6
"1494","26033",19.1
"1495","01105",21
"1496","40143",14.9
"1497","01013",21.4
"1498","26027",22
"1499","32019",21.7
"1500","33013",19.3
"1501","46065",17.6
"1502","46049",24.4
"1503","46125",20.3
"1504","46111",20
"1505","72153",24.8
"1506","72009",24
"1507","09005",22.2
"1508","12081",28.2
"1509","35049",27.3
"1510","36069",21.5
"1511","46071",12.5
"1512","46063",20.1
"1513","72055",26.1
"1514","12115",37.3
"1515","12111",24.5
"1516","13073",14.7
"1517","13291",33.9
"1518","12099",24.6
"1519","36039",23.4
"1520","36037",19.6
"1521","36049",19.9
"1522","49041",16.7
"1523","50015",18.2
"1524","51033",16.4
"1525","51065",20.7
"1526","12005",18.2
"1527","13087",16.8
"1528","21225",19.6
"1529","39059",19.9
"1530","39147",18.7
"1531","37183",12.5
"1532","37081",15.6
"1533","51680",14.2
"1534","51183",19.1
"1535","51730",17
"1536","13281",36.3
"1537","13119",18.6
"1538","13149",17.4
"1539","39049",12.7
"1540","39153",19
"1541","37191",16.7
"1542","37151",18.1
"1543","37169",22.5
"1544","51690",17.1
"1545","51660",10.1
"1546","51620",19
"1547","54015",21.7
"1548","01075",22.2
"1549","01019",23.8
"1550","39173",16.2
"1551","39013",21.4
"1552","37197",20.7
"1553","38003",22.8
"1554","38101",13.7
"1555","54097",21.3
"1556","55055",18
"1557","55141",21.4
"1558","01077",20.2
"1559","01083",15.4
"1560","47061",20.7
"1561","47077",18.3
"1562","38061",13.1
"1563","38049",21.8
"1564","55133",19.9
"1565","55119",20.7
"1566","56031",26.2
"1567","56043",23.6
"1568","60040",NA
"1569","72113",24.5
"1570","01015",18
"1571","04019",21.2
"1572","47087",23.2
"1573","48135",9.8
"1574","48055",15.2
"1575","48445",15.1
"1576","39089",17.1
"1577","39165",15.3
"1578","39119",18.3
"1579","56019",26.7
"1580","72043",20.4
"1581","04017",19.6
"1582","05113",22.5
"1583","05031",13.7
"1584","48497",15.4
"1585","48069",16.8
"1586","48309",15.1
"1587","39139",19.8
"1588","39163",18.8
"1589","39027",18.1
"1590","39115",22
"1591","72111",19.1
"1592","72147",24.4
"1593","05027",17.3
"1594","08007",27.7
"1595","08081",16.1
"1596","08009",25
"1597","48331",21.4
"1598","48091",18.6
"1599","48183",15.8
"1600","39131",18.4
"1601","40063",18.7
"1602","40019",16.9
"1603","40137",20.4
"1604","72031",24.2
"1605","72125",27
"1606","08115",24.5
"1607","01021",16.9
"1608","21163",15.1
"1609","48195",13.9
"1610","48353",20.1
"1611","48031",25.6
"1612","48297",20.2
"1613","48179",16.4
"1614","48123",19.9
"1615","40099",20.2
"1616","40057",20.2
"1617","40029",21
"1618","72035",23.1
"1619","72071",21.8
"1620","72041",20.2
"1621","72007",22.3
"1622","48285",23.5
"1623","48247",8.4
"1624","48045",28
"1625","48383",9.3
"1626","48283",21.9
"1627","48205",16.5
"1628","48033",13.6
"1629","41067",14.3
"1630","41071",18.3
"1631","72003",22.3
"1632","72143",20.4
"1633","72101",18.6
"1634","72109",25.2
"1635","29017",20.7
"1636","29139",20.4
"1637","29179",23.3
"1638","30019",28.9
"1639","41069",36.3
"1640","42019",20.1
"1641","72151",24.2
"1642","72131",25.5
"1643","72017",21.1
"1644","72137",21.7
"1645","72005",23.6
"1646","31037",13.5
"1647","31155",18.2
"1648","42025",22.1
"1649","42079",19.9
"1650","72133",17.5
"1651","72025",22.1
"1652","72051",19.2
"1653","72093",25.9
"1654","31047",16.4
"1655","31059",23.8
"1656","31123",21.3
"1657","31181",22.5
"1658","42087",21.8
"1659","42053",24
"1660","72063",17.4
"1661","72001",22.1
"1662","38065",25.8
"1663","08103",16.9
"1664","08075",18.6
"1665","31179",16.3
"1666","31073",25.2
"1667","31069",31.9
"1668","45037",19.6
"1669","45039",23.1
"1670","72047",20.2
"1671","72045",20.7
"1672","72029",18.9
"1673","19019",18.3
"1674","19073",24.4
"1675","19077",23.5
"1676","19029",23.2
"1677","19047",18.1
"1678","19117",21.6
"1679","29067",25
"1680","29151",17.8
"1681","29121",21.9
"1682","39099",22
"1683","40001",15.8
"1684","05125",18.2
"1685","05137",27.8
"1686","19091",21.4
"1687","19099",19.4
"1688","19009",25
"1689","19003",24
"1690","19093",22.1
"1691","29061",21.2
"1692","29049",18.4
"1693","29063",18.7
"1694","40041",25.3
"1695","40115",18.1
"1696","41025",25.7
"1697","05051",24.3
"1698","05101",27
"1699","05109",20.5
"1700","06063",29.8
"1701","08001",11
"1702","08047",20.1
"1703","20087",19.4
"1704","20205",22.5
"1705","20111",15.8
"1706","20167",25.8
"1707","20057",11.3
"1708","29071",18.5
"1709","29167",18.1
"1710","29055",20.7
"1711","41041",31.1
"1712","41057",27.4
"1713","08095",18
"1714","08121",21.9
"1715","12019",16.8
"1716","20197",21
"1717","20061",8.7
"1718","20105",24.9
"1719","27011",26.5
"1720","27017",18.2
"1721","41027",17.7
"1722","42117",23
"1723","42123",24.2
"1724","45073",24.2
"1725","12067",20.1
"1726","13057",15.4
"1727","20017",24
"1728","20083",20.9
"1729","21157",22.1
"1730","21211",16.8
"1731","28059",16.9
"1732","28057",17.7
"1733","46101",20
"1734","47131",20.5
"1735","13129",15.4
"1736","13231",16
"1737","21073",18.4
"1738","21199",19.3
"1739","21215",15
"1740","28093",18.6
"1741","29145",18.7
"1742","47067",22.4
"1743","47103",19.6
"1744","48321",17.9
"1745","13011",17.1
"1746","13167",20
"1747","21077",15.5
"1748","21201",18.8
"1749","29133",18.3
"1750","29163",18.8
"1751","48337",21.8
"1752","48077",22.7
"1753","48295",18.9
"1754","13299",17.1
"1755","13085",19.5
"1756","13227",22.4
"1757","21087",22.3
"1758","21045",20.2
"1759","29081",22.3
"1760","29217",20.4
"1761","30041",15.9
"1762","48079",16.8
"1763","48487",18.9
"1764","48117",13.3
"1765","49053",22.1
"1766","13125",18.2
"1767","13273",20.3
"1768","21039",19.9
"1769","22089",14.9
"1770","31135",23.4
"1771","31083",26.9
"1772","31055",13.8
"1773","49021",13.4
"1774","50005",22.5
"1775","50001",22
"1776","13173",14.5
"1777","13169",18.1
"1778","22049",20.6
"1779","23001",18.5
"1780","26067",15.4
"1781","31065",25.5
"1782","31051",21.2
"1783","32007",12.7
"1784","51650",16.1
"1785","51169",25
"1786","13199",20.9
"1787","26025",18.2
"1788","26015",19
"1789","26075",18.6
"1790","27147",18.7
"1791","32013",16.1
"1792","33005",21.6
"1793","34005",17.9
"1794","35003",44.5
"1795","51740",15.2
"1796","51735",19.7
"1797","13177",13.7
"1798","15007",21.8
"1799","27003",15
"1800","27143",19
"1801","27041",23.9
"1802","35025",11.2
"1803","35035",17.2
"1804","36015",19.9
"1805","53063",17
"1806","54061",13.1
"1807","16065",5.3
"1808","17109",19.3
"1809","27059",16.8
"1810","27093",20.8
"1811","27083",17.1
"1812","28081",15.4
"1813","28133",14.8
"1814","36007",19.9
"1815","36055",18.3
"1816","54029",24.1
"1817","55093",16.1
"1818","17021",19.7
"1819","17135",21
"1820","17191",21.9
"1821","28015",24.5
"1822","28125",18.8
"1823","28069",21.4
"1824","37171",20.6
"1825","37045",18.7
"1826","55061",21.5
"1827","55045",19.8
"1828","55091",23.9
"1829","18053",18.9
"1830","18085",17.5
"1831","18045",19.7
"1832","18103",18
"1833","28077",18.1
"1834","28129",20.7
"1835","29083",22.3
"1836","29187",16.9
"1837","38081",22.7
"1838","38023",24.6
"1839","38009",24.8
"1840","56037",14.1
"1841","56015",23.4
"1842","05115",16.1
"1843","18131",20.9
"1844","18095",18.6
"1845","18055",19.9
"1846","18073",18.2
"1847","29089",19.9
"1848","29077",16.9
"1849","29223",24.3
"1850","39001",18.5
"1851","39081",22.1
"1852","05149",17.6
"1853","05059",19.7
"1854","18121",20.2
"1855","18117",20.3
"1856","19031",20.6
"1857","19049",12.5
"1858","18105",14.2
"1859","19001",22.2
"1860","19037",22.1
"1861","20179",23.2
"1862","20051",15.5
"1863","50017",22.8
"1864","50007",16.3
"1865","54059",21.4
"1866","13071",15.4
"1867","13235",23.2
"1868","13243",21
"1869","17063",14.6
"1870","17139",19
"1871","18113",16.5
"1872","18015",20.4
"1873","20139",20.6
"1874","20065",25.9
"1875","20123",22.8
"1876","20145",22.1
"1877","20055",11.5
"1878","20187",13.5
"1879","50021",24
"1880","13091",19.2
"1881","13165",20.8
"1882","18011",14.6
"1883","18149",19.9
"1884","47179",18.6
"1885","20031",22
"1886","20041",20.7
"1887","20193",17.9
"1888","20067",13.2
"1889","20049",28.2
"1890","51035",25.6
"1891","51810",15.4
"1892","31071",27.6
"1893","31009",34
"1894","31007",28.8
"1895","31149",25.6
"1896","32001",19.5
"1897","47017",19.9
"1898","47113",17.6
"1899","47071",23.2
"1900","20159",19.6
"1901","20025",23.8
"1902","20141",26.3
"1903","21227",13.2
"1904","51590",20.9
"1905","51115",32.3
"1906","32510",20.8
"1907","32029",39
"1908","35061",18.5
"1909","47043",16.6
"1910","21149",19.8
"1911","21001",19.6
"1912","51800",15
"1913","51025",21.9
"1914","35057",22.1
"1915","35047",24.4
"1916","35005",16.2
"1917","47007",20.3
"1918","47153",21.1
"1919","21137",18.9
"1920","21021",18.7
"1921","51043",21.8
"1922","53013",29.7
"1923","35028",18.2
"1924","36001",17.8
"1925","54009",24.5
"1926","54089",26.8
"1927","21129",19.1
"1928","21233",17.8
"1929","54055",22.6
"1930","54077",20
"1931","37001",16.9
"1932","37063",14
"1933","54035",21
"1934","55127",19.2
"1935","21171",18.4
"1936","21091",18
"1937","54069",22.3
"1938","05053",18.1
"1939","37035",18.4
"1940","37109",19
"1941","55089",21
"1942","55009",15.9
"1943","46135",20.5
"1944","46053",25.8
"1945","05083",20.2
"1946","05129",25.7
"1947","06005",27.2
"1948","08089",21
"1949","38015",17.4
"1950","55083",22
"1951","55071",21.7
"1952","46121",7.8
"1953","46039",21.9
"1954","46011",13.3
"1955","08101",19.4
"1956","08003",14.8
"1957","08011",18.8
"1958","38057",21.9
"1959","38091",28.8
"1960","38083",31.7
"1961","55065",19.8
"1962","55125",31.2
"1963","55109",15.3
"1964","46081",24.1
"1965","46031",12.9
"1966","08014",15.1
"1967","12049",16.3
"1968","12077",13.8
"1969","13161",15.6
"1970","13197",21.3
"1971","56045",21.4
"1972","05047",20.3
"1973","05123",17.6
"1974","47181",19.3
"1975","13175",18.1
"1976","13081",19.4
"1977","13003",13.6
"1978","01007",17
"1979","38011",23.8
"1980","27117",20.6
"1981","29091",19.9
"1982","47115",20.5
"1983","47095",15.8
"1984","13247",15.4
"1985","13015",14.5
"1986","17169",25.2
"1987","16047",18.2
"1988","29209",31.3
"1989","31061",27.9
"1990","17015",24
"1991","47125",9.8
"1992","47161",21
"1993","13097",12
"1994","13321",20.1
"1995","16037",36.1
"1996","17005",18.3
"1997","17187",19.6
"1998","17145",19.8
"1999","17065",22.2
"2000","20015",15.9
"2001","18047",19.7
"2002","19173",22.6
"2003","19109",25
"2004","48489",14.6
"2005","48479",10
"2006","48201",11.4
"2007","48165",9.4
"2008","48369",15
"2009","13063",10.3
"2010","13211",20.3
"2011","17159",20.5
"2012","17079",20.5
"2013","17049",18.3
"2014","20125",19.9
"2015","20039",29.3
"2016","20089",30.6
"2017","18059",17.2
"2018","48147",17.8
"2019","48111",9.6
"2020","50019",23.3
"2021","13005",16.8
"2022","13187",18.2
"2023","18099",18.3
"2024","19133",23.8
"2025","19051",17.8
"2026","19065",22.1
"2027","19015",19.6
"2028","19183",19.8
"2029","19113",16.9
"2030","19039",19.7
"2031","41063",29
"2032","41059",16.2
"2033","33003",30.1
"2034","33019",23.1
"2035","35009",12.8
"2036","19097",21.7
"2037","26073",13.7
"2038","19059",27.6
"2039","19095",19.5
"2040","19135",19.8
"2041","19197",22.1
"2042","20095",19.7
"2043","20113",19.7
"2044","20151",21.6
"2045","41029",22.9
"2046","02230",17.8
"2047","42039",22.1
"2048","35015",14.6
"2049","36101",20.3
"2050","17067",23.9
"2051","16021",23.6
"2052","26125",17.9
"2053","26047",24.2
"2054","17179",19.5
"2055","20045",13.3
"2056","20101",23.6
"2057","20003",20.7
"2058","20073",26
"2059","42015",22.1
"2060","44001",20.5
"2061","45033",17.3
"2062","25027",16.6
"2063","26097",29
"2064","16081",13.5
"2065","16057",14.5
"2066","26035",24.7
"2067","19167",15.9
"2068","27033",22.6
"2069","39143",19.9
"2070","22023",17.7
"2071","26083",36
"2072","26159",19.4
"2073","26149",18.5
"2074","16017",26.1
"2075","17085",29.1
"2076","19103",12.9
"2077","27001",33.9
"2078","20007",23.2
"2079","20121",17.5
"2080","22027",21.3
"2081","22019",15.6
"2082","24021",15
"2083","26153",28.2
"2084","26009",28.3
"2085","17167",18.9
"2086","16009",23.5
"2087","40109",14.2
"2088","40017",13.5
"2089","25009",18
"2090","25019",15.5
"2091","36073",19
"2092","36079",18.7
"2093","27063",23
"2094","27169",18.2
"2095","27155",25.3
"2096","17133",18.8
"2097","17059",25.7
"2098","40015",15.6
"2099","01011",17.9
"2100","20147",24.6
"2101","36081",17.2
"2102","36033",18.9
"2103","36083",17.9
"2104","27099",18.4
"2105","28047",16.1
"2106","17181",22.1
"2107","17193",23.2
"2108","20201",23.5
"2109","20019",23.9
"2110","20119",16.7
"2111","20077",22.1
"2112","20199",25.7
"2113","36021",25.4
"2114","36107",21.2
"2115","28045",21.9
"2116","28153",17.7
"2117","28039",15.2
"2118","17101",18.2
"2119","17131",21.5
"2120","17177",23.9
"2121","36057",19
"2122","01027",20.5
"2123","21145",20.1
"2124","37179",13.2
"2125","29119",15.8
"2126","29213",22.3
"2127","29011",20.8
"2128","17203",18.8
"2129","20107",22.3
"2130","29051",17.5
"2131","36099",20.8
"2132","21117",15.4
"2133","37011",23
"2134","37073",22
"2135","29021",17.1
"2136","29165",15.7
"2137","17113",14.2
"2138","17115",20.6
"2139","36109",16
"2140","21037",17.1
"2141","37185",26.9
"2142","38051",31
"2143","39135",19.8
"2144","29147",17.3
"2145","29111",18.9
"2146","29097",15.8
"2147","20091",15.5
"2148","21041",16.2
"2149","48085",11.4
"2150","39015",18.8
"2151","39105",20.7
"2152","29009",21.9
"2153","29173",22.8
"2154","29129",21.7
"2155","34017",12.4
"2156","18171",20.9
"2157","55101",17.7
"2158","18181",20.6
"2159","18017",18.1
"2160","18081",15.4
"2161","39111",23.4
"2162","39029",21.4
"2163","30067",24.2
"2164","30091",22.8
"2165","31105",27.2
"2166","31029",23.9
"2167","17019",13.6
"2168","20173",15.5
"2169","18039",15.2
"2170","18067",19.6
"2171","18013",26.3
"2172","18109",17.7
"2173","18003",15.3
"2174","18169",21.3
"2175","39093",19.4
"2176","39155",22
"2177","40003",20
"2178","31169",25
"2179","31157",20.4
"2180","31027",21.9
"2181","18115",22.9
"2182","18177",19.2
"2183","18135",20.3
"2184","18137",18.5
"2185","18023",16.3
"2186","18133",17.3
"2187","40139",12.1
"2188","40147",20
"2189","40085",18.2
"2190","02105",27.4
"2191","31015",33.8
"2192","31025",18.3
"2193","26081",14.5
"2194","17073",21.2
"2195","19185",22.4
"2196","18025",20.7
"2197","18119",21
"2198","19033",23
"2199","02150",12.6
"2200","40129",22
"2201","31165",23.9
"2202","31131",20.4
"2203","32023",31
"2204","26155",19.5
"2205","19053",20.9
"2206","19057",21.1
"2207","55137",25.5
"2208","56009",18
"2209","56027",29.6
"2210","05135",25.5
"2211","21023",17.6
"2212","25007",26
"2213","25003",24.6
"2214","17137",20.9
"2215","05035",14.8
"2216","39007",19.9
"2217","02068",13.6
"2218","41049",16.2
"2219","05055",16.2
"2220","08085",25.3
"2221","26023",19
"2222","34037",18.4
"2223","36023",16.7
"2224","05089",29.1
"2225","42105",25.3
"2226","42085",22.7
"2227","48431",13.2
"2228","51770",17.5
"2229","09001",15.8
"2230","12011",17.6
"2231","12127",25.1
"2232","36097",22.5
"2233","36041",32.8
"2234","37195",19
"2235","27025",16.6
"2236","27091",24
"2237","26001",36.2
"2238","51011",20.7
"2239","51173",22.7
"2240","13145",18.8
"2241","13143",15.8
"2242","13083",20.4
"2243","37003",20.6
"2244","37189",16.7
"2245","28075",18.2
"2246","28003",18.8
"2247","28011",16.7
"2248","51750",9.4
"2249","51630",11.2
"2250","51157",26.6
"2251","51670",15
"2252","51640",19.9
"2253","13275",18.6
"2254","13259",15.8
"2255","38063",27.9
"2256","38047",27.8
"2257","39023",20
"2258","39041",14.7
"2259","28095",19.9
"2260","46017",9.3
"2261","55053",19.9
"2262","55015",16.5
"2263","55005",23.1
"2264","55067",25.1
"2265","13065",16.7
"2266","17151",26
"2267","17023",19.7
"2268","39109",19.1
"2269","39159",12.9
"2270","39019",21.9
"2271","47075",20.2
"2272","47023",17.7
"2273","26091",19.9
"2274","26151",22.6
"2275","17195",21.4
"2276","18019",16.5
"2277","40083",16.9
"2278","40091",25.2
"2279","47101",20.5
"2280","47133",20.2
"2281","26031",28.4
"2282","26069",30.4
"2283","18153",18.5
"2284","18077",18.8
"2285","18127",17.7
"2286","40107",18.3
"2287","40043",19
"2288","48209",11.9
"2289","48121",11.2
"2290","48303",13.1
"2291","48399",20.9
"2292","27157",22.8
"2293","28005",25.4
"2294","18075",18.1
"2295","18163",17.8
"2296","18155",18.5
"2297","41053",18.8
"2298","42077",17.3
"2299","48259",19.9
"2300","48325",17.3
"2301","48249",15.8
"2302","48193",25
"2303","28027",16.1
"2304","28147",20.3
"2305","29153",29
"2306","26139",16.2
"2307","26093",19
"2308","17095",22.1
"2309","42069",20.3
"2310","42093",21.4
"2311","46087",18.4
"2312","48293",20.7
"2313","48191",24.6
"2314","48305",15.8
"2315","48107",19.1
"2316","48137",22.6
"2317","31129",28.3
"2318","31153",12.5
"2319","31049",26.4
"2320","26101",27.4
"2321","19131",21.4
"2322","26161",15.3
"2323","19129",19.9
"2324","46067",21.7
"2325","46033",32.5
"2326","06075",17.2
"2327","08017",19.9
"2328","01037",24.8
"2329","22009",17.3
"2330","31177",18.9
"2331","34029",22.4
"2332","17011",22.7
"2333","20191",19.1
"2334","72103",19.7
"2335","72077",17.8
"2336","72054",20.9
"2337","01133",21.9
"2338","24510",14.9
"2339","48027",11.6
"2340","48021",15.3
"2341","48441",14.8
"2342","38039",28.8
"2343","39149",17.6
"2344","27071",27.6
"2345","20181",20.5
"2346","21083",18.3
"2347","72049",18.3
"2348","30079",33.9
"2349","12061",34.2
"2350","37041",27.3
"2351","39075",14.2
"2352","26095",23.1
"2353","27067",20
"2354","27121",25.1
"2355","28099",16.7
"2356","01045",18
"2357","40071",19.2
"2358","12091",16.4
"2359","13099",19.3
"2360","37143",28.4
"2361","38033",25.3
"2362","38013",21.2
"2363","28009",21.3
"2364","29085",32.4
"2365","29065",21.8
"2366","31111",20.5
"2367","31081",20.5
"2368","46105",26.1
"2369","21019",20.2
"2370","46043",23.4
"2371","23005",19.8
"2372","13101",12.6
"2373","13239",33.4
"2374","39087",18.8
"2375","39053",19.4
"2376","39039",19.5
"2377","38095",24.9
"2378","56023",18.6
"2379","55131",19.2
"2380","55077",25.9
"2381","48291",11.9
"2382","37025",13.4
"2383","13111",30.4
"2384","13115",16.7
"2385","02198",20.3
"2386","40025",25.1
"2387","41037",24.8
"2388","02016",6.4
"2389","42083",20.5
"2390","54105",22.2
"2391","55097",17.8
"2392","55047",22.9
"2393","40123",17
"2394","40097",18.7
"2395","27161",18.5
"2396","27101",26
"2397","27039",15.3
"2398","27113",18.8
"2399","28085",17.3
"2400","42115",24.7
"2401","46009",21.3
"2402","47109",21.1
"2403","47027",25
"2404","55107",25.4
"2405","55021",19.1
"2406","40149",19.1
"2407","40131",16.9
"2408","40127",22.6
"2409","28079",18
"2410","28105",11.9
"2411","28067",17.4
"2412","28135",17.1
"2413","05119",16.3
"2414","55103",24.4
"2415","55135",20.9
"2416","55087",16.1
"2417","40153",16.2
"2418","40069",18.5
"2419","42075",20.1
"2420","28115",15.2
"2421","28123",15.9
"2422","28159",21.1
"2423","28043",18.5
"2424","48197",21.8
"2425","48483",20.6
"2426","48017",17.4
"2427","47175",24
"2428","48439",12
"2429","42021",23.5
"2430","42081",20.2
"2431","28019",22.9
"2432","29101",12.9
"2433","29203",22.6
"2434","48485",15.1
"2435","49027",17.1
"2436","51099",13.9
"2437","48307",23.6
"2438","48177",19.5
"2439","48221",25.4
"2440","42065",21.7
"2441","42009",23.5
"2442","29073",22.9
"2443","29109",18.1
"2444","29079",21.7
"2445","29215",20.9
"2446","51089",24.4
"2447","48501",11.5
"2448","48227",13.1
"2449","48099",11
"2450","48451",16.5
"2451","48149",26.3
"2452","48447",24.5
"2453","48009",21
"2454","42109",20
"2455","42131",22.4
"2456","29175",17.1
"2457","29117",19.9
"2458","29125",22.2
"2459","29205",21.7
"2460","51077",25.7
"2461","53059",23.4
"2462","48013",15
"2463","48143",14.5
"2464","48375",13.9
"2465","48341",11.2
"2466","48233",17.4
"2467","48319",30.6
"2468","45011",18.9
"2469","29057",24.5
"2470","29185",25.8
"2471","29199",19
"2472","30107",28.9
"2473","53003",24.6
"2474","53023",29.6
"2475","48019",29.4
"2476","48279",16.9
"2477","48175",24.4
"2478","48023",26.4
"2479","48317",10.7
"2480","45081",20.1
"2481","45023",18.9
"2482","30017",20.4
"2483","30033",27.6
"2484","30011",30.1
"2485","30109",23.7
"2486","54053",22.2
"2487","55079",14.4
"2488","48275",18.6
"2489","48425",19.6
"2490","48163",12.3
"2491","48313",15.2
"2492","48411",22.5
"2493","48263",33.3
"2494","46107",27.9
"2495","46037",26.3
"2496","46035",20.3
"2497","46077",23
"2498","46057",14.2
"2499","31089",22.5
"2500","31079",15.4
"2501","31119",17
"2502","55063",17.4
"2503","55123",20.7
"2504","48075",16.6
"2505","48433",25.6
"2506","38089",13.5
"2507","38093",20.1
"2508","38043",26.9
"2509","46007",15.3
"2510","46019",19.7
"2511","31019",16
"2512","31159",17.8
"2513","31001",18.5
"2514","05111",18.4
"2515","05141",26.7
"2516","05079",15
"2517","48109",26.7
"2518","48413",21.4
"2519","38045",26.9
"2520","39011",19.2
"2521","39045",16.4
"2522","46102",7.1
"2523","47039",23.7
"2524","21237",19.5
"2525","21153",18.5
"2526","31101",27.6
"2527","31003",24
"2528","31141",17.8
"2529","48011",26
"2530","48095",19.9
"2531","49001",14.7
"2532","51121",13.7
"2533","39151",20.1
"2534","39071",18.6
"2535","39063",18.3
"2536","21223",18.3
"2537","21103",18
"2538","22045",16.1
"2539","22073",15.5
"2540","31143",23.1
"2541","31173",12.5
"2542","31085",25.9
"2543","51683",10.3
"2544","51049",23.3
"2545","51540",13.1
"2546","39069",19.5
"2547","39083",18.7
"2548","39101",18.4
"2549","39117",18.7
"2550","39055",21.7
"2551","22121",14.4
"2552","23011",20.8
"2553","35006",17.5
"2554","35041",14.7
"2555","35059",22.6
"2556","51036",26.2
"2557","51045",19.2
"2558","51595",18.4
"2559","51600",14.3
"2560","51678",16.4
"2561","39097",16.1
"2562","39005",20
"2563","39031",19.7
"2564","39047",17.9
"2565","26123",20.2
"2566","26107",20.2
"2567","26057",17.5
"2568","26037",18.2
"2569","36117",20.2
"2570","36089",18.4
"2571","51580",19.4
"2572","51720",20.6
"2573","54049",19.8
"2574","40103",21.6
"2575","40055",17.4
"2576","26133",21.8
"2577","26039",26.6
"2578","27037",15.4
"2579","37181",18.8
"2580","37157",20.8
"2581","38001",28.1
"2582","38075",20
"2583","54101",24.4
"2584","54079",19.3
"2585","40051",16.7
"2586","27111",24.8
"2587","27109",16.3
"2588","27085",19.7
"2589","27095",18.4
"2590","39025",17.9
"2591","39037",20.2
"2592","40053",22.6
"2593","19025",23.3
"2594","47111",15.3
"2595","48421",16.4
"2596","06031",10.6
"2597","27153",22.2
"2598","27009",13.9
"2599","46047",30.9
"2600","36085",16.8
"2601","01123",22.7
"2602","18021",18.5
"2603","46061",15.9
"2604","46045",22.4
"2605","21057",22.2
"2606","26111",19.8
"2607","12051",13.6
"2608","13297",16
"2609","13263",26.9
"2610","13277",15.5
"2611","48365",20.4
"2612","47047",22.4
"2613","37005",29.7
"2614","38021",19.6
"2615","27123",15.4
"2616","27079",18.4
"2617","16019",13.7
"2618","16051",11.5
"2619","17051",19.2
"2620","51071",22
"2621","51710",12.6
"2622","29105",18
"2623","50013",22.6
"2624","28073",14.7
"2625","05065",25
"2626","08025",14
"2627","17147",20.5
"2628","17103",20.7
"2629","17171",20.6
"2630","55105",17.3
"2631","56021",16.9
"2632","42119",19.5
"2633","53001",11.8
"2634","55139",17.1
"2635","55019",17
"2636","13159",17.5
"2637","17165",20.9
"2638","18031",17.7
"2639","19011",19.3
"2640","17009",16.2
"2641","18097",12.9
"2642","42047",23.4
"2643","26085",26.6
"2644","28017",18.4
"2645","29131",19.5
"2646","01017",20
"2647","17007",16.4
"2648","18091",18.9
"2649","29115",21.2
"2650","29103",21
"2651","31023",20.4
"2652","31163",27.5
"2653","37105",16.9
"2654","29135",16.4
"2655","30065",28.8
"2656","31125",21
"2657","19191",22.6
"2658","20103",15.5
"2659","05087",19.3
"2660","08119",24.2
"2661","13223",11.4
"2662","37107",21.1
"2663","35053",20.2
"2664","36093",17.6
"2665","37135",15.7
"2666","36087",15.6
"2667","01057",21.6
"2668","26019",27.8
"2669","13193",18.3
"2670","16001",15.7
"2671","37061",19.7
"2672","38073",21.6
"2673","38027",26.8
"2674","38029",28.8
"2675","40021",17.5
"2676","27049",20.1
"2677","29181",20.2
"2678","31031",22
"2679","17055",20.8
"2680","32027",16.6
"2681","35027",30.5
"2682","47015",17.4
"2683","48265",28.6
"2684","48251",14
"2685","48035",25.3
"2686","42107",20.8
"2687","46029",19
"2688","47083",20
"2689","48081",27.5
"2690","34039",14.8
"2691","39085",21.1
"2692","37037",24.9
"2693","38025",18.6
"2694","48217",20.3
"2695","48363",20
"2696","48335",14.7
"2697","48189",14
"2698","48159",22.1
"2699","48101",26
"2700","53043",25.8
"2701","55081",17.6
"2702","02164",10
"2703","40059",20.4
"2704","47069",18.6
"2705","53039",24.9
"2706","48171",29.7
"2707","48093",23.7
"2708","48049",20.6
"2709","48267",31.4
"2710","48429",19.7
"2711","48235",21.7
"2712","48065",21.9
"2713","48129",26.9
"2714","39103",19.2
"2715","39091",19
"2716","39175",20.3
"2717","69120",NA
"2718","72067",29.8
"2719","39107",18.6
"2720","40009",14.6
"2721","42007",22.2
"2722","27081",24.2
"2723","39129",16.1
"2724","39121",27.3
"2725","40039",14.3
"2726","39057",18.2
"2727","39127",17.9
"2728","40121",19.9
"2729","72123",21.8
"2730","72087",21.7
"2731","28023",21.7
"2732","29149",22.8
"2733","29005",25.2
"2734","31095",24.7
"2735","56025",16.4
"2736","69085",NA
"2737","72059",23
"2738","18101",20.5
"2739","40119",13.1
"2740","40011",19.6
"2741","40005",18.8
"2742","46115",23.9
"2743","72057",20.3
"2744","12085",31.8
"2745","32005",31.6
"2746","17089",15
"2747","21207",20.6
"2748","27151",23.5
"2749","29229",19.8
"2750","31151",15.5
"2751","46059",24.7
"2752","46025",23.4
"2753","46097",25.2
"2754","46021",28.4
"2755","13053",3.3
"2756","17033",19.5
"2757","18141",16.5
"2758","17107",19.1
"2759","29059",20.8
"2760","31063",25.4
"2761","51775",19.5
"2762","18087",14.2
"2763","22003",14.4
"2764","23019",19.8
"2765","26045",19.6
"2766","05033",17.5
"2767","19193",15.5
"2768","01125",13.7
"2769","31145",21
"2770","31033",21.4
"2771","26059",20.8
"2772","19157",21
"2773","26087",19.5
"2774","26077",15.8
"2775","26165",20.2
"2776","27005",22.2
"2777","08021",20.4
"2778","29155",17.8
"2779","36019",18.3
"2780","48181",17.9
"2781","51700",13.7
"2782","16011",14.8
"2783","17087",20.4
"2784","17123",23.6
"2785","35019",20.6
"2786","36123",21.9
"2787","28097",22.4
"2788","37077",17.3
"2789","40151",17.4
"2790","51550",14.1
"2791","51510",12.6
"2792","53051",27
"2793","56041",16.6
"2794","17141",19.3
"2795","18063",14.7
"2796","18159",21.7
"2797","18049",20.1
"2798","28127",18.7
"2799","28117",17.4
"2800","28107",17.1
"2801","42073",23
"2802","29186",20.8
"2803","29510",14.9
"2804","55031",20.1
"2805","05071",16.8
"2806","18033",17
"2807","19151",23.4
"2808","19169",13
"2809","19013",17.5
"2810","19123",19
"2811","28037",21.1
"2812","28063",19.3
"2813","31087",26.1
"2814","31107",25.4
"2815","31043",13
"2816","55049",19.9
"2817","72099",20
"2818","19181",16.5
"2819","19087",19.4
"2820","19027",21
"2821","19121",18.1
"2822","19035",24.6
"2823","29141",23.6
"2824","30021",20.7
"2825","30025",20.2
"2826","31127",20.6
"2827","33011",16.7
"2828","72119",22
"2829","72107",19.3
"2830","20155",20.3
"2831","20109",21.1
"2832","20133",20.4
"2833","20079",20.9
"2834","20001",20.8
"2835","31053",19
"2836","31021",24.5
"2837","17183",20.1
"2838","17091",17.5
"2839","20021",19.7
"2840","72075",20.1
"2841","72069",25
"2842","20153",27.6
"2843","21009",17.9
"2844","31041",22.3
"2845","31045",19.4
"2846","31183",32.2
"2847","31117",21.6
"2848","20037",15.6
"2849","18165",20
"2850","20029",21
"2851","72061",24.9
"2852","72145",22.5
"2853","21143",25.3
"2854","21173",17
"2855","51021",24.5
"2856","51197",22
"2857","31067",21.9
"2858","17121",19.8
"2859","19071",23.6
"2860","72021",23.8
"2861","72083",22.9
"2862","21105",25.8
"2863","22007",20.1
"2864","51079",18.7
"2865","19155",18.4
"2866","19043",24.3
"2867","72105",22.3
"2868","72053",23.3
"2869","22061",14
"2870","22093",19
"2871","26143",33.8
"2872","27029",20.9
"2873","51760",13.6
"2874","51135",18.5
"2875","17037",13.6
"2876","27105",17.3
"2877","17199",19.6
"2878","17053",19.3
"2879","72081",22.9
"2880","72033",23.3
"2881","72117",27.1
"2882","27057",26.1
"2883","27141",12
"2884","51570",18.3
"2885","55027",18.5
"2886","55017",19.1
"2887","21053",20.2
"2888","01127",19.6
"2889","72073",19.4
"2890","08051",14.5
"2891","08039",18.1
"2892","27007",17
"2893","28145",16.5
"2894","28035",13.6
"2895","28031",17.6
"2896","55041",25
"2897","55033",16.4
"2898","40033",19
"2899","36027",18.6
"2900","13069",14.6
"2901","28061",21.3
"2902","29047",14.9
"2903","29225",15.7
"2904","29075",18.7
"2905","01081",12.9
"2906","08045",14.2
"2907","09015",19
"2908","48493",16.7
"2909","55115",21.8
"2910","18157",12
"2911","19171",20.4
"2912","13035",15.5
"2913","13117",12.5
"2914","29043",16.3
"2915","29003",20.6
"2916","12063",20.9
"2917","17077",16.3
"2918","19023",22.8
"2919","19067",22.7
"2920","19105",21.1
"2921","20085",19.6
"2922","20081",15.8
"2923","20195",26.5
"2924","13255",18.8
"2925","13043",18.3
"2926","29219",17.9
"2927","29053",19.1
"2928","29093",22.4
"2929","17001",20.1
"2930","30111",17.8
"2931","20033",28.9
"2932","21113",15.9
"2933","21191",17
"2934","13155",17.4
"2935","13287",19.3
"2936","30095",25
"2937","30103",22.6
"2938","30101",17.4
"2939","19005",22.7
"2940","21213",16
"2941","55025",14.7
"2942","21221",22.5
"2943","47139",20.7
"2944","47137",27.9
"2945","13109",17.2
"2946","13007",26.1
"2947","15005",25.6
"2948","31035",20.6
"2949","31167",20.2
"2950","31017",27.2
"2951","32021",27
"2952","39017",15.5
"2953","27055",23.2
"2954","16063",15.5
"2955","19075",20.8
"2956","19141",21.1
"2957","20135",24.6
"2958","28111",19
"2959","29137",24.7
"2960","29107",18.9
"2961","31039",21.3
"2962","20023",25.5
"2963","29001",15.2
"2964","31137",20.6
"2965","36035",20.4
"2966","47099",17.7
"2967","31147",24.4
"2968","17069",31.8
"2969","39033",20.8
"2970","40081",19.1
"2971","46129",23.2
"2972","48253",15.9
"2973","48417",20.2
"2974","42037",20.2
"2975","46015",20.3
"2976","27019",13.8
"2977","28091",18.8
"2978","28025",19.4
"2979","29035",20.1
"2980","31013",20.2
"2981","19007",23.4
"2982","21075",20.9
"2983","20169",18.5
"2984","51520",23.1
"2985","40007",19.4
"2986","50011",17.3
"2987","54051",23.2
"2988","55013",31.3
"2989","16053",13.3
"2990","51820",17.7
"2991","55069",23
"2992","01029",20.4
"2993","16045",22.7
"2994","37067",16.6
"2995","06035",16
"2996","12109",20.9
"2997","48385",35.9
"2998","40073",17
"2999","26113",21.4
"3000","35031",13.2
"3001","40037",18.3
"3002","37069",17.1
"3003","39141",17.5
"3004","46051",23.1
"3005","27045",21.8
"3006","29127",18.7
"3007","46003",20.9
"3008","18111",20
"3009","26005",17.8
"3010","47073",21.6
"3011","51081",16.2
"3012","08097",21.6
"3013","37097",16.4
"3014","42013",21.1
"3015","20189",17.1
"3016","20071",18.6
"3017","56011",22.3
"3018","18079",16.9
"3019","40093",21.1
"3020","72079",26.6
"3021","13257",20.5
"3022","23009",26
"3023","48255",14.9
"3024","26065",14.6
"3025","40031",13.4
"3026","18005",16.5
"3027","47171",23.1
"3028","53077",14.3
"3029","72121",24.9
"3030","08041",13.7
"3031","42121",24.2
"3032","46027",12.2
"3033","39137",18.3
"3034","08073",17.8
"3035","19137",22.8
"3036","20047",22.3
"3037","26129",27.1
"3038","35023",22.4
"3039","19115",19.8
"3040","13293",18.4
"3041","28071",13.3
"3042","29211",20.5
"3043","31139",19.6
"3044","31109",14.9
"3045","31175",24.7
"3046","37187",27.4
"3047","21015",14.5
"3048","31133",28.4
"3049","39009",14.7
"3050","72065",22.8
"3051","72149",20.6
"3052","72091",24.3
"3053","17083",20.1
"3054","17081",19.7
"3055","17041",18.5
"3056","41009",19.6
"3057","53069",32.3
"3058","50023",21
"3059","51610",14.7
"3060","41011",27.4
"3061","46109",20.6
"3062","72027",22.4
"3063","12035",31.1
"3064","13147",22.5
"3065","20183",28.8
"3066","18037",18.1
"3067","19127",18.5
"3068","20127",26.1
"3069","20185",21.8
"3070","55073",18.6
"3071","01067",23.3
"3072","17173",23.5
"3073","48505",13.5
"3074","50025",24.7
"3075","08105",22.1
"3076","05143",12.1
"3077","08061",21.7
"3078","35001",17.8
"3079","46013",17.6
"3080","47011",17.1
"3081","16075",19.3
"3082","29177",18.8
"3083","01031",17.1
"3084","22109",15.4
"3085","19153",13.7
"3086","48357",11.4
"3087","39113",18.3
"3088","37071",16.3
"3089","38079",13
"3090","48097",18.6
"3091","08087",15.8
"3092","12043",26.6
"3093","47129",18.9
"3094","48115",13.5
"3095","39145",18.5
"3096","29045",21
"3097","38019",27.3
"3098","49009",18.1
"3099","51013",11.6
"3100","39051",18.9
"3101","40045",23.4
"3102","02063",13.1
"3103","13095",17
"3104","13059",12.1
"3105","42001",21.3
"3106","27115",21.8
"3107","55117",19.1
"3108","13017",17.8
"3109","02060",13.8
"3110","26131",37.8
"3111","13037",16.8
"3112","33001",23.4
"3113","48381",15.7
"3114","48207",23
"3115","48281",20.5
"3116","48271",26.4
"3117","49039",14.4
"3118","13225",16.4
"3119","17061",20.4
"3120","19079",21.3
"3121","27135",18.5
"3122","28141",20.9
"3123","29227",25.6
"3124","31057",24.7
"3125","39157",19.9
"3126","39125",19
"3127","40061",20.3
"3128","54091",20.9
"3129","60030",NA
"3130","72135",16.6
"3131","72089",23.8
"3132","19179",18
"3133","20115",23.4
"3134","20163",23.4
"3135","21169",18.9
"3136","18173",18.5
"3137","17143",17.9
"3138","19187",19.7
"3139","20207",26.6
"3140","20053",23.7
"3141","21035",16.8
"3142","13093",22
"3143","16067",15.7
"3144","20063",23.5
"3145","22095",14.9
"3146","27165",20.2
"3147","28065",23.9
"3148","29025",20
"3149","19061",18.8
"3150","20157",26.4
"3151","21219",16.9
"3152","47051",20.5
"3153","48359",12.2
"3154","50003",23.8
"3155","29221",17.4
"3156","31121",21.2
"3157","31099",20.1
"3158","31097",18.4
"3159","31011",23.5
"3160","36121",19.8
"3161","21047",12.6
"3162","18093",20
"3163","18179",18.4
"3164","19041",21.9
"3165","55059",15.3
"3166","55095",21.9
"3167","55129",27.6
"3168","17111",15.9
"3169","20035",18.8
"3170","18009",22.1
"3171","39079",17.8
"3172","42057",22.2
"3173","45001",22.6
"3174","20143",20.6
"3175","20027",24.6
"3176","21081",14
"3177","53021",10.1
"3178","55085",27.5
"3179","05043",17.9
"3180","08079",29.7
"3181","17029",18.1
"3182","47089",20.3
"3183","20177",19
"3184","56001",13.1
"3185","13207",18.8
"3186","46119",23.8
"3187","48113",11.5
"3188","48083",26.2
"3189","72129",21.4
"3190","72011",22.7
"3191","47177",18
"3192","47169",12.6
"3193","48367",15.8
"3194","22069",16.8
"3195","27131",16.4
"3196","01053",18.8
"3197","48299",36.9
"3198","48047",18.2
"3199","72085",20.9
"3200","04011",14
"3201","48397",12.5
"3202","48059",20.8
"3203","48145",19.4
"3204","38041",26.2
"3205","04023",18.9
"3206","13055",18.3
"3207","17075",22.2
"3208","20009",20.6
"3209","49031",28.4
"3210","55039",19.3
"3211","05049",25.9
"3212","35013",16.8
"3213","37033",22.5
"3214","39169",18.6
"3215","39133",17.8
"3216","40047",16.6
"3217","06029",11.6
"3218","18143",17
"3219","56017",26.6
"3220","72019",18.6
"3221","40105",19.9
"3222","44003",19.9
"3223","28041",14.5
"3224","42011",17.7
"3225","46005",18.3
"3226","27159",20.1
"3227","01079",18.8
"3228","48231",15.6
"3229","72013",23.4
"3230","72095",25.6
"3231","31161",27.2
"3232","17119",18
"3233","28155",18.7
"3234","29161",16.8
"3235","29007",18.6
