"","GEOID","incidence"
"1","13031",0.11
"2","13121",0.23
"3","13179",NA
"4","13189",0.18
"5","13213",NA
"6","13209",NA
"7","13139",0.04
"8","13245",0.3
"9","13049",NA
"10","13141",NA
"11","13157",NA
"12","13315",NA
"13","13241",NA
"14","13269",0.47
"15","13177",0.56
"16","13279",0.29
"17","13007",NA
"18","34015",0.14
"19","34023",0.11
"20","34035",0.1
"21","34031",0.09
"22","34021",0.14
"23","34009",0.25
"24","35031",0.33
"25","35013",1.06
"26","28059",0.4
"27","02170",NA
"28","35033",0.85
"29","53067",0.02
"30","51147",0.17
"31","01009",NA
"32","01095",0.04
"33","51029",NA
"34","51139",NA
"35","53017",NA
"36","51153",0.07
"37","51171",0.09
"38","01043",0.05
"39","51061",NA
"40","53021",0.09
"41","53019",NA
"42","53029",NA
"43","53075",0.17
"44","33017",NA
"45","31093",4.45
"46","31115",NA
"47","51001",0.12
"48","21101",NA
"49","21093",0.04
"50","51119",NA
"51","22075",NA
"52","22107",NA
"53","51193",0.23
"54","22119",1.17
"55","23027",NA
"56","51091",NA
"57","21013",0.14
"58","21131",NA
"59","51083",NA
"60","23023",NA
"61","21235",NA
"62","24041",0.11
"63","24033",0.17
"64","24035",0.25
"65","24023",NA
"66","51165",0.52
"67","37083",NA
"68","37179",0.02
"69","37129",0.11
"70","37163",NA
"71","37031",0.06
"72","37183",0.04
"73","37119",0.09
"74","37087",0.07
"75","37141",NA
"76","37021",0.03
"77","37047",0.07
"78","37039",NA
"79","37171",NA
"80","37093",NA
"81","37105",0.07
"82","37173",NA
"83","37015",NA
"84","37175",NA
"85","18083",0.11
"86","18183",0.36
"87","18089",0.59
"88","18051",0.6
"89","18071",0.28
"90","18061",NA
"91","21071",0.1
"92","20123",1.27
"93","21043",NA
"94","21085",NA
"95","21011",NA
"96","21099",0.22
"97","20149",0.54
"98","21189",NA
"99","21003",NA
"100","21109",NA
"101","21205",NA
"102","21147",0.22
"103","21031",NA
"104","20203",1.8
"105","17031",0.88
"106","17027",0.84
"107","17079",0.83
"108","17171",NA
"109","17185",0.68
"110","17047",NA
"111","39043",0.21
"112","06001",0.02
"113","06081",0.03
"114","06065",0.67
"115","06095",0.23
"116","06103",1.65
"117","06111",0.12
"118","06083",0.05
"119","36081",0.3
"120","06093",0.09
"121","06115",1.87
"122","06033",0.56
"123","06061",0.66
"124","06005",0.43
"125","06043",NA
"126","08029",7.74
"127","12119",0.12
"128","12069",0.01
"129","08069",2.23
"130","09009",0.13
"131","09007",0.14
"132","12079",0.42
"133","12127",0.08
"134","12099",0.03
"135","12113",0.28
"136","12125",0.26
"137","12093",NA
"138","08083",1.88
"139","42033",0.2
"140","42125",0.02
"141","42031",NA
"142","42097",0.34
"143","42061",0.09
"144","55099",0.29
"145","55121",0.41
"146","55075",0.19
"147","55001",0.2
"148","30051",NA
"149","30005",6.58
"150","30077",NA
"151","30057",NA
"152","30003",3.08
"153","30073",1.3
"154","30045",NA
"155","30009",1.58
"156","30085",4.42
"157","30069",NA
"158","49035",0.35
"159","49011",0.3
"160","01097",0.54
"161","49025",NA
"162","01033",0.07
"163","01041",0.29
"164","01065",NA
"165","01109",NA
"166","36011",NA
"167","36025",NA
"168","36115",0.13
"169","48029",0.14
"170","48423",0.74
"171","48201",0.54
"172","48471",0.52
"173","48257",0.49
"174","48223",0.68
"175","48321",0.11
"176","48473",0.72
"177","48215",0.17
"178","48323",0.07
"179","48187",0.14
"180","48343",NA
"181","48389",0.28
"182","48071",0.33
"183","48351",0.83
"184","48057",0.37
"185","48455",0.83
"186","40017",0.52
"187","40135",0.29
"188","40117",NA
"189","40101",0.62
"190","40127",0.71
"191","40075",1.28
"192","41023",0.55
"193","41061",0.16
"194","41007",NA
"195","41003",0.09
"196","41015",NA
"197","01131",0.71
"198","01079",NA
"199","01035",0.31
"200","05067",NA
"201","05001",0.84
"202","05011",4.97
"203","05025",0.46
"204","05099",0.45
"205","48273",0.25
"206","48179",1.4
"207","48195",4.34
"208","48379",0.73
"209","48277",0.56
"210","45063",0.07
"211","45051",0.13
"212","45013",0.05
"213","45045",0.1
"214","45069",0.28
"215","45021",0.07
"216","45007",0.11
"217","45087",0.43
"218","45027",NA
"219","45061",NA
"220","45039",NA
"221","45017",NA
"222","45043",0.07
"223","21181",NA
"224","22103",1.51
"225","47037",0.1
"226","47045",NA
"227","47129",0.18
"228","46023",5.22
"229","47163",0.15
"230","47055",NA
"231","47107",NA
"232","47031",NA
"233","46055",6.24
"234","47173",NA
"235","47189",0.07
"236","46079",3.4
"237","20151",3.28
"238","47097",NA
"239","47079",NA
"240","56039",0.18
"241","56029",1.11
"242","54043",NA
"243","54001",NA
"244","54037",NA
"245","54049",NA
"246","54109",0.17
"247","54005",NA
"248","16005",0.24
"249","04001",0.61
"250","12045",0.76
"251","12123",0.35
"252","29201",0.1
"253","29069",0.38
"254","29129",NA
"255","29031",NA
"256","25027",0.07
"257","26163",0.98
"258","26021",0.15
"259","26077",0.14
"260","26033",NA
"261","26071",NA
"262","37055",0.12
"263","48443",NA
"264","48205",0.66
"265","72113",NA
"266","72097",NA
"267","72037",NA
"268","60030",NA
"269","04013",2
"270","15001",NA
"271","27167",4.85
"272","27133",2.53
"273","27119",1.52
"274","27069",0.89
"275","27125",NA
"276","27023",1.98
"277","26097",NA
"278","38067",NA
"279","48405",0.46
"280","48119",NA
"281","22019",0.78
"282","22005",1.53
"283","22071",0.53
"284","22113",0.14
"285","22043",1.07
"286","38005",4.14
"287","38097",0.99
"288","38095",NA
"289","38037",5.11
"290","28093",0.11
"291","28001",2.48
"292","28121",2.17
"293","28143",NA
"294","28095",0.55
"295","28039",0.35
"296","28087",0.54
"297","28163",1.69
"298","28053",2.61
"299","16061",2.09
"300","16079",NA
"301","16077",NA
"302","02020",0.01
"303","25011",0.06
"304","51121",NA
"305","51075",NA
"306","51093",0.23
"307","51137",NA
"308","51023",0.12
"309","51009",NA
"310","51007",NA
"311","51097",NA
"312","51081",NA
"313","02066",NA
"314","02240",NA
"315","02195",NA
"316","02275",NA
"317","02164",NA
"318","02110",NA
"319","02282",NA
"320","32011",NA
"321","29197",0.91
"322","48301",NA
"323","48155",6.11
"324","31015",1.94
"325","78010",NA
"326","78020",NA
"327","23021",NA
"328","16025",3.7
"329","08107",NA
"330","08097",NA
"331","08117",0.14
"332","08053",NA
"333","08023",2.22
"334","08065",NA
"335","08057",NA
"336","13073",0.12
"337","13205",0.52
"338","34007",0.22
"339","34027",0.06
"340","34017",0.09
"341","34001",0.07
"342","34025",0.14
"343","34011",0.15
"344","34019",0.19
"345","35045",2.43
"346","35017",0.27
"347","35007",1.81
"348","35051",0.67
"349","35055",1.59
"350","01089",0.07
"351","01117",0.2
"352","01121",0.24
"353","01073",0.29
"354","53027",0.06
"355","53049",NA
"356","01055",0.12
"357","53011",0.03
"358","53073",0.02
"359","51107",0.07
"360","13319",NA
"361","13021",0.28
"362","13143",NA
"363","13151",0.02
"364","13215",0.72
"365","13113",0.07
"366","13025",0.65
"367","13301",NA
"368","13123",NA
"369","13183",NA
"370","13277",0.39
"371","13291",NA
"372","13263",NA
"373","13265",NA
"374","37069",0.07
"375","37123",0.15
"376","37199",NA
"377","37155",NA
"378","37167",NA
"379","37161",NA
"380","37065",NA
"381","37041",NA
"382","37149",NA
"383","37113",NA
"384","37007",NA
"385","37023",0.04
"386","37121",NA
"387","19075",NA
"388","19149",1.61
"389","19117",0.46
"390","19025",1.21
"391","19111",0.45
"392","18117",0.2
"393","19163",0.14
"394","19131",NA
"395","18125",NA
"396","18027",0.12
"397","18123",0.41
"398","20043",0.51
"399","20145",1.17
"400","21209",NA
"401","21107",0.26
"402","21017",NA
"403","21079",NA
"404","21049",0.34
"405","21051",NA
"406","20119",5.48
"407","21239",NA
"408","20071",3.15
"409","21005",NA
"410","21165",NA
"411","17163",0.57
"412","17089",0.46
"413","17167",0.48
"414","17017",NA
"415","17161",0.22
"416","17177",0.43
"417","17109",0.12
"418","17129",0.32
"419","17125",0.28
"420","39093",0.32
"421","39061",0.3
"422","39007",0.2
"423","39167",NA
"424","39123",0.19
"425","39079",0.24
"426","06037",0.64
"427","06087",0.03
"428","06039",1.27
"429","06019",0.8
"430","06097",0.02
"431","06099",1.78
"432","06107",1.58
"433","06013",0.21
"434","06047",0.94
"435","36047",0.14
"436","36005",0.15
"437","06105",NA
"438","36119",0.22
"439","36071",0.01
"440","06025",0.23
"441","51019",0.05
"442","01001",0.58
"443","53009",0.06
"444","53071",0.34
"445","51089",NA
"446","53007",NA
"447","53025",0.04
"448","53057",NA
"449","53037",NA
"450","01107",0.21
"451","53043",NA
"452","33015",0.01
"453","33007",NA
"454","32031",0.25
"455","31071",2.01
"456","31155",2.12
"457","31089",5.78
"458","31183",NA
"459","24039",NA
"460","24037",0.04
"461","21111",0.29
"462","22051",0.6
"463","51159",NA
"464","51133",0.32
"465","51057",NA
"466","21135",NA
"467","22031",1.33
"468","22029",1.17
"469","22111",0.71
"470","21007",NA
"471","51103",NA
"472","21133",NA
"473","23003",NA
"474","21121",NA
"475","21167",NA
"476","21179",NA
"477","21125",0.13
"478","21097",NA
"479","21029",0.05
"480","51143",NA
"481","21217",0.16
"482","51099",NA
"483","21159",NA
"484","21123",NA
"485","22109",0.21
"486","24001",0.05
"487","24003",0.3
"488","24029",NA
"489","24013",0.07
"490","25009",0.07
"491","25013",0.09
"492","24047",0.08
"493","25025",0.19
"494","37127",0.04
"495","37099",NA
"496","37115",NA
"497","37079",NA
"498","37147",0.05
"499","42101",0.29
"500","42049",0.09
"501","42091",0.17
"502","42079",0.04
"503","42095",0.07
"504","42043",0.12
"505","42071",0.41
"506","42013",NA
"507","42035",0.4
"508","42055",0.61
"509","42067",0.33
"510","44007",0.09
"511","42051",0.15
"512","44009",0.03
"513","55061",0.39
"514","55011",0.6
"515","48213",0.51
"516","48037",0.64
"517","48331",0.5
"518","48315",NA
"519","48081",1.25
"520","48475",NA
"521","48163",0.22
"522","48313",NA
"523","48083",0.46
"524","48289",0.24
"525","48005",2.51
"526","40143",0.66
"527","40089",0.12
"528","40113",0.17
"529","40087",0.34
"530","40141",0.51
"531","40095",NA
"532","40077",NA
"533","40055",NA
"534","40151",0.45
"535","41047",0.01
"536","41057",NA
"537","41065",NA
"538","41043",0.03
"539","41021",NA
"540","41063",NA
"541","41017",0.05
"542","01119",0.3
"543","05039",0.5
"544","05013",NA
"545","05081",0.62
"546","05029",0.38
"547","16087",7.18
"548","05003",0.37
"549","05103",0.47
"550","05019",0.35
"551","05073",0.54
"552","05063",0.43
"553","05147",NA
"554","05093",0.09
"555","06003",NA
"556","05091",1.01
"557","05095",NA
"558","05017",0.35
"559","16081",NA
"560","48477",0.35
"561","48075",2.25
"562","48487",NA
"563","48333",NA
"564","48411",NA
"565","48419",0.15
"566","48105",NA
"567","48051",NA
"568","55111",0.06
"569","55003",NA
"570","55023",0.48
"571","55037",NA
"572","55051",NA
"573","30093",0.12
"574","30037",NA
"575","30083",4.08
"576","30059",NA
"577","30047",0.28
"578","30061",NA
"579","30015",2.02
"580","49043",NA
"581","49003",0.56
"582","49051",NA
"583","49005",0.28
"584","49001",NA
"585","49047",1.62
"586","49019",0.86
"587","01025",NA
"588","01039",0.11
"589","01099",0.18
"590","01005",0.15
"591","01085",NA
"592","01051",0.2
"593","36075",0.16
"594","36069",NA
"595","36117",0.04
"596","36051",0.12
"597","36027",0.08
"598","36077",NA
"599","36113",NA
"600","36009",0.05
"601","48113",0.85
"602","48085",0.39
"603","48453",0.38
"604","48181",0.56
"605","48141",1.42
"606","48039",0.22
"607","48409",0.43
"608","48199",0.22
"609","06101",1.32
"610","06027",0.22
"611","06109",0.07
"612","36013",NA
"613","06011",1.13
"614","06057",0.2
"615","36017",0.08
"616","06015",NA
"617","08005",0.78
"618","12095",0.01
"619","12101",0.02
"620","12071",0.04
"621","12105",0.01
"622","08051",0.26
"623","09011",0.03
"624","10001",0.22
"625","11001",0.48
"626","08113",1.05
"627","12009",0.04
"628","12097",0.01
"629","12063",0.08
"630","12017",0.06
"631","12015",0.02
"632","42089",0.07
"633","12049",NA
"634","12077",NA
"635","12013",0.55
"636","12047",NA
"637","12129",0.26
"638","29095",0.33
"639","29033",1.32
"640","29029",NA
"641","29123",NA
"642","29023",0.09
"643","29103",NA
"644","29171",NA
"645","29157",NA
"646","29003",0.23
"647","25017",0.2
"648","26003",NA
"649","26063",NA
"650","26129",0.19
"651","26109",0.17
"652","26073",0.11
"653","26055",0.18
"654","26013",NA
"655","26141",0.31
"656","48063",0.32
"657","48115",2.35
"658","48287",NA
"659","27075",NA
"660","72147",NA
"661","72047",NA
"662","72141",NA
"663","72031",NA
"664","72039",NA
"665","72033",NA
"666","04009",1.84
"667","04007",1.13
"668","04021",1.72
"669","15009",NA
"670","15007",NA
"671","16039",1.67
"672","27137",0.08
"673","27061",0.27
"674","27145",0.47
"675","27103",NA
"676","27127",1.77
"677","27097",0.12
"678","27089",1.69
"679","27147",0.33
"680","27031",NA
"681","27011",4.67
"682","38105",1.79
"683","38019",2.04
"684","22069",0.51
"685","22063",2.13
"686","22099",0.3
"687","22015",1.53
"688","22127",0.79
"689","22079",2.51
"690","22091",2.18
"691","22115",0.22
"692","22001",0.13
"693","22045",0.65
"694","22025",0.78
"695","22047",0.96
"696","38099",3.27
"697","38071",2.07
"698","38031",4.73
"699","38085",5.54
"700","54013",NA
"701","54007",NA
"702","22081",0.88
"703","28045",0.18
"704","48407",0.15
"705","48387",0.63
"706","48055",0.21
"707","45035",0.22
"708","45083",0.03
"709","45073",0.16
"710","45047",0.17
"711","45079",0.13
"712","45031",0.18
"713","45057",NA
"714","45055",0.13
"715","45049",NA
"716","45067",0.12
"717","21065",0.28
"718","22055",0.53
"719","47003",0.27
"720","47035",0.07
"721","47053",0.4
"722","47159",NA
"723","47165",0.07
"724","47149",0.13
"725","46123",4.35
"726","46093",2.01
"727","46071",6.3
"728","46075",8.07
"729","47065",0.15
"730","47089",0.15
"731","47005",NA
"732","47185",NA
"733","47041",NA
"734","47001",NA
"735","47029",0.11
"736","47145",0.07
"737","47009",0.06
"738","47147",0.06
"739","47141",0.11
"740","47043",NA
"741","47011",NA
"742","46085",7.42
"743","47091",0.22
"744","20001",NA
"745","47135",NA
"746","47183",0.23
"747","47143",NA
"748","47127",NA
"749","47175",NA
"750","56033",1.08
"751","56003",1.02
"752","54107",0.14
"753","54059",NA
"754","54011",0.04
"755","54067",NA
"756","54083",NA
"757","54003",0.11
"758","54053",NA
"759","54041",NA
"760","54073",NA
"761","54027",NA
"762","13219",NA
"763","13237",NA
"764","04012",1.17
"765","13201",2
"766","51149",0.11
"767","51157",NA
"768","51067",NA
"769","51087",0.09
"770","51017",NA
"771","51141",NA
"772","51177",0.03
"773","51037",NA
"774","51109",NA
"775","51101",NA
"776","51033",NA
"777","51181",NA
"778","51678",NA
"779","13135",0.04
"780","13103",NA
"781","13067",0.12
"782","13089",0.15
"783","13153",0.25
"784","13229",0.63
"785","13077",NA
"786","13317",NA
"787","13217",NA
"788","13019",NA
"789","19195",NA
"790","19029",0.29
"791","20169",1.07
"792","21203",NA
"793","21193",NA
"794","21069",NA
"795","21183",NA
"796","21175",NA
"797","20105",1.26
"798","21063",NA
"799","17097",0.26
"800","39035",0.84
"801","39075",0.74
"802","39095",0.38
"803","06071",0.59
"804","06041",0.05
"805","36053",NA
"806","36029",0.08
"807","06063",0.21
"808","06079",0.07
"809","36103",0.26
"810","06009",0.27
"811","36065",NA
"812","08035",0.48
"813","12057",0.03
"814","12117",NA
"815","09003",0.08
"816","12055",0.04
"817","08013",2.18
"818","12031",0.3
"819","12107",0.05
"820","08093",NA
"821","08055",2.44
"822","12109",0.06
"823","42045",0.26
"824","42111",NA
"825","42103",NA
"826","42027",0.1
"827","44003",NA
"828","55059",0.12
"829","30027",NA
"830","30081",0.2
"831","30049",0.25
"832","30087",3.85
"833","30001",NA
"834","30013",0.78
"835","30007",NA
"836","30055",4.71
"837","49057",0.32
"838","49049",0.29
"839","49017",NA
"840","01003",0.4
"841","13079",NA
"842","13001",NA
"843","28007",1.04
"844","13283",0.59
"845","48073",0.39
"846","34029",0.08
"847","34033",0.12
"848","35039",1.79
"849","35043",0.89
"850","28149",0.75
"851","35021",NA
"852","01129",NA
"853","53061",0.01
"854","51015",0.16
"855","53055",NA
"856","51031",0.07
"857","53063",0.11
"858","51051",NA
"859","51195",NA
"860","53015",NA
"861","33009",NA
"862","32019",1.18
"863","24017",0.03
"864","21095",NA
"865","21047",0.16
"866","23013",NA
"867","23015",NA
"868","22035",NA
"869","21027",0.2
"870","21127",NA
"871","21151",0.05
"872","21231",NA
"873","51191",NA
"874","24025",0.19
"875","24015",0.16
"876","37089",NA
"877","37027",NA
"878","37133",0.02
"879","37067",0.03
"880","37193",NA
"881","37111",NA
"882","37117",0.17
"883","37059",0.1
"884","37103",NA
"885","32015",NA
"886","28047",0.7
"887","28029",1.65
"888","28011",0.71
"889","28033",0.24
"890","28103",0.72
"891","28083",1.56
"892","28137",0.14
"893","48311",NA
"894","16043",NA
"895","16035",NA
"896","16029",0.59
"897","16059",1.54
"898","16083",0.92
"899","16003",2.05
"900","16031",0.34
"901","48229",2.39
"902","50009",NA
"903","29113",NA
"904","29013",NA
"905","29205",NA
"906","26115",0.21
"907","26125",0.86
"908","26099",0.85
"909","26103",0.06
"910","18023",0.24
"911","48449",0.86
"912","72095",NA
"913","27053",0.19
"914","27071",0.61
"915","27013",0.37
"916","27015",0.47
"917","27073",3.37
"918","37053",0.17
"919","38017",1.37
"920","37177",NA
"921","48395",0.49
"922","22013",0.56
"923","22037",2.01
"924","22053",0.64
"925","22039",0.59
"926","22009",0.67
"927","38055",11.08
"928","54093",NA
"929","48501",0.5
"930","28161",NA
"931","16041",0.62
"932","50021",NA
"933","51163",NA
"934","51145",0.14
"935","51035",NA
"936","51630",0.15
"937","51005",NA
"938","02070",NA
"939","02050",NA
"940","02185",NA
"941","02188",NA
"942","31117",7.86
"943","78030",NA
"944","23007",NA
"945","08037",0.15
"946","08091",NA
"947","08027",NA
"948","31103",NA
"949","08111",NA
"950","02150",NA
"951","01101",0.79
"952","51063",NA
"953","51167",NA
"954","51047",0.08
"955","53041",NA
"956","51003",0.04
"957","13195",NA
"958","13039",NA
"959","13033",0.17
"960","13127",0.25
"961","13185",0.07
"962","13105",NA
"963","37165",0.11
"964","19045",0.33
"965","19147",0.86
"966","18173",0.07
"967","18019",0.18
"968","19063",2.01
"969","20081",1.9
"970","21115",NA
"971","21155",0.4
"972","17043",0.89
"973","17153",0.67
"974","17165",0.32
"975","39049",0.09
"976","06067",0.59
"977","06073",0.14
"978","06089",0.63
"979","36045",NA
"980","36105",NA
"981","36031",NA
"982","36107",0.08
"983","48245",0.84
"984","48499",0.28
"985","48373",0.44
"986","48427",0.19
"987","48157",0.14
"988","48467",0.69
"989","48465",0.16
"990","48481",0.88
"991","48103",NA
"992","48035",0.44
"993","48127",0.38
"994","48175",NA
"995","40027",0.35
"996","40145",0.32
"997","40079",0.4
"998","40067",1.26
"999","41041",NA
"1000","41033",NA
"1001","41067",NA
"1002","06051",0.28
"1003","05075",0.47
"1004","05057",0.36
"1005","05131",0.53
"1006","06091",NA
"1007","16033",NA
"1008","48007",NA
"1009","48393",8.53
"1010","48399",1.55
"1011","48015",0.28
"1012","45003",0.1
"1013","45019",0.08
"1014","45041",0.14
"1015","45077",0.1
"1016","45075",0.09
"1017","21229",NA
"1018","47105",NA
"1019","47157",0.59
"1020","47025",NA
"1021","47121",0.34
"1022","47063",0.13
"1023","47073",0.07
"1024","46009",5.12
"1025","46057",6.05
"1026","20101",4.76
"1027","56013",3.31
"1028","54039",0.04
"1029","54033",NA
"1030","54045",NA
"1031","16049",NA
"1032","12065",0.28
"1033","12007",NA
"1034","29183",0.23
"1035","29195",0.51
"1036","29143",NA
"1037","37017",NA
"1038","42127",NA
"1039","42133",0.26
"1040","42063",NA
"1041","44005",0.1
"1042","55057",0.15
"1043","48001",0.28
"1044","48025",0.12
"1045","48401",1.12
"1046","48233",2
"1047","40133",0.79
"1048","41039",0.02
"1049","05119",0.49
"1050","05139",1.76
"1051","05045",0.07
"1052","05109",NA
"1053","05021",0.25
"1054","05121",0.22
"1055","27021",0.14
"1056","27173",3.15
"1057","16073",5.26
"1058","37143",NA
"1059","38077",3.94
"1060","38045",5.88
"1061","38059",3.56
"1062","54063",0.3
"1063","54057",NA
"1064","28049",2.73
"1065","45005",0.4
"1066","22033",1.51
"1067","47033",1.09
"1068","47081",0.33
"1069","47093",0.05
"1070","47013",NA
"1071","47181",NA
"1072","46083",2.15
"1073","46117",4.03
"1074","47057",0.18
"1075","47019",0.28
"1076","46041",13.74
"1077","20129",1.28
"1078","54099",NA
"1079","54085",NA
"1080","56035",NA
"1081","54065",0.23
"1082","51073",0.11
"1083","51036",NA
"1084","51595",NA
"1085","28051",0.42
"1086","28055",NA
"1087","12029",NA
"1088","16015",0.59
"1089","16085",0.84
"1090","16027",1.14
"1091","50025",NA
"1092","13013",NA
"1093","13313",0.16
"1094","34041",0.19
"1095","53033",0.01
"1096","01063",NA
"1097","31167",NA
"1098","21037",0.17
"1099","51105",NA
"1100","25005",0.07
"1101","37139",NA
"1102","37107",0.14
"1103","20019",NA
"1104","36043",NA
"1105","12001",0.05
"1106","12083",0.1
"1107","08071",1.6
"1108","48391",NA
"1109","48161",1.23
"1110","48403",NA
"1111","30071",1.94
"1112","30063",0.04
"1113","30089",0.7
"1114","30105",8.53
"1115","30023",NA
"1116","49013",0.84
"1117","49037",0.8
"1118","49023",NA
"1119","36019",0.05
"1120","48457",0.19
"1121","48167",0.29
"1122","48139",0.65
"1123","48491",0.19
"1124","48061",0.2
"1125","48349",0.91
"1126","12103",0.04
"1127","12041",NA
"1128","08059",0.97
"1129","09001",0.27
"1130","10003",0.17
"1131","12033",0.61
"1132","29037",0.12
"1133","29203",0.96
"1134","29041",0.52
"1135","26047",0.12
"1136","26147",0.22
"1137","26119",NA
"1138","26153",NA
"1139","72107",NA
"1140","69110",NA
"1141","69085",NA
"1142","04025",0.15
"1143","04027",0.14
"1144","36085",0.58
"1145","36067",0.14
"1146","06023",0.06
"1147","06035",0.12
"1148","32003",0.21
"1149","32033",NA
"1150","23005",0.06
"1151","21089",0.33
"1152","22117",2.23
"1153","20091",0.37
"1154","22123",2.09
"1155","23017",NA
"1156","22125",0.78
"1157","21139",NA
"1158","51069",0.15
"1159","23025",NA
"1160","24005",0.3
"1161","24043",0.19
"1162","25021",0.07
"1163","24009",0.04
"1164","37013",0.17
"1165","37101",NA
"1166","37035",0.1
"1167","37019",0.04
"1168","41001",2.25
"1169","05145",0.25
"1170","05107",0.58
"1171","05007",0.12
"1172","48185",0.9
"1173","30031",0.09
"1174","30099",1.32
"1175","49045",0.27
"1176","49029",NA
"1177","50027",0.14
"1178","48091",0.07
"1179","08049",0.56
"1180","12053",NA
"1181","29207",0.4
"1182","25015",0.05
"1183","48319",NA
"1184","72023",NA
"1185","27171",0.19
"1186","37029",NA
"1187","48425",NA
"1188","26083",1.84
"1189","22041",0.97
"1190","22083",1.15
"1191","54075",NA
"1192","45071",0.11
"1193","22101",0.07
"1194","47119",NA
"1195","47021",NA
"1196","47049",NA
"1197","54081",NA
"1198","54021",NA
"1199","51175",NA
"1200","51179",NA
"1201","51127",NA
"1202","13091",NA
"1203","28151",1.28
"1204","29087",0.85
"1205","13163",NA
"1206","13051",0.29
"1207","13289",NA
"1208","01023",NA
"1209","53035",NA
"1210","51187",0.21
"1211","01069",0.31
"1212","21195",NA
"1213","22105",1.91
"1214","37061",NA
"1215","37051",0.08
"1216","20059",0.31
"1217","39105",0.17
"1218","06045",0.23
"1219","08001",1.63
"1220","08077",2.39
"1221","12131",0.21
"1222","30033",3.22
"1223","48041",0.6
"1224","48489",0.54
"1225","48303",1.45
"1226","40023",0.53
"1227","41019",0.04
"1228","41031",0.18
"1229","05061",NA
"1230","45081",NA
"1231","45065",NA
"1232","47085",NA
"1233","54031",0.58
"1234","26107",NA
"1235","72127",0.01
"1236","27107",1.82
"1237","48235",2.53
"1238","54103",NA
"1239","16023",NA
"1240","51085",0.08
"1241","02013",NA
"1242","08043",2.38
"1243","08109",NA
"1244","34013",0.07
"1245","01071",0.08
"1246","13029",0.25
"1247","13305",0.4
"1248","37085",NA
"1249","18179",0.87
"1250","18025",0.37
"1251","21055",NA
"1252","20161",0.15
"1253","21237",1.11
"1254","17189",0.27
"1255","06059",0.66
"1256","06007",2.01
"1257","01077",0.04
"1258","53031",NA
"1259","22057",0.62
"1260","51117",0.13
"1261","51027",NA
"1262","24011",0.25
"1263","42029",0.14
"1264","42017",0.21
"1265","55043",0.24
"1266","48207",2.04
"1267","30039",NA
"1268","30053",NA
"1269","30043",NA
"1270","49055",NA
"1271","48053",0.18
"1272","48283",NA
"1273","48239",0.56
"1274","48011",8.19
"1275","45025",NA
"1276","47179",0.13
"1277","46137",NA
"1278","60050",NA
"1279","29189",0.49
"1280","29099",0.22
"1281","48263",NA
"1282","27165",1.08
"1283","27037",0.22
"1284","27077",NA
"1285","22097",0.34
"1286","28109",1.53
"1287","37075",NA
"1288","51011",NA
"1289","51095",NA
"1290","02100",NA
"1291","16037",NA
"1292","34039",0.14
"1293","01049",NA
"1294","51077",NA
"1295","13133",NA
"1296","13075",NA
"1297","13311",0.14
"1298","19107",0.38
"1299","18147",0.19
"1300","18029",0.32
"1301","21025",NA
"1302","21153",NA
"1303","17111",0.29
"1304","39069",0.29
"1305","06053",0.05
"1306","06017",0.18
"1307","53045",NA
"1308","51059",0.15
"1309","21177",NA
"1310","37091",0.16
"1311","37153",NA
"1312","42129",0.07
"1313","42005",0.06
"1314","48459",0.5
"1315","48369",3.53
"1316","40125",0.74
"1317","22073",1.85
"1318","54023",NA
"1319","45091",0.07
"1320","47123",0.09
"1321","46095",7.8
"1322","47151",NA
"1323","46127",3.78
"1324","54019",NA
"1325","04015",0.24
"1326","51199",NA
"1327","51155",NA
"1328","18129",0.31
"1329","21033",NA
"1330","20023",4.5
"1331","06077",0.62
"1332","08123",4.35
"1333","37125",0.04
"1334","37131",NA
"1335","28089",1.92
"1336","48355",0.44
"1337","48133",0.43
"1338","48469",0.22
"1339","41055",NA
"1340","41045",3.25
"1341","05117",NA
"1342","45059",0.06
"1343","47115",NA
"1344","47167",0.13
"1345","13221",NA
"1346","26053",NA
"1347","27129",0.52
"1348","37095",NA
"1349","22085",0.16
"1350","54095",0.44
"1351","28013",2.7
"1352","28021",1.71
"1353","46073",7.78
"1354","48261",NA
"1355","08015",1.1
"1356","13107",NA
"1357","37037",NA
"1358","18175",NA
"1359","20143",0.66
"1360","21067",0.09
"1361","36055",0.08
"1362","01047",0.37
"1363","01027",NA
"1364","31055",0.99
"1365","22011",0.66
"1366","51185",NA
"1367","24027",0.07
"1368","42041",0.12
"1369","55029",NA
"1370","48059",1.19
"1371","48371",0.51
"1372","41005",0.02
"1373","05041",0.95
"1374","05149",0.18
"1375","30035",0.29
"1376","49015",NA
"1377","49031",NA
"1378","06021",4.17
"1379","08019",0.89
"1380","12037",NA
"1381","29019",0.33
"1382","48435",NA
"1383","27027",1.39
"1384","48327",NA
"1385","22077",1.76
"1386","48107",6.63
"1387","22021",1.99
"1388","53077",0.36
"1389","13271",NA
"1390","13191",0.29
"1391","20069",8.05
"1392","17003",NA
"1393","06085",0.06
"1394","45015",NA
"1395","47051",NA
"1396","47117",NA
"1397","66010",NA
"1398","48067",0.27
"1399","41051",NA
"1400","22059",0.27
"1401","47187",0.04
"1402","04005",0.15
"1403","49007",0.19
"1404","12023",NA
"1405","26089",0.19
"1406","24031",0.15
"1407","13009",NA
"1408","13181",NA
"1409","01059",0.13
"1410","24019",0.49
"1411","37159",0.03
"1412","37009",0.15
"1413","20141",4.2
"1414","06055",0.06
"1415","36063",0.11
"1416","12039",0.26
"1417","55007",0.27
"1418","13137",NA
"1419","40013",0.28
"1420","40065",0.61
"1421","05085",0.29
"1422","05015",0.14
"1423","48017",5.04
"1424","30029",0.04
"1425","50017",NA
"1426","48339",1.05
"1427","48241",0.11
"1428","36091",0.05
"1429","08031",1.25
"1430","26029",NA
"1431","48033",NA
"1432","69100",NA
"1433","27163",0.08
"1434","38053",1.5
"1435","13059",0.03
"1436","13223",0.03
"1437","13207",NA
"1438","13069",0.09
"1439","13071",NA
"1440","13161",0.26
"1441","13225",NA
"1442","13149",NA
"1443","13093",NA
"1444","13231",0.22
"1445","28157",NA
"1446","48153",7.56
"1447","45009",NA
"1448","47059",0.23
"1449","47155",0.09
"1450","54047",NA
"1451","13303",NA
"1452","51079",0.42
"1453","51053",NA
"1454","21187",NA
"1455","06069",NA
"1456","10005",0.08
"1457","34003",0.14
"1458","53053",0.01
"1459","31013",2.13
"1460","23031",NA
"1461","21119",NA
"1462","37057",0.02
"1463","29057",NA
"1464","04017",0.3
"1465","02122",NA
"1466","31075",6.39
"1467","13267",NA
"1468","48353",0.27
"1469","41035",0.18
"1470","05069",2.14
"1471","45029",NA
"1472","54071",NA
"1473","29027",0.27
"1474","55009",0.19
"1475","48225",0.17
"1476","27139",0.21
"1477","22067",1.61
"1478","46103",2.22
"1479","20199",7.88
"1480","04003",0.15
"1481","37043",0.38
"1482","49033",NA
"1483","48361",1.11
"1484","12075",NA
"1485","12005",0.42
"1486","26041",NA
"1487","22017",2.36
"1488","24021",0.12
"1489","60020",NA
"1490","45053",NA
"1491","37137",NA
"1492","06113",1.39
"1493","13321",0.19
"1494","35059",1.81
"1495","35023",NA
"1496","51660",0.08
"1497","51025",NA
"1498","33001",0.07
"1499","32007",0.47
"1500","32023",0.55
"1501","31001",3.96
"1502","31185",6.07
"1503","31159",2.37
"1504","31129",0.9
"1505","01037",NA
"1506","51135",NA
"1507","53059",NA
"1508","53023",NA
"1509","35001",0.51
"1510","35029",0.96
"1511","35006",0.15
"1512","35019",0.87
"1513","31149",NA
"1514","31033",1.98
"1515","31021",2.99
"1516","31087",2.79
"1517","31105",1.05
"1518","31139",4.45
"1519","31175",3.8
"1520","31125",1.09
"1521","21163",NA
"1522","51590",NA
"1523","20037",0.1
"1524","21213",0.23
"1525","23029",NA
"1526","21141",0.3
"1527","21157",0.13
"1528","25001",0.07
"1529","31037",2.27
"1530","31137",3.91
"1531","31027",2.76
"1532","31119",2.17
"1533","31051",2.04
"1534","31019",3.86
"1535","31045",2.19
"1536","37097",0.02
"1537","37001",0.05
"1538","37169",NA
"1539","32029",NA
"1540","19019",NA
"1541","19183",0.55
"1542","19153",0.17
"1543","19127",0.49
"1544","19049",0.28
"1545","19023",0.27
"1546","19041",NA
"1547","18093",0.09
"1548","37197",NA
"1549","37049",0.08
"1550","37073",NA
"1551","37005",NA
"1552","53003",NA
"1553","25003",0.06
"1554","18037",NA
"1555","18127",0.56
"1556","19057",0.3
"1557","19145",1.27
"1558","18109",0.17
"1559","18001",0.35
"1560","19055",NA
"1561","19009",3.41
"1562","18133",0.11
"1563","18041",NA
"1564","19137",3.04
"1565","20121",0.12
"1566","20087",NA
"1567","18119",NA
"1568","18177",0.06
"1569","18141",0.06
"1570","18017",NA
"1571","19079",0.52
"1572","19191",NA
"1573","19017",0.33
"1574","19171",0.23
"1575","19015",0.61
"1576","19087",0.4
"1577","18149",NA
"1578","26157",0.22
"1579","26149",0.2
"1580","13063",0.09
"1581","13023",NA
"1582","13235",NA
"1583","72143",NA
"1584","72019",NA
"1585","28005",NA
"1586","28131",0.66
"1587","28117",0.47
"1588","26101",NA
"1589","02060",NA
"1590","38007",8.69
"1591","13199",NA
"1592","13197",NA
"1593","72099",NA
"1594","72139",NA
"1595","28027",1.25
"1596","28101",0.19
"1597","28069",0.77
"1598","13101",1.01
"1599","32017",NA
"1600","31171",11.43
"1601","13193",0.56
"1602","72053",NA
"1603","16063",3.8
"1604","16071",NA
"1605","31165",6.07
"1606","23019",NA
"1607","51640",NA
"1608","13211",0.22
"1609","13287",NA
"1610","72057",NA
"1611","04011",0.46
"1612","16067",1.79
"1613","51125",NA
"1614","51111",NA
"1615","51600",NA
"1616","51620",NA
"1617","08039",1.03
"1618","08095",1.81
"1619","08119",0.68
"1620","08007",0.99
"1621","37077",NA
"1622","37191",0.03
"1623","04023",0.08
"1624","27005",0.36
"1625","27095",0.62
"1626","27115",0.14
"1627","27113",NA
"1628","51775",NA
"1629","51735",NA
"1630","51530",NA
"1631","02220",NA
"1632","02180",NA
"1633","02105",NA
"1634","08115",5.05
"1635","08017",8.55
"1636","08079",NA
"1637","37157",NA
"1638","37045",0.04
"1639","27029",NA
"1640","27039",0.2
"1641","27041",0.22
"1642","13253",0.45
"1643","13281",NA
"1644","13243",0.55
"1645","34037",NA
"1646","19181",0.51
"1647","19155",1.25
"1648","27079",0.14
"1649","27169",0.08
"1650","13125",NA
"1651","12051",NA
"1652","29181",NA
"1653","35028",NA
"1654","35027",0.2
"1655","35041",1.97
"1656","19103",0.15
"1657","19113",0.07
"1658","19061",0.04
"1659","27161",NA
"1660","27049",0.17
"1661","29097",0.31
"1662","29510",1.79
"1663","35005",0.91
"1664","35057",1.73
"1665","01103",0.13
"1666","37003",NA
"1667","19169",0.26
"1668","19027",0.77
"1669","19179",0.23
"1670","27025",0.22
"1671","27033",2.42
"1672","27051",1.35
"1673","29067",NA
"1674","29091",0.3
"1675","29081",NA
"1676","51049",NA
"1677","13159",NA
"1678","19059",1.42
"1679","19033",0.55
"1680","19123",0.54
"1681","38001",5.14
"1682","38009",3.03
"1683","29107",0.36
"1684","29167",NA
"1685","13055",NA
"1686","13111",NA
"1687","26113",NA
"1688","26051",NA
"1689","18165",NA
"1690","38029",8.07
"1691","29185",NA
"1692","29173",NA
"1693","29053",NA
"1694","13257",0.16
"1695","13119",NA
"1696","18181",0.33
"1697","18135",0.15
"1698","18101",NA
"1699","21201",NA
"1700","22049",NA
"1701","29007",0.16
"1702","29177",NA
"1703","29229",0.22
"1704","13297",NA
"1705","13065",NA
"1706","18115",0.66
"1707","18161",NA
"1708","56027",1.61
"1709","48345",6.68
"1710","22007",0.69
"1711","38073",2.92
"1712","38091",6.14
"1713","29199",0.82
"1714","29065",0.26
"1715","29163",0.43
"1716","29075",NA
"1717","13015",0.04
"1718","13081",0.51
"1719","48129",4.39
"1720","48173",12.5
"1721","48359",5.87
"1722","48505",NA
"1723","38043",4.9
"1724","54087",NA
"1725","28085",1.95
"1726","28003",0.21
"1727","28043",1.29
"1728","29051",0.16
"1729","29001",0.16
"1730","26117",0.13
"1731","13085",0.18
"1732","13227",NA
"1733","13131",NA
"1734","72059",NA
"1735","72005",NA
"1736","28129",0.73
"1737","28153",0.97
"1738","28159",NA
"1739","28067",1.81
"1740","26127",NA
"1741","26005",0.14
"1742","26155",0.12
"1743","13233",0.19
"1744","13011",NA
"1745","13047",0.18
"1746","72063",NA
"1747","72121",NA
"1748","48497",0.33
"1749","48463",0.6
"1750","48479",0.14
"1751","48203",0.3
"1752","48095",2.94
"1753","47067",NA
"1754","21143",NA
"1755","20067",1.53
"1756","21191",NA
"1757","20057",1.5
"1758","12085",0.03
"1759","08085",6.1
"1760","08061",2.84
"1761","48189",2.87
"1762","48069",4.36
"1763","48317",2.41
"1764","48275",3.22
"1765","47087",NA
"1766","17145",0.18
"1767","17183",0.25
"1768","08089",3.65
"1769","42105",NA
"1770","42069",0.09
"1771","48099",0.1
"1772","48305",2.07
"1773","40037",0.23
"1774","47103",0.12
"1775","17007",0.37
"1776","17081",0.31
"1777","17113",0.32
"1778","17191",NA
"1779","42123",NA
"1780","42117",0.19
"1781","42065",0.27
"1782","40063",0.59
"1783","40035",NA
"1784","40119",0.3
"1785","47101",NA
"1786","47133",NA
"1787","17001",0.12
"1788","17133",0.24
"1789","42025",0.12
"1790","42009",0.16
"1791","40029",0.68
"1792","40073",1.33
"1793","40033",1.3
"1794","46105",1.32
"1795","47075",0.44
"1796","17121",0.62
"1797","17095",0.08
"1798","17159",0.74
"1799","44001",0.08
"1800","55123",NA
"1801","40053",2.65
"1802","41027",NA
"1803","47153",NA
"1804","46003",5.79
"1805","20039",4.16
"1806","17083",NA
"1807","39137",0.94
"1808","55115",0.39
"1809","55101",0.08
"1810","41009",NA
"1811","41053",NA
"1812","54101",0.45
"1813","56045",2.26
"1814","54035",NA
"1815","39025",0.24
"1816","39157",0.04
"1817","55035",0.12
"1818","55019",NA
"1819","55041",NA
"1820","01061",0.45
"1821","17065",NA
"1822","17127",0.53
"1823","46129",8.81
"1824","47007",NA
"1825","20025",5.54
"1826","39139",0.13
"1827","39121",0.27
"1828","39021",0.3
"1829","55107",NA
"1830","55067",0.2
"1831","30111",1.13
"1832","05047",NA
"1833","05105",NA
"1834","20065",1.55
"1835","20185",3.68
"1836","20083",4.15
"1837","20189",2.79
"1838","56007",0.51
"1839","39127",NA
"1840","39029",0.08
"1841","30091",9.02
"1842","30017",3.05
"1843","30065",0.85
"1844","05051",0.21
"1845","05049",NA
"1846","54069",NA
"1847","13005",0.36
"1848","39151",0.21
"1849","39055",0.09
"1850","30079",10.52
"1851","30019",NA
"1852","30107",NA
"1853","05143",0.19
"1854","05129",0.5
"1855","47077",0.14
"1856","46115",6.53
"1857","46119",8.4
"1858","39169",0.35
"1859","39037",0.38
"1860","39103",0.12
"1861","49053",0.33
"1862","01081",0.03
"1863","05083",0.18
"1864","05023",0.31
"1865","46039",2.74
"1866","46013",6.39
"1867","47139",NA
"1868","39059",0.2
"1869","39081",0.06
"1870","50023",NA
"1871","36101",0.04
"1872","05079",0.85
"1873","16017",NA
"1874","46011",2.93
"1875","46101",2.46
"1876","47111",NA
"1877","39111",NA
"1878","39067",NA
"1879","39027",0.29
"1880","36001",0.03
"1881","36037",NA
"1882","48255",0.27
"1883","48097",1.14
"1884","48347",0.3
"1885","20045",0.35
"1886","20027",1.41
"1887","20055",0.43
"1888","36049",NA
"1889","36035",NA
"1890","08041",0.45
"1891","36007",0.14
"1892","36041",NA
"1893","48093",0.29
"1894","48165",0.44
"1895","48023",4.45
"1896","21233",NA
"1897","20049",NA
"1898","20107",NA
"1899","12019",0.1
"1900","12087",0.21
"1901","08063",0.99
"1902","48485",0.43
"1903","48439",0.73
"1904","45037",NA
"1905","45085",0.15
"1906","45089",NA
"1907","21103",0.52
"1908","20075",3.02
"1909","20171",4.12
"1910","20117",1.6
"1911","20029",0.42
"1912","20053",0.62
"1913","08045",0.21
"1914","12021",0.19
"1915","48365",1.17
"1916","48221",0.61
"1917","48145",0.46
"1918","40137",0.89
"1919","40081",0.35
"1920","26151",0.28
"1921","26075",0.08
"1922","17131",NA
"1923","17155",NA
"1924","36095",NA
"1925","36121",0.1
"1926","40091",0.4
"1927","08067",1.91
"1928","08121",7.68
"1929","12073",0.13
"1930","12086",0.08
"1931","26111",0.05
"1932","26139",0.25
"1933","26037",0.42
"1934","05125",0.18
"1935","05065",0.3
"1936","36097",0.22
"1937","36109",0.08
"1938","09015",0.03
"1939","12027",0.11
"1940","26059",0.26
"1941","26065",0.35
"1942","26161",0.09
"1943","05005",NA
"1944","05071",0.15
"1945","36015",0.04
"1946","48337",0.21
"1947","48503",0.66
"1948","12115",0.07
"1949","08075",5.19
"1950","26027",0.39
"1951","26159",0.27
"1952","26023",0.09
"1953","05101",NA
"1954","05097",NA
"1955","05111",NA
"1956","05087",NA
"1957","48291",0.73
"1958","48367",0.37
"1959","48027",0.16
"1960","12061",NA
"1961","08103",1.77
"1962","13155",NA
"1963","26017",0.11
"1964","26165",0.12
"1965","05043",1.92
"1966","05059",NA
"1967","05141",NA
"1968","48325",NA
"1969","48049",0.32
"1970","06049",0.85
"1971","36111",0.02
"1972","13043",NA
"1973","05113",NA
"1974","12043",NA
"1975","26079",NA
"1976","26143",NA
"1977","42057",NA
"1978","26085",NA
"1979","05135",NA
"1980","48375",0.88
"1981","48341",1.6
"1982","48483",2.15
"1983","18169",0.49
"1984","18065",0.16
"1985","18053",0.35
"1986","19031",0.44
"1987","12067",0.46
"1988","29139",NA
"1989","48159",1.13
"1990","48101",NA
"1991","48247",NA
"1992","48417",1.19
"1993","48269",14.87
"1994","48021",0.32
"1995","55127",0.35
"1996","20035",0.22
"1997","20155",1.25
"1998","20205",NA
"1999","20193",1.51
"2000","29159",0.09
"2001","29063",NA
"2002","29211",NA
"2003","72041",NA
"2004","72069",NA
"2005","55047",NA
"2006","55131",NA
"2007","17091",0.39
"2008","17101",NA
"2009","17041",NA
"2010","29155",NA
"2011","29213",NA
"2012","29109",0.21
"2013","18111",NA
"2014","18171",NA
"2015","55083",0.32
"2016","55093",NA
"2017","39039",0.41
"2018","39117",NA
"2019","39047",NA
"2020","31133",1.43
"2021","29077",0.09
"2022","29121",0.26
"2023","29221",0.16
"2024","48009",NA
"2025","72085",NA
"2026","72025",NA
"2027","55129",NA
"2028","55125",0.19
"2029","55069",0.14
"2030","30075",2.28
"2031","31157",4.77
"2032","31085",NA
"2033","21161",0.23
"2034","42075",0.27
"2035","29215",0.47
"2036","29147",0.51
"2037","29169",0.37
"2038","40045",1.96
"2039","40003",NA
"2040","30101",2.3
"2041","30021",2.6
"2042","55065",0.48
"2043","48461",NA
"2044","48237",0.44
"2045","48143",0.2
"2046","29061",1.45
"2047","29117",NA
"2048","40069",0.36
"2049","40131",0.27
"2050","40005",NA
"2051","30095",2.62
"2052","31029",3.98
"2053","01057",0.24
"2054","48429",1.25
"2055","48135",0.61
"2056","48131",NA
"2057","48183",1.14
"2058","29165",0.13
"2059","29105",1.24
"2060","40085",0.42
"2061","40115",0.62
"2062","49027",0.32
"2063","01031",0.16
"2064","01075",NA
"2065","48357",1.51
"2066","48089",0.58
"2067","48137",NA
"2068","48285",0.2
"2069","29187",0.12
"2070","29093",0.38
"2071","29225",0.22
"2072","40015",0.54
"2073","40139",5
"2074","40059",1.08
"2075","01011",0.38
"2076","50005",NA
"2077","48019",NA
"2078","48299",NA
"2079","40111",1.01
"2080","29227",1.92
"2081","29011",0.33
"2082","29005",NA
"2083","40149",0.35
"2084","40093",1.04
"2085","40043",NA
"2086","36123",0.32
"2087","36039",0.41
"2088","40049",0.15
"2089","40021",0.08
"2090","29125",NA
"2091","26049",0.11
"2092","26057",0.1
"2093","41029",0.02
"2094","40011",1.22
"2095","17039",0.24
"2096","53051",NA
"2097","53039",0.39
"2098","37011",NA
"2099","37063",0.06
"2100","19157",0.43
"2101","19081",0.36
"2102","19039",0.43
"2103","18091",0.18
"2104","17093",0.34
"2105","17063",0.16
"2106","17117",0.51
"2107","53013",NA
"2108","33003",NA
"2109","32510",0.37
"2110","37135",NA
"2111","42007",0.09
"2112","18049",0.39
"2113","18163",0.38
"2114","19189",0.38
"2115","19185",NA
"2116","17199",0.42
"2117","17077",0.41
"2118","32005",1.11
"2119","32013",2.34
"2120","31145",3.26
"2121","42119",0.09
"2122","42121",NA
"2123","18035",0.44
"2124","18121",NA
"2125","17179",0.26
"2126","17067",0.21
"2127","31147",0.97
"2128","31067",3.14
"2129","31101",5.83
"2130","42107",NA
"2131","42085",0.1
"2132","18143",0.17
"2133","18077",0.12
"2134","17103",0.34
"2135","17037",0.11
"2136","31153",1.04
"2137","31179",0.42
"2138","42019",0.06
"2139","42115",0.09
"2140","19167",2.92
"2141","18145",NA
"2142","19151",1.12
"2143","17085",0.53
"2144","17075",NA
"2145","17045",0.88
"2146","31111",3.78
"2147","31023",5.82
"2148","31035",3.13
"2149","42077",0.11
"2150","42037",0.06
"2151","18045",NA
"2152","18131",NA
"2153","19129",0.81
"2154","17195",0.21
"2155","17135",0.41
"2156","31043",0.39
"2157","31083",8.21
"2158","31057",6.06
"2159","55027",0.27
"2160","55025",0.33
"2161","20183",2.13
"2162","20015",0.37
"2163","17021",0.23
"2164","17029",0.3
"2165","31065",5.73
"2166","31031",2.79
"2167","24045",NA
"2168","55079",0.28
"2169","55055",0.38
"2170","21009",0.38
"2171","20207",NA
"2172","17009",0.58
"2173","17025",NA
"2174","51071",NA
"2175","21041",NA
"2176","22087",0.19
"2177","55133",0.17
"2178","55017",0.13
"2179","20209",0.43
"2180","20167",0.57
"2181","20051",1.1
"2182","20163",1.53
"2183","39085",0.16
"2184","39019",0.14
"2185","51115",0.45
"2186","23009",NA
"2187","20175",0.68
"2188","55135",NA
"2189","55053",NA
"2190","21215",NA
"2191","20177",0.27
"2192","21169",NA
"2193","39041",NA
"2194","39107",0.69
"2195","39161",0.14
"2196","20099",NA
"2197","21185",NA
"2198","21145",0.37
"2199","51169",NA
"2200","55095",NA
"2201","55049",0.34
"2202","20153",NA
"2203","20103",NA
"2204","20003",NA
"2205","39133",0.1
"2206","39031",0.11
"2207","21015",0.06
"2208","51013",0.16
"2209","55078",NA
"2210","48253",0.6
"2211","48147",0.12
"2212","21211",NA
"2213","20009",1.6
"2214","20005",0.24
"2215","39053",NA
"2216","39009",0.12
"2217","39091",0.18
"2218","21117",0.27
"2219","21077",NA
"2220","48397",0.14
"2221","48307",NA
"2222","48227",0.56
"2223","20135",3.9
"2224","21087",0.35
"2225","21057",NA
"2226","39063",0.37
"2227","39073",NA
"2228","39159",0.3
"2229","21199",0.13
"2230","21113",NA
"2231","19193",0.86
"2232","18011",0.07
"2233","20113",0.96
"2234","17011",0.12
"2235","39071",NA
"2236","39033",NA
"2237","39175",0.89
"2238","21021",0.28
"2239","21035",NA
"2240","21001",0.42
"2241","18059",0.34
"2242","18063",0.05
"2243","18057",0.22
"2244","17157",0.12
"2245","17173",NA
"2246","39065",0.25
"2247","06075",0.03
"2248","51510",0.24
"2249","25023",0.05
"2250","37081",0.03
"2251","18009",0.64
"2252","18075",0.19
"2253","18085",0.36
"2254","18103",0.22
"2255","19035",0.33
"2256","17015",0.53
"2257","17119",0.3
"2258","01125",0.42
"2259","53001",NA
"2260","31127",0.56
"2261","31041",3.32
"2262","31161",6
"2263","13293",NA
"2264","28017",0.46
"2265","28079",1.03
"2266","28111",2
"2267","28023",1.45
"2268","72129",NA
"2269","72015",NA
"2270","31061",2.51
"2271","27131",0.37
"2272","27055",0.21
"2273","13255",0.06
"2274","28025",1.37
"2275","28075",0.6
"2276","28057",0.17
"2277","72073",NA
"2278","72111",NA
"2279","15003",NA
"2280","38051",8.73
"2281","38057",4.72
"2282","13099",0.38
"2283","13239",1.66
"2284","28073",1.72
"2285","28041",0.28
"2286","28133",1.41
"2287","28099",0.81
"2288","72089",NA
"2289","27057",0.39
"2290","27045",0.38
"2291","38025",5.05
"2292","54091",NA
"2293","19139",0.19
"2294","19161",0.79
"2295","19083",0.46
"2296","28071",NA
"2297","28097",0.38
"2298","27019",0.13
"2299","27007",0.27
"2300","28019",NA
"2301","28081",0.33
"2302","19133",3.08
"2303","21221",NA
"2304","20079",1.04
"2305","16065",0.32
"2306","02063",NA
"2307","02198",NA
"2308","29079",NA
"2309","27065",NA
"2310","27105",0.37
"2311","27157",0.19
"2312","28127",0.58
"2313","28031",0.62
"2314","19003",2.05
"2315","19043",NA
"2316","51760",0.19
"2317","50011",0.08
"2318","72009",NA
"2319","72115",NA
"2320","27067",0.94
"2321","38011",2.49
"2322","28037",NA
"2323","28115",0.13
"2324","28119",0.51
"2325","19071",1.68
"2326","18005",0.2
"2327","18079",0.14
"2328","29101",NA
"2329","29141",0.2
"2330","29085",0.42
"2331","38069",3.6
"2332","46059",7.11
"2333","56031",7.33
"2334","56043",2.38
"2335","28065",0.66
"2336","28139",NA
"2337","28141",NA
"2338","21061",0.33
"2339","20165",3.74
"2340","20011",NA
"2341","20095",2.04
"2342","20077",2.05
"2343","29217",0.57
"2344","29145",0.07
"2345","51730",0.13
"2346","18137",0.28
"2347","18113",NA
"2348","19135",0.99
"2349","28147",0.8
"2350","16021",0.37
"2351","16009",NA
"2352","18097",0.28
"2353","19121",0.77
"2354","29045",0.57
"2355","29083",NA
"2356","26123",0.25
"2357","20007",0.82
"2358","17147",0.48
"2359","39125",0.62
"2360","42003",0.12
"2361","72055",NA
"2362","51710",0.15
"2363","51670",NA
"2364","19037",0.65
"2365","18069",0.32
"2366","18099",0.17
"2367","18073",0.6
"2368","19143",1.29
"2369","26061",NA
"2370","26067",0.06
"2371","55117",0.07
"2372","55137",NA
"2373","51770",0.29
"2374","51570",0.23
"2375","02016",NA
"2376","02158",NA
"2377","31039",6.61
"2378","31077",3.25
"2379","31017",7.86
"2380","31135",8.19
"2381","26031",NA
"2382","26095",NA
"2383","55013",NA
"2384","55119",NA
"2385","30025",6.61
"2386","38033",2.21
"2387","46063",9.2
"2388","31113",10.19
"2389","48267",NA
"2390","48079",3.96
"2391","31091",11.14
"2392","22023",NA
"2393","20125",0.12
"2394","26131",0.62
"2395","26039",NA
"2396","18087",NA
"2397","18007",0.45
"2398","30103",11.16
"2399","13299",0.22
"2400","13171",0.22
"2401","23011",NA
"2402","23001",NA
"2403","21023",0.47
"2404","21197",NA
"2405","56011",2.24
"2406","48219",2.6
"2407","48495",NA
"2408","72077",NA
"2409","35047",0.55
"2410","35009",1.42
"2411","08021",NA
"2412","08009",4.3
"2413","08099",4.19
"2414","24510",0.36
"2415","25007",NA
"2416","37151",NA
"2417","72137",NA
"2418","72061",NA
"2419","01017",0.23
"2420","01029",0.27
"2421","01087",NA
"2422","01115",NA
"2423","53065",NA
"2424","32001",3.79
"2425","08025",5.85
"2426","08047",NA
"2427","08011",4.79
"2428","37181",0.09
"2429","37109",0.05
"2430","19069",0.76
"2431","72079",NA
"2432","72049",NA
"2433","31109",1.43
"2434","31097",0.77
"2435","31163",1.3
"2436","31123",6.48
"2437","35015",0.44
"2438","35003",NA
"2439","51161",0.13
"2440","01021",0.28
"2441","51041",0.04
"2442","13251",NA
"2443","19013",0.03
"2444","19109",0.52
"2445","28155",NA
"2446","54055",NA
"2447","54051",NA
"2448","13309",NA
"2449","20139",NA
"2450","20179",NA
"2451","17197",0.35
"2452","17099",0.53
"2453","72135",NA
"2454","72003",NA
"2455","35011",2.04
"2456","17069",0.94
"2457","28077",0.32
"2458","28113",1.1
"2459","54089",NA
"2460","56017",3.31
"2461","17143",0.47
"2462","17141",0.3
"2463","72131",NA
"2464","72087",NA
"2465","48259",0.11
"2466","48031",0.75
"2467","48421",5.27
"2468","48149",0.16
"2469","54029",NA
"2470","13109",NA
"2471","17181",NA
"2472","17105",0.1
"2473","17203",0.21
"2474","72149",NA
"2475","72065",NA
"2476","45011",0.36
"2477","42113",NA
"2478","47113",0.12
"2479","13259",NA
"2480","50015",NA
"2481","17057",0.66
"2482","17049",0.35
"2483","72093",NA
"2484","72001",NA
"2485","47177",NA
"2486","47015",NA
"2487","51183",NA
"2488","51650",0.09
"2489","17033",1.02
"2490","39099",0.14
"2491","72029",NA
"2492","69120",NA
"2493","47039",NA
"2494","46067",7.72
"2495","51740",0.12
"2496","51840",0.59
"2497","51197",NA
"2498","51685",0.26
"2499","12035",NA
"2500","42011",0.15
"2501","42059",NA
"2502","13037",NA
"2503","15005",NA
"2504","46135",2.48
"2505","46015",6.05
"2506","46087",4.31
"2507","51550",0.05
"2508","51540",NA
"2509","51830",NA
"2510","39153",0.09
"2511","39165",0.13
"2512","27003",0.26
"2513","27159",1.18
"2514","27017",NA
"2515","46081",0.66
"2516","46125",4.82
"2517","46089",6.59
"2518","51720",NA
"2519","51750",NA
"2520","13285",NA
"2521","39149",0.08
"2522","39115",0.27
"2523","39051",0.76
"2524","27111",0.98
"2525","27035",0.13
"2526","27043",0.85
"2527","47047",0.1
"2528","46109",2.32
"2529","13087",0.29
"2530","13057",0.05
"2531","55045",0.33
"2532","55071",0.15
"2533","27083",1.25
"2534","27087",0.73
"2535","27085",0.45
"2536","27091",0.59
"2537","46069",2.8
"2538","47131",0.26
"2539","46061",5.92
"2540","13147",NA
"2541","19051",NA
"2542","19125",0.36
"2543","18033",NA
"2544","39145",0.05
"2545","39129",NA
"2546","27135",0.52
"2547","27081",2.09
"2548","27121",0.37
"2549","46021",5.69
"2550","47109",NA
"2551","46017",9.92
"2552","18043",0.21
"2553","19187",0.43
"2554","19173",NA
"2555","39131",NA
"2556","12081",0.04
"2557","27151",0.83
"2558","04019",0.93
"2559","38021",7.66
"2560","47171",NA
"2561","20073",NA
"2562","20047",NA
"2563","19095",NA
"2564","19091",0.82
"2565","18159",0.26
"2566","18039",0.34
"2567","55097",0.11
"2568","55081",0.18
"2569","38023",1.78
"2570","38013",7.33
"2571","48169",0.62
"2572","48065",3.94
"2573","20063",NA
"2574","20017",1.46
"2575","47023",0.23
"2576","18021",0.3
"2577","18105",0.03
"2578","19011",0.31
"2579","39015",0.18
"2580","39057",0.02
"2581","38049",5.52
"2582","22121",1.32
"2583","47027",NA
"2584","56037",NA
"2585","19005",0.28
"2586","18107",0.21
"2587","18047",NA
"2588","72081",NA
"2589","72021",NA
"2590","60040",NA
"2591","22003",0.62
"2592","22061",0.68
"2593","56023",NA
"2594","56001",0.21
"2595","20041",1.62
"2596","20021",NA
"2597","20133",0.24
"2598","72151",NA
"2599","22095",0.36
"2600","38093",4.57
"2601","38063",6.55
"2602","56019",2.31
"2603","20061",NA
"2604","20159",2
"2605","20191",0.17
"2606","20093",1.01
"2607","72013",NA
"2608","72105",NA
"2609","38047",6.18
"2610","38083",3.12
"2611","38089",2.67
"2612","54009",NA
"2613","54061",0.08
"2614","29153",NA
"2615","29161",0.27
"2616","29179",NA
"2617","53005",0.44
"2618","13045",NA
"2619","13145",NA
"2620","72043",NA
"2621","36021",0.13
"2622","46099",1.46
"2623","46077",5.35
"2624","46097",6.96
"2625","20127",NA
"2626","30109",3.87
"2627","21091",NA
"2628","37187",NA
"2629","19097",0.41
"2630","01083",0.05
"2631","33011",0.03
"2632","56015",10.26
"2633","13167",0.8
"2634","37025",0.07
"2635","19021",0.78
"2636","18151",NA
"2637","19085",2.21
"2638","19007",0.31
"2639","18055",NA
"2640","33005",0.05
"2641","31169",4.67
"2642","16011",2.11
"2643","51580",NA
"2644","28105",0.33
"2645","18095",0.15
"2646","18031",NA
"2647","20181",3.27
"2648","20031",NA
"2649","21045",NA
"2650","17115",0.36
"2651","17051",0.36
"2652","31025",1.43
"2653","31095",1.59
"2654","28015",NA
"2655","16051",0.45
"2656","17139",1.34
"2657","17193",0.55
"2658","39113",0.19
"2659","39045",0.05
"2660","31099",7.37
"2661","31053",3.06
"2662","13003",NA
"2663","35061",1.35
"2664","31069",8.06
"2665","39143",0.2
"2666","39147",0.07
"2667","39003",0.46
"2668","39109",0.16
"2669","31131",1.78
"2670","31059",6.3
"2671","31047",3.84
"2672","31003",NA
"2673","21083",0.11
"2674","39023",0.79
"2675","39083",0.2
"2676","48437",4.08
"2677","41013",NA
"2678","42087",NA
"2679","55039",0.2
"2680","48385",NA
"2681","42015",NA
"2682","22027",0.47
"2683","21219",NA
"2684","48493",0.09
"2685","46111",8.63
"2686","13165",NA
"2687","48013",NA
"2688","55089",0.09
"2689","30011",NA
"2690","01133",0.17
"2691","20173",0.44
"2692","21171",1.11
"2693","37145",NA
"2694","37071",NA
"2695","16069",NA
"2696","48125",1.72
"2697","55077",0.26
"2698","40009",0.35
"2699","27101",2.33
"2700","38041",4.72
"2701","46045",5.98
"2702","36099",NA
"2703","48177",0.2
"2704","31049",2.04
"2705","42047",0.13
"2706","48231",1.15
"2707","36079",NA
"2708","48151",NA
"2709","36093",0.08
"2710","51790",NA
"2711","31079",3.73
"2712","19093",1.14
"2713","39077",0.14
"2714","05031",0.12
"2715","48191",2.45
"2716","48445",0.63
"2717","47069",NA
"2718","42021",0.03
"2719","55033",NA
"2720","08101",2.11
"2721","08003",0.26
"2722","29055",0.32
"2723","49039",NA
"2724","01045",0.16
"2725","46025",7.79
"2726","05035",0.8
"2727","56041",0.38
"2728","29151",NA
"2729","26105",NA
"2730","26133",NA
"2731","26093",0.04
"2732","26091",0.28
"2733","36089",0.04
"2734","36073",0.09
"2735","13173",NA
"2736","29115",0.64
"2737","29133",NA
"2738","26135",0.47
"2739","26087",0.18
"2740","26035",NA
"2741","26043",NA
"2742","18153",0.38
"2743","36003",NA
"2744","48121",0.66
"2745","48441",0.51
"2746","29043",0.05
"2747","29186",0.22
"2748","26009",NA
"2749","26019",NA
"2750","18013",NA
"2751","72027",NA
"2752","72017",NA
"2753","12111",NA
"2754","12091",0.21
"2755","08081",NA
"2756","26081",0.89
"2757","48003",4.47
"2758","72101",NA
"2759","48211",1.95
"2760","72045",NA
"2761","72125",NA
"2762","36061",0.13
"2763","72035",NA
"2764","27059",0.1
"2765","08073",4.41
"2766","08014",2.1
"2767","27093",0.69
"2768","27117",1.7
"2769","38101",1.95
"2770","28061",1.21
"2771","72091",NA
"2772","72075",NA
"2773","27143",0.53
"2774","38027",NA
"2775","48171",NA
"2776","29017",NA
"2777","29219",NA
"2778","29175",0.79
"2779","28123",1.41
"2780","51021",NA
"2781","02290",NA
"2782","31005",NA
"2783","72103",NA
"2784","72007",NA
"2785","40103",1.04
"2786","40123",0.32
"2787","72054",NA
"2788","02130",NA
"2789","29111",0.4
"2790","17169",0.54
"2791","45033",NA
"2792","45001",NA
"2793","40129",NA
"2794","13247",0.05
"2795","17013",NA
"2796","39173",0.37
"2797","46051",1.08
"2798","46005",4
"2799","46027",2.27
"2800","41011",NA
"2801","41025",3.86
"2802","13187",NA
"2803","51520",NA
"2804","39089",0.14
"2805","39017",0.19
"2806","47137",NA
"2807","46102",5.41
"2808","46049",10.19
"2809","17071",0.57
"2810","05037",NA
"2811","05127",0.73
"2812","19105",0.19
"2813","19165",1.66
"2814","18067",0.14
"2815","18139",NA
"2816","19141",0.57
"2817","39001",0.28
"2818","06031",0.9
"2819","46065",4.36
"2820","46033",0.48
"2821","27099",0.3
"2822","27153",0.16
"2823","27063",1.94
"2824","20201",2.79
"2825","20131",0.4
"2826","39097",0.19
"2827","01013",0.19
"2828","01111",NA
"2829","50007",0.05
"2830","47169",NA
"2831","46047",6.31
"2832","47083",NA
"2833","38087",NA
"2834","38081",7.19
"2835","12059",0.81
"2836","48117",3.1
"2837","48295",1.16
"2838","48279",2.6
"2839","36057",NA
"2840","48309",0.77
"2841","20157",2.49
"2842","19177",0.54
"2843","47061",NA
"2844","48297",NA
"2845","22089",0.15
"2846","38003",5.81
"2847","17137",0.23
"2848","17073",0.16
"2849","17035",0.37
"2850","48251",0.63
"2851","48451",0.42
"2852","48363",0.57
"2853","48329",0.54
"2854","56005",2.17
"2855","54015",NA
"2856","54079",0.07
"2857","38079",0.56
"2858","38039",6.82
"2859","38065",2.16
"2860","48045",2.54
"2861","06029",1.23
"2862","48271",NA
"2863","48293",0.68
"2864","48123",0.2
"2865","40041",0.1
"2866","13083",NA
"2867","13053",NA
"2868","21039",NA
"2869","48077",1.52
"2870","31007",11.63
"2871","49021",NA
"2872","40071",0.44
"2873","40107",0.65
"2874","13061",NA
"2875","29209",NA
"2876","47125",0.04
"2877","46029",1.45
"2878","39155",0.23
"2879","39141",0.21
"2880","40083",0.28
"2881","40051",0.23
"2882","29071",0.08
"2883","46053",NA
"2884","47071",NA
"2885","13035",NA
"2886","35037",4.54
"2887","42093",0.22
"2888","41071",NA
"2889","29047",0.25
"2890","42001",0.51
"2891","46035",4.61
"2892","46121",3.63
"2893","46037",5
"2894","20137",NA
"2895","54025",NA
"2896","01067",0.23
"2897","51045",NA
"2898","21059",0.2
"2899","41069",NA
"2900","41037",NA
"2901","42131",NA
"2902","55015",0.16
"2903","55139",NA
"2904","54097",NA
"2905","60010",NA
"2906","33013",0.03
"2907","31173",1.15
"2908","42053",0.53
"2909","01019",NA
"2910","55109",0.05
"2911","55005",0.26
"2912","54105",NA
"2913","13169",NA
"2914","20197",NA
"2915","17061",NA
"2916","05033",0.26
"2917","05115",0.13
"2918","55103",NA
"2919","55141",0.22
"2920","48415",0.7
"2921","13273",NA
"2922","13017",0.68
"2923","17059",0.74
"2924","17053",0.86
"2925","05089",0.24
"2926","05027",1.64
"2927","40061",0.62
"2928","16001",0.47
"2929","51820",0.19
"2930","28009",NA
"2931","16013",0.19
"2932","17149",NA
"2933","48047",NA
"2934","48087",NA
"2935","48383",NA
"2936","45023",0.12
"2937","42023",0.8
"2938","40121",1.23
"2939","40147",0.46
"2940","17023",0.25
"2941","39013",0.06
"2942","39135",0.48
"2943","29149",NA
"2944","29059",0.24
"2945","16055",0.08
"2946","35035",0.06
"2947","32021",NA
"2948","12011",0.02
"2949","42039",NA
"2950","29021",0.27
"2951","25019",NA
"2952","19101",NA
"2953","21149",NA
"2954","17175",0.7
"2955","48413",1.23
"2956","55087",0.16
"2957","30067",0.51
"2958","72067",NA
"2959","26011",0.26
"2960","17151",NA
"2961","50013",0.57
"2962","01105",NA
"2963","46043",8.15
"2964","31011",6.63
"2965","29009",NA
"2966","31081",6.19
"2967","72145",NA
"2968","72119",NA
"2969","47017",NA
"2970","20089",3.93
"2971","16007",NA
"2972","29119",0.17
"2973","08125",1.98
"2974","21223",NA
"2975","27001",NA
"2976","27149",2.47
"2977","21129",NA
"2978","08087",4.25
"2979","48243",1.74
"2980","29039",0.29
"2981","55113",0.48
"2982","13261",0.13
"2983","53047",0.1
"2984","51131",NA
"2985","19197",0.92
"2986","36059",0.58
"2987","12089",0.16
"2988","48377",0.53
"2989","05133",0.23
"2990","12121",0.37
"2991","22065",0.98
"2992","51113",0.3
"2993","02090",NA
"2994","08033",NA
"2995","01113",0.07
"2996","13027",NA
"2997","26007",NA
"2998","46019",4.3
"2999","05009",0.11
"3000","29035",0.64
"3001","35053",0.23
"3002","20085",1.19
"3003","54017",NA
"3004","31073",7.7
"3005","40025",5
"3006","12133",0.81
"3007","01053",0.11
"3008","42099",NA
"3009","46031",4.92
"3010","20033",NA
"3011","56025",0.92
"3012","20115",0.32
"3013","56021",0.59
"3014","28035",3.93
"3015","26015",0.27
"3016","13275",0.09
"3017","19065",0.19
"3018","18157",0.16
"3019","32027",NA
"3020","20097",1.59
"3021","13249",NA
"3022","32009",NA
"3023","21081",0.33
"3024","17087",NA
"3025","39011",0.61
"3026","22093",0.74
"3027","29223",NA
"3028","72071",NA
"3029","08105",0.34
"3030","42073",0.09
"3031","30041",1.95
"3032","31181",3.21
"3033","20111",0.24
"3034","37189",0.15
"3035","01091",0.2
"3036","48433",2.75
"3037","40047",0.91
"3038","40153",0.77
"3039","40039",0.42
"3040","49041",0.19
"3041","01123",0.1
"3042","19099",0.33
"3043","13117",0.04
"3044","53069",NA
"3045","05055",0.09
"3046","48381",2.3
"3047","28091",1.67
"3048","28063",1.04
"3049","31141",2.82
"3050","31063",1.47
"3051","21053",NA
"3052","55031",0.18
"3053","55091",NA
"3054","16053",0.35
"3055","50001",0.22
"3056","21207",NA
"3057","19047",1.39
"3058","19119",3.4
"3059","01093",0.13
"3060","36087",0.08
"3061","26025",0.06
"3062","48335",0.43
"3063","27123",0.18
"3064","19067",0.75
"3065","18003",0.95
"3066","18167",0.04
"3067","09005",0.06
"3068","27047",0.26
"3069","38103",3.78
"3070","28145",NA
"3071","21173",NA
"3072","17055",0.9
"3073","09013",0.03
"3074","16057",NA
"3075","29127",0.14
"3076","49009",NA
"3077","55073",0.12
"3078","40019",2.58
"3079","40001",NA
"3080","40007",6.44
"3081","05053",NA
"3082","48111",1.7
"3083","17005",0.91
"3084","39087",0.06
"3085","39171",0.53
"3086","36083",0.05
"3087","40031",0.63
"3088","05123",0.14
"3089","48249",0.19
"3090","55105",0.2
"3091","47099",0.19
"3092","46091",5.97
"3093","39163",NA
"3094","51043",NA
"3095","05137",NA
"3096","48193",NA
"3097","46107",10.26
"3098","36023",NA
"3099","72011",NA
"3100","47095",0.52
"3101","20187",3.71
"3102","56009",2.28
"3103","33019",NA
"3104","31151",3.05
"3105","31121",6.63
"3106","20109",NA
"3107","51680",0.05
"3108","29049",0.39
"3109","27009",0.21
"3110","38075",NA
"3111","26137",0.17
"3112","16019",0.11
"3113","29137",NA
"3114","31143",7.6
"3115","21075",NA
"3116","29135",0.26
"3117","29073",NA
"3118","18015",NA
"3119","72117",NA
"3120","48265",NA
"3121","48507",1.33
"3122","40105",0.75
"3123","26121",0.12
"3124","26001",NA
"3125","18155",0.38
"3126","21225",0.53
"3127","51810",0.04
"3128","48197",0.98
"3129","72133",NA
"3130","16075",2.29
"3131","28135",1.6
"3132","72083",NA
"3133","72123",NA
"3134","42083",0.09
"3135","55063",0.21
"3136","48447",NA
"3137","27109",0.05
"3138","50019",NA
"3139","51065",NA
"3140","27155",7.05
"3141","28107",1.16
"3142","29025",0.44
"3143","51690",NA
"3144","72109",NA
"3145","40099",0.29
"3146","40057",NA
"3147","48109",NA
"3148","51683",NA
"3149","34005",0.2
"3150","35025",0.84
"3151","05077",NA
"3152","20195",4.08
"3153","29015",NA
"3154","27141",0.18
"3155","38035",0.59
"3156","38015",3.45
"3157","48281",NA
"3158","01015",0.17
"3159","51700",0.09
"3160","48209",0.14
"3161","38061",3.66
"3162","48431",6.72
"3163","46007",3.48
"3164","47161",NA
"3165","54077",NA
"3166","51173",NA
"3167","13097",0.06
"3168","16045",2.4
"3169","19089",NA
"3170","20147",2.9
"3171","28125",NA
"3172","29089",0.39
"3173","51610",NA
"3174","51800",NA
"3175","13115",0.17
"3176","13129",NA
"3177","13095",0.93
"3178","19077",NA
"3179","48217",0.34
"3180","12003",NA
"3181","02230",NA
"3182","02068",NA
"3183","31009",NA
"3184","13295",0.06
"3185","39005",0.08
"3186","18081",0.03
"3187","19159",1.59
"3188","21227",0.07
"3189","29131",0.49
"3190","26145",0.04
"3191","26045",0.15
"3192","16047",3.67
"3193","42109",0.1
"3194","21105",NA
"3195","17019",0.14
"3196","17187",0.45
"3197","26069",NA
"3198","72153",NA
"3199","35049",0.63
"3200","13175",NA
"3201","55021",NA
"3202","30097",NA
"3203","17107",0.13
"3204","39101",0.18
"3205","39119",0.09
"3206","55085",0.11
"3207","50003",0.11
"3208","36033",NA
"3209","48043",NA
"3210","13307",NA
"3211","37033",NA
"3212","19073",0.44
"3213","19053",0.49
"3214","01127",NA
"3215","01007",0.35
"3216","31177",2.41
"3217","21019",NA
"3218","40109",0.65
"3219","40097",0.58
"3220","19175",NA
"3221","19115",0.35
"3222","19001",0.54
"3223","20013",NA
"3224","31107",2.8
"3225","21137",0.33
"3226","37195",0.05
"3227","42081",0.07
"3228","41059",NA
"3229","41049",NA
"3230","21073",NA
"3231","17201",0.15
"3232","17123",0.33
"3233","37185",NA
"3234","72051",NA
