"","GEOID","bls_agemploy"
"1","13031",0.00466517011934963
"2","13121",6.09871685925714e-05
"3","13179",0
"4","13189",0
"5","13213",0
"6","13209",0.00818473364669017
"7","13139",8.52335347854399e-05
"8","13245",0
"9","13049",0.00166002656042497
"10","13141",0
"11","13157",0
"12","13315",0.0439287166413015
"13","13241",0
"14","13269",0
"15","13177",0.0190608625463218
"16","13279",0.0334074885194975
"17","13007",0.164034917200558
"18","34015",0.0119403048244661
"19","34023",0.000525542135404394
"20","34035",0.000369896719633317
"21","34031",0.000400980959707332
"22","34021",0.000380006967266509
"23","34009",0.00438473912984237
"24","35031",0
"25","35013",0.0392061940318695
"26","28059",0.00012530700215528
"27","02170",0.0073415970861128
"28","35033",0
"29","53067",0.0118228325684097
"30","51147",0
"31","01009",0
"32","01095",0
"33","51029",0
"34","51139",0.0024209608518893
"35","53017",0.180317643947172
"36","51153",0.000187640759790636
"37","51171",0.000375209675995409
"38","01043",0
"39","51061",0.00557411930701438
"40","53021",0.141188792385277
"41","53019",0
"42","53029",0.00711099786825677
"43","53075",0.0405166984153954
"44","33017",0.00254808618497806
"45","31093",0.022863877328021
"46","31115",0
"47","51001",0.0116575647755568
"48","21101",0.00553057886210992
"49","21093",0.000677514811317474
"50","51119",0.000736222128733698
"51","22075",0.00472532794852748
"52","22107",0.256330250384273
"53","51193",0.0739091622712249
"54","22119",0
"55","23027",0.00494585748545188
"56","51091",0
"57","21013",0
"58","21131",0
"59","51083",0.00122387900508989
"60","23023",0.00583805452938245
"61","21235",0
"62","24041",0.00301957311283884
"63","24033",0.000156330454315722
"64","24035",0.0135463569859222
"65","24023",0.000822273020136045
"66","51165",0.0134015458999486
"67","37083",0.0101231275590145
"68","37179",0.00390074664862467
"69","37129",0.000636270201408115
"70","37163",0.0518195560568742
"71","37031",0.00393268322778296
"72","37183",0.000325693247166283
"73","37119",0.000542855941858146
"74","37087",0.00168248270051635
"75","37141",0.0135989883317712
"76","37021",0.00175330154764247
"77","37047",0.00254206927522577
"78","37039",0
"79","37171",0.00188815049529492
"80","37093",0.00857953346012125
"81","37105",0.00238207678854495
"82","37173",0
"83","37015",0.0394058469681025
"84","37175",0
"85","18083",0.0239886539712404
"86","18183",0.00178743062985389
"87","18089",0.00136050849770356
"88","18051",0.00511829869824525
"89","18071",0.00389557573819399
"90","18061",0.00425408920100233
"91","21071",0
"92","20123",0.0183163897628212
"93","21043",0
"94","21085",0.00126955810591549
"95","21011",0
"96","21099",0
"97","20149",0.00286826429784954
"98","21189",0
"99","21003",0
"100","21109",0
"101","21205",0
"102","21147",0
"103","21031",0.00859841092730528
"104","20203",0.10703810346141
"105","17031",0.000425643406688653
"106","17027",0.0127120427559164
"107","17079",0.00513035010520691
"108","17171",0
"109","17185",0.0214199255942034
"110","17047",0.0113916998112078
"111","39043",0.0158793030789238
"112","06001",0.000785441803513156
"113","06081",0.0029716571504156
"114","06065",0.0161855967787813
"115","06095",0.0122094934412575
"116","06103",0.118300847493892
"117","06111",0.0807038773417106
"118","06083",0.152607805537616
"119","36081",5.87945085240044e-06
"120","06093",0.0612924861931243
"121","06115",0.0469936248049192
"122","06033",0.0141436266661789
"123","06061",0.00155508413637731
"124","06005",0.0142288422663507
"125","06043",0
"126","08029",0.0272185458389015
"127","12119",0.0130500834764035
"128","12069",0.0211088919594665
"129","08069",0.00385820348322441
"130","09009",0.00258337183848989
"131","09007",0.00357644397231871
"132","12079",0.0103167880089844
"133","12127",0.00821867433066896
"134","12099",0.0107639009771422
"135","12113",0.00592207023547653
"136","12125",0
"137","12093",0.0184436324728953
"138","08083",0.0075688421288988
"139","42033",0
"140","42125",0.00066890168844228
"141","42031",0.0043735292243842
"142","42097",0.00657257507025681
"143","42061",0.00376617853080135
"144","55099",0
"145","55121",0.013263295503652
"146","55075",0.00428936009780755
"147","55001",0.109786355108377
"148","30051",0.0346426735616455
"149","30005",0
"150","30077",0
"151","30057",0.00745530058854548
"152","30003",0
"153","30073",0.0159352982267539
"154","30045",0
"155","30009",0.0129179613455474
"156","30085",0
"157","30069",0
"158","49035",0.000404608586195092
"159","49011",0.00351841967179025
"160","01097",0.0028646662578494
"161","49025",0
"162","01033",0.0015788131049474
"163","01041",0
"164","01065",0.00102579132473623
"165","01109",0.000144711816753494
"166","36011",0.0114415903715523
"167","36025",0.00371448171141468
"168","36115",0.0108930740792562
"169","48029",0.000886732099249874
"170","48423",0.00674140471309649
"171","48201",0.000467382585370472
"172","48471",0.00374660309818752
"173","48257",0.000173479814571229
"174","48223",0.00049353250394295
"175","48321",0.0299872851028985
"176","48473",0.0041956636620668
"177","48215",0.0092445950882753
"178","48323",0.000807174887892377
"179","48187",0.00312676936481959
"180","48343",0
"181","48389",0
"182","48071",0.00152057648822066
"183","48351",0
"184","48057",0.00183554128565447
"185","48455",0
"186","40017",0.00141576516653648
"187","40135",0
"188","40117",0
"189","40101",0.00276748667243247
"190","40127",0
"191","40075",0
"192","41023",0.00165892501658925
"193","41061",0.0321031345950642
"194","41007",0.00720616557317674
"195","41003",0.0183445096561217
"196","41015",0.0143242060840162
"197","01131",0
"198","01079",0.0407047016675756
"199","01035",0
"200","05067",0.0617220894776559
"201","05001",0.0168973824325733
"202","05011",0
"203","05025",0
"204","05099",0
"205","48273",0.000376712328767123
"206","48179",0
"207","48195",0.0871926589938448
"208","48379",0.0126902985089722
"209","48277",0.00108044385869985
"210","45063",0.00635506833207664
"211","45051",0.00045424459295393
"212","45013",0.00167781504128238
"213","45045",0.000259561410173987
"214","45069",0.00864035462047302
"215","45021",0
"216","45007",0
"217","45087",0
"218","45027",0.0226975250823804
"219","45061",0.0213211647036907
"220","45039",0
"221","45017",0.0352388422736623
"222","45043",0.00625331752501711
"223","21181",0
"224","22103",0.000527574132294584
"225","47037",0.000227008959952794
"226","47045",0
"227","47129",0
"228","46023",0.0276183696937262
"229","47163",0
"230","47055",0
"231","47107",0
"232","47031",0.00373757128520139
"233","46055",0.0258528370231614
"234","47173",0
"235","47189",0
"236","46079",0.0123061551267341
"237","20151",0.054702175198953
"238","47097",0.0190988130367733
"239","47079",0.00525426816013582
"240","56039",0
"241","56029",0.0121982997393419
"242","54043",0
"243","54001",0
"244","54037",0.0025778076699252
"245","54049",0
"246","54109",0
"247","54005",0
"248","16005",0.00248047579971895
"249","04001",0
"250","12045",0
"251","12123",0
"252","29201",0.0167434797016117
"253","29069",0.0466861077861802
"254","29129",0
"255","29031",0.000645211863572419
"256","25027",0.00394884778044748
"257","26163",0.000579990109805654
"258","26021",0.0186387887415616
"259","26077",0.011543576342738
"260","26033",0
"261","26071",0
"262","37055",0
"263","48443",0
"264","48205",0.0366025340215861
"265","72113",0.00421941201130412
"266","72097",0.00900622597505472
"267","72037",0
"268","60030",0
"269","04013",0.00185849283108387
"270","15001",0.0282852163466025
"271","27167",0.116783814940497
"272","27133",0.0071270046665649
"273","27119",0.0560403260884991
"274","27069",0.0439292546943372
"275","27125",0.0257335757293556
"276","27023",0.0248496835754786
"277","26097",0
"278","38067",0.119599715107786
"279","48405",0
"280","48119",0.0491362585901793
"281","22019",0.000695240269488486
"282","22005",0.000767185390574495
"283","22071",0
"284","22113",0.00810794219762633
"285","22043",0
"286","38005",0.0778944303721013
"287","38097",0.127669078235515
"288","38095",0.0557442481346289
"289","38037",0.0201262741978714
"290","28093",0.00212562189903467
"291","28001",0
"292","28121",0.000974951046015978
"293","28143",0.0503921362731348
"294","28095",0.00102562106770148
"295","28039",0.0139332347465815
"296","28087",0
"297","28163",0.0330889328986976
"298","28053",0.0656765708313711
"299","16061",0.033587791256571
"300","16079",0
"301","16077",0.173795567968196
"302","02020",0.00232777470890647
"303","25011",0.0321593277452479
"304","51121",0.00133759831732698
"305","51075",0
"306","51093",0.0173248342238838
"307","51137",0.053904472314133
"308","51023",0.000381175035576337
"309","51009",0
"310","51007",0.00443611191350466
"311","51097",0.0342547096513083
"312","51081",0
"313","02066",0
"314","02240",0
"315","02195",0
"316","02275",0
"317","02164",0
"318","02110",0.00320609843676551
"319","02282",0
"320","32011",0.00411324617219074
"321","29197",0
"322","48301",0
"323","48155",0
"324","31015",0
"325","78010",0.000682777725187849
"326","78020",0
"327","23021",0.00135907396620244
"328","16025",0.144302483209608
"329","08107",0.00334456322733145
"330","08097",0
"331","08117",0
"332","08053",0
"333","08023",0.143293285899853
"334","08065",0
"335","08057",0
"336","13073",0.000468526989719817
"337","13205",0.0449091697213903
"338","34007",0.000914971607017384
"339","34027",0.00156444003763821
"340","34017",0.000234879902821406
"341","34001",0.0115577831063788
"342","34025",0.00216580655733553
"343","34011",0.0279448984549738
"344","34019",0.0124720932785685
"345","35045",0.00873255248364174
"346","35017",0.000643224699828474
"347","35007",0
"348","35051",0.0365073805000578
"349","35055",0.000139852315954352
"350","01089",0.00091750577057243
"351","01117",0.000895896901869379
"352","01121",0.00149540159335153
"353","01073",5.14946369802189e-05
"354","53027",0.0167823460232289
"355","53049",0.0352705460122137
"356","01055",0
"357","53011",0.00239448673802387
"358","53073",0.0359497615337903
"359","51107",0.00142914178328817
"360","13319",0
"361","13021",3.9025913206369e-05
"362","13143",0
"363","13151",0.00149499228372408
"364","13215",0
"365","13113",0.00114995666487855
"366","13025",0
"367","13301",0
"368","13123",0.00563338111236608
"369","13183",0
"370","13277",0.0287644475654527
"371","13291",0
"372","13263",0
"373","13265",0
"374","37069",0.00402104269764945
"375","37123",0.00122934025406365
"376","37199",0.00218737754349645
"377","37155",0.00459375899327138
"378","37167",0
"379","37161",0.000698835114098675
"380","37065",0.0142957220671951
"381","37041",0.0303919295863284
"382","37149",0.00530025160692856
"383","37113",0.000299341448812612
"384","37007",0
"385","37023",0.00267148411312433
"386","37121",0
"387","19075",0.0841118956109327
"388","19149",0.0128338163119444
"389","19117",0.00499302845592467
"390","19025",0
"391","19111",0.00755824645089614
"392","18117",0.0030747200419366
"393","19163",0.00102393069823834
"394","19131",0.00952826955871899
"395","18125",0.00130005200208008
"396","18027",0.00941092706749615
"397","18123",0
"398","20043",0.0258007974312979
"399","20145",0.0130289980035428
"400","21209",0
"401","21107",0.000764760757020682
"402","21017",0
"403","21079",0
"404","21049",0
"405","21051",0
"406","20119",0
"407","21239",0
"408","20071",0.01141670991178
"409","21005",0
"410","21165",0
"411","17163",0.00336380201237762
"412","17089",0.00272786203733989
"413","17167",0.00340219242370756
"414","17017",0.0164542737193181
"415","17161",0.000826441488721518
"416","17177",0.0105015098976268
"417","17109",0.0107797318164501
"418","17129",0.0207300601067063
"419","17125",0.0700866849987515
"420","39093",0.0107795749498065
"421","39061",0.000572522559645973
"422","39007",0.00191661195930552
"423","39167",0
"424","39123",0.00636951196293325
"425","39079",0
"426","06037",0.00103531366434349
"427","06087",0.085751519717579
"428","06039",0.263102915942117
"429","06019",0.116470809169066
"430","06097",0.0299581871609355
"431","06099",0.0674777217900452
"432","06107",0.223503040609354
"433","06013",0.00182825578860526
"434","06047",0.169023798382506
"435","36047",0.000288417119779782
"436","36005",0
"437","06105",0.0119817252758396
"438","36119",0.000414477874577518
"439","36071",0.00956090595256501
"440","06025",0.210680072624083
"441","51019",0.000553909387292178
"442","01001",0.00206991000064752
"443","53009",0.0124229796095216
"444","53071",0.140880309684649
"445","51089",0
"446","53007",0.19647739360956
"447","53025",0.261649367312316
"448","53057",0.0518827090679107
"449","53037",0.0748805018049361
"450","01107",0
"451","53043",0.115651554583066
"452","33015",0.00146655581720674
"453","33007",0.00126068844551633
"454","32031",0.00256008355726942
"455","31071",0
"456","31155",0.024226835402646
"457","31089",0.0390789782912521
"458","31183",0.0108173076923077
"459","24039",0.00933562063659101
"460","24037",0.000748578176622872
"461","21111",0.000144397574593418
"462","22051",0
"463","51159",0
"464","51133",0.00823884313222866
"465","51057",0.017444806105474
"466","21135",0
"467","22031",0
"468","22029",0.0230301897126853
"469","22111",0
"470","21007",0.00981462012178586
"471","51103",0
"472","21133",0
"473","23003",0.0430584187867944
"474","21121",0
"475","21167",0
"476","21179",0
"477","21125",0.000287658228539735
"478","21097",0
"479","21029",0
"480","51143",0.00587432638114499
"481","21217",0
"482","51099",0.0058705887562065
"483","21159",0
"484","21123",0.0145710424910601
"485","22109",0.000711276742595075
"486","24001",0
"487","24003",0.000150663720863608
"488","24029",0.0250434215886925
"489","24013",0.0045044645964874
"490","25009",0.0018938822065474
"491","25013",0.0026789830445342
"492","24047",0.00201532915595609
"493","25025",4.99941571083369e-05
"494","37127",0.0191756549508811
"495","37099",0.00391437145348394
"496","37115",0.000793940159748399
"497","37079",0.0422811401763539
"498","37147",0.00427613470368903
"499","42101",6.70539674502492e-05
"500","42049",0.00399386599955462
"501","42091",0.00056395400487726
"502","42079",0.000661102086195672
"503","42095",0.00137266853937157
"504","42043",0.000466355547243518
"505","42071",0.00467290997306896
"506","42013",0.000322082191963775
"507","42035",0.0146865591750246
"508","42055",0.0097208200557671
"509","42067",0.00580501493923761
"510","44007",0.00105414772025597
"511","42051",0.00135301923970035
"512","44009",0.0049683234495735
"513","55061",0.0396574886501195
"514","55011",0.0121030056173925
"515","48213",0.00729639177236368
"516","48037",0.00028377638686457
"517","48331",0.0047443175279742
"518","48315",0
"519","48081",0
"520","48475",0
"521","48163",0.0242011640077776
"522","48313",0
"523","48083",0.000615006150061501
"524","48289",0.000980135912179822
"525","48005",2.6421475375185e-05
"526","40143",0.00140929673286769
"527","40089",0.000161030595813205
"528","40113",0
"529","40087",0.00553727564437564
"530","40141",0.0298176402506394
"531","40095",0.0057435503358958
"532","40077",0
"533","40055",0
"534","40151",0
"535","41047",0.0701957878555076
"536","41057",0.0047308773921946
"537","41065",0.149871985246876
"538","41043",0.050870550087116
"539","41021",0.0267539502020387
"540","41063",0.0183293070107235
"541","41017",0.0046421411727887
"542","01119",0
"543","05039",0
"544","05013",0
"545","05081",0
"546","05029",0.00519224548860983
"547","16087",0.065015056982963
"548","05003",0.0106275071056045
"549","05103",0
"550","05019",0
"551","05073",0.00627769571639586
"552","05063",0.000653084095109803
"553","05147",0.127163458346338
"554","05093",0.0229215149566679
"555","06003",0
"556","05091",0.00178111028793902
"557","05095",0.0537886671279262
"558","05017",0.10395733681461
"559","16081",0.0289176396499389
"560","48477",0.00240416795668894
"561","48075",0.0415345771601878
"562","48487",0.0190687708128026
"563","48333",0.0184900501429808
"564","48411",0.00235760140842566
"565","48419",0.00254491994060837
"566","48105",0
"567","48051",0.0195637518281571
"568","55111",0.0022348429024413
"569","55003",0
"570","55023",0.0180727212298284
"571","55037",0
"572","55051",0
"573","30093",0
"574","30037",0
"575","30083",0.00328054298642534
"576","30059",0
"577","30047",0.0111555086720717
"578","30061",0
"579","30015",0.0747909887317946
"580","49043",0
"581","49003",0.00874281850914533
"582","49051",0.00114485418173054
"583","49005",0.00130258420898516
"584","49001",0.015052359240561
"585","49047",0.00220486553355777
"586","49019",0
"587","01025",0
"588","01039",0.00441659459857232
"589","01099",0.00198174061542876
"590","01005",0.00864197984868595
"591","01085",0.0237837605849941
"592","01051",0.00065590312815338
"593","36075",0.00756033774633598
"594","36069",0.00408258737360245
"595","36117",0.0598784734032934
"596","36051",0.00984937169774911
"597","36027",0.00499304971486973
"598","36077",0.00123842738279584
"599","36113",0.000905711495447815
"600","36009",0.00326872428694956
"601","48113",0.000349717317162484
"602","48085",0.000623806180020858
"603","48453",0.000469489309997173
"604","48181",0.00271407956478784
"605","48141",0.0016855034088349
"606","48039",0.00352023068285874
"607","48409",0.017374056441967
"608","48199",0.000603473035230618
"609","06101",0.144254641293709
"610","06027",0
"611","06109",0.000332695666638942
"612","36013",0.00884260373829462
"613","06011",0.22554279275421
"614","06057",0.00274084149793639
"615","36017",0.00689346075934558
"616","06015",0.0231872568672929
"617","08005",0.00019174058293644
"618","12095",0.00329899549705855
"619","12101",0.00311741437471374
"620","12071",0.00518780827604294
"621","12105",0.00845385996743728
"622","08051",0.00167876475434318
"623","09011",0.00656237550649969
"624","10001",0
"625","11001",0
"626","08113",0
"627","12009",0.000597295682140693
"628","12097",0.00174389037071326
"629","12063",0.012414077697717
"630","12017",0.00195926248667173
"631","12015",0.00537213649705644
"632","42089",0.00243586357100873
"633","12049",0.102815771153722
"634","12077",0
"635","12013",0.0482028747688631
"636","12047",0.0686608659562166
"637","12129",0
"638","29095",0.00104627622683295
"639","29033",0.0757396990761842
"640","29029",0
"641","29123",0
"642","29023",0.00979375384692416
"643","29103",0
"644","29171",0.040856426015095
"645","29157",0.00408527755258737
"646","29003",0.0218802901946811
"647","25017",0.0019829009447666
"648","26003",0
"649","26063",0.0294471988467808
"650","26129",0.00148478099480327
"651","26109",0
"652","26073",0.00376935500170893
"653","26055",0.00255300355395782
"654","26013",0
"655","26141",0.0235877309034672
"656","48063",0
"657","48115",0.126932697238829
"658","48287",0
"659","27075",0
"660","72147",0
"661","72047",0.0193487206944668
"662","72141",0.0726032392410589
"663","72031",7.6137375251839e-05
"664","72039",0.0637441487999905
"665","72033",0
"666","04009",0.0231644485406866
"667","04007",0
"668","04021",0.0163121420572973
"669","15009",0.0126748995000714
"670","15007",0.00131806199436415
"671","16039",0.0319293723998941
"672","27137",0.00047116887432765
"673","27061",0
"674","27145",0.00130061709380581
"675","27103",0.00141761851695679
"676","27127",0.0188709821996666
"677","27097",0.00737150024213291
"678","27089",0.0691342469438583
"679","27147",0.0130912974169505
"680","27031",0
"681","27011",0.00882687817395794
"682","38105",0
"683","38019",0.0375959975072276
"684","22069",0.000639573285218012
"685","22063",0
"686","22099",0.00638846583735967
"687","22015",0
"688","22127",0
"689","22079",0.0111622398482333
"690","22091",0
"691","22115",0
"692","22001",0.00760391118502413
"693","22045",0.0154369121954795
"694","22025",0.0246554553531922
"695","22047",0.0115911174906402
"696","38099",0.138073852951159
"697","38071",0.0170442187384644
"698","38031",0
"699","38085",0.0250095159002042
"700","54013",0
"701","54007",0
"702","22081",0
"703","28045",0
"704","48407",0
"705","48387",0.0103785403177743
"706","48055",0.00258312949117854
"707","45035",0.000983545549550623
"708","45083",0.00134775706107022
"709","45073",0.000164011246485473
"710","45047",0
"711","45079",0.00130610291059296
"712","45031",0.00540322557950498
"713","45057",0.000630133528846366
"714","45055",0.000152853260869565
"715","45049",0.0144075208618476
"716","45067",0.00732887592054957
"717","21065",0
"718","22055",0.000477163093067452
"719","47003",0.00016836276563903
"720","47035",0.000656221868533148
"721","47053",0.0104203981077418
"722","47159",0
"723","47165",0.000402798103113936
"724","47149",0.000564621222284194
"725","46123",0.034889887524584
"726","46093",0
"727","46071",0
"728","46075",0
"729","47065",0.000134286222162286
"730","47089",0
"731","47005",0
"732","47185",0
"733","47041",0.0289511329521045
"734","47001",0
"735","47029",0.00617841222142264
"736","47145",0
"737","47009",0.000795636312665503
"738","47147",0.00783320793035936
"739","47141",0
"740","47043",0
"741","47011",0.00542910240275726
"742","46085",0.0533841411149284
"743","47091",0
"744","20001",0
"745","47135",0
"746","47183",0.00562710913490408
"747","47143",0.007109164623546
"748","47127",0
"749","47175",0
"750","56033",0.00203702628006209
"751","56003",0.0383357887090708
"752","54107",0
"753","54059",0
"754","54011",0
"755","54067",0
"756","54083",0
"757","54003",0.00627734121313452
"758","54053",0
"759","54041",0
"760","54073",0
"761","54027",0.00718794665475035
"762","13219",0.0130437017544916
"763","13237",0.00163098878695209
"764","04012",0.0606835137636751
"765","13201",0.068101848302813
"766","51149",0
"767","51157",0.0284882839253319
"768","51067",0
"769","51087",5.54682721483312e-05
"770","51017",0
"771","51141",0.0123400103214076
"772","51177",0
"773","51037",0.00417987722525376
"774","51109",0
"775","51101",0.00366290594311605
"776","51033",0.00725764336505041
"777","51181",0.0014350143501435
"778","51678",0
"779","13135",0.000423026934252009
"780","13103",0.00210927769042493
"781","13067",2.11919438278714e-05
"782","13089",1.02454435718224e-05
"783","13153",0.00148367794438787
"784","13229",0.0147141426432606
"785","13077",0.000592734942750785
"786","13317",0
"787","13217",0.000159002785006541
"788","13019",0.0616409671178669
"789","19195",0.00219178082191781
"790","19029",0.00790213464377186
"791","20169",0.00101504742473116
"792","21203",0
"793","21193",0
"794","21069",0
"795","21183",0.00476294448698861
"796","21175",0
"797","20105",0.0194874352003998
"798","21063",0
"799","17097",0.000804694180758992
"800","39035",0.000367240670368046
"801","39075",0.00356626041731853
"802","39095",0.00104508648491962
"803","06071",0.00225474051358135
"804","06041",0.00208854458390058
"805","36053",0.0127798877411031
"806","36029",0.00113964703349948
"807","06063",0.00636844282013935
"808","06079",0.0522456726451445
"809","36103",0.00447457182472128
"810","06009",0.0142606540914403
"811","36065",0.00134123483668821
"812","08035",0.00114024046280207
"813","12057",0.00767260284967513
"814","12117",0.00103581786992551
"815","09003",0.00222595430728084
"816","12055",0.0722339035006691
"817","08013",0.00251053915686354
"818","12031",0.00102851536704551
"819","12107",0.0187668626677042
"820","08093",0
"821","08055",0.00447470817120623
"822","12109",0.00479578499686741
"823","42045",0.000268241519765162
"824","42111",0.0013541041487918
"825","42103",0
"826","42027",0.000895037812117875
"827","44003",0.00115021022810507
"828","55059",0.0029122962521282
"829","30027",0.000427228709769296
"830","30081",0.0123809965758852
"831","30049",0.000900301428446354
"832","30087",0
"833","30001",0.0167278361805295
"834","30013",0.00314827330068151
"835","30007",0.00680580762250454
"836","30055",0
"837","49057",0.00146648787438746
"838","49049",0.00262139554612732
"839","49017",0
"840","01003",0.00744479596590884
"841","13079",0.267667371219267
"842","13001",0.0198692247735643
"843","28007",0
"844","13283",0
"845","48073",0.0330698169013163
"846","34029",0.000654717694769569
"847","34033",0.0299709000501289
"848","35039",0.00093900911223854
"849","35043",0.0029710070022013
"850","28149",0.000663121121268407
"851","35021",0
"852","01129",0
"853","53061",0.00472884371239732
"854","51015",0.00622140680551004
"855","53055",0.0155628353032175
"856","51031",0
"857","53063",0.00747893383319806
"858","51051",0
"859","51195",0
"860","53015",0.0108786827111826
"861","33009",0.000842319665115202
"862","32019",0.0348767496951076
"863","24017",0
"864","21095",0
"865","21047",0.0042128642484814
"866","23013",0.00768170569024622
"867","23015",0.00449122428899348
"868","22035",0.133432151513189
"869","21027",0.00144374221741889
"870","21127",0
"871","21151",9.92702073411843e-05
"872","21231",0.0027533019254888
"873","51191",0.000246742992499013
"874","24025",0.00132143809559577
"875","24015",0.0199983223184423
"876","37089",0.0212789435459305
"877","37027",0.00206554166087972
"878","37133",0.00169520840422885
"879","37067",0.000398297837398925
"880","37193",0.0021296609778686
"881","37111",0.00130498196054349
"882","37117",0.0207585822815499
"883","37059",0.00103900637011019
"884","37103",0.00693160813308688
"885","32015",0.00313336123568703
"886","28047",0
"887","28029",0
"888","28011",0.0312810052774731
"889","28033",0.00118739765142586
"890","28103",0.00863055537321148
"891","28083",0.0196198431741126
"892","28137",0.00910536848394482
"893","48311",0
"894","16043",0.0773242196941121
"895","16035",0
"896","16029",0.0338094759788008
"897","16059",0.0034546388954074
"898","16083",0.0220195001335325
"899","16003",0
"900","16031",0.0579087928929123
"901","48229",0.158308438791316
"902","50009",0
"903","29113",0.00887373278854237
"904","29013",0.0261476466762509
"905","29205",0.0134559583535076
"906","26115",0.0078075908672066
"907","26125",0.00113596062821848
"908","26099",0.00364693298395016
"909","26103",0.00324950792906027
"910","18023",0.00977828389035027
"911","48449",0
"912","72095",0
"913","27053",0.000764300664772518
"914","27071",0
"915","27013",0.00250468347351089
"916","27015",0.00392093930799854
"917","27073",0.0114359631686758
"918","37053",0.00337242786428031
"919","38017",0.00349172335673898
"920","37177",0
"921","48395",0.0051011752814762
"922","22013",0
"923","22037",0.000812347684809098
"924","22053",0.00395501136053154
"925","22039",0.00232511805171281
"926","22009",0.0138216638634763
"927","38055",0.0188397709916092
"928","54093",0
"929","48501",0.0914519214953992
"930","28161",0
"931","16041",0.00626212718775294
"932","50021",0.000948403619762872
"933","51163",0
"934","51145",0.00529037619863337
"935","51035",0.00357891029763542
"936","51630",0
"937","51005",0
"938","02070",0
"939","02050",0
"940","02185",0
"941","02188",0
"942","31117",0
"943","78030",0
"944","23007",0.00548798255062592
"945","08037",0.000360072917756394
"946","08091",0
"947","08027",0
"948","31103",0
"949","08111",0
"950","02150",0
"951","01101",0
"952","51063",0.0436541063305874
"953","51167",0
"954","51047",0.0130187319880898
"955","53041",0.0172719597694459
"956","51003",0.0139145465085844
"957","13195",0
"958","13039",0
"959","13033",0.00934958871358044
"960","13127",0.000356796786232176
"961","13185",0.00246327686299482
"962","13105",0
"963","37165",0.0051308189012477
"964","19045",0.00225472141964563
"965","19147",0.0227854826117012
"966","18173",0.00218871449129285
"967","18019",3.78859632506156e-05
"968","19063",0.00804290123480024
"969","20081",0.0745167929162535
"970","21115",0
"971","21155",0
"972","17043",0.000750493938911923
"973","17153",0.0339928514984517
"974","17165",0.0035480295699012
"975","39049",0.000353044404039596
"976","06067",0.00494538874010722
"977","06073",0.00629541927610412
"978","06089",0.00519331183991617
"979","36045",0.00286117066652988
"980","36105",0.00141547991011126
"981","36031",0.00751709843846547
"982","36107",0
"983","48245",0.00054915302315748
"984","48499",0.00206892642557533
"985","48373",0
"986","48427",0
"987","48157",0.00119886626302034
"988","48467",0.0305941876585383
"989","48465",0
"990","48481",0.085873049530753
"991","48103",0
"992","48035",0.00619277166633918
"993","48127",0
"994","48175",0
"995","40027",0.00227909300388856
"996","40145",0.00681082772326041
"997","40079",0.00662820754696446
"998","40067",0
"999","41041",0.00119082263427212
"1000","41033",0.0203097258195275
"1001","41067",0.00982087088280962
"1002","06051",0.00404018410597564
"1003","05075",0.0373463991872789
"1004","05057",0
"1005","05131",0
"1006","06091",0
"1007","16033",0.145991425447391
"1008","48007",0
"1009","48393",0
"1010","48399",0.014847469422723
"1011","48015",0.00044271294492651
"1012","45003",0.00123154365107105
"1013","45019",0.000640142317324589
"1014","45041",0.000414802768927924
"1015","45077",0.000928613871090918
"1016","45075",0.0153091216907259
"1017","21229",0
"1018","47105",0.0102029816486015
"1019","47157",0.000349883395144894
"1020","47025",0
"1021","47121",0
"1022","47063",0.000508222310959451
"1023","47073",0
"1024","46009",0.0297988356400943
"1025","46057",0.0179781725673319
"1026","20101",0.132973592576584
"1027","56013",0.00111762368368766
"1028","54039",0
"1029","54033",0
"1030","54045",0
"1031","16049",0
"1032","12065",0.0781377030054748
"1033","12007",0.0011937606012625
"1034","29183",0.00110815299543034
"1035","29195",0.031237518816597
"1036","29143",0.0508796038342821
"1037","37017",0.0240382170756872
"1038","42127",0.00110691959664701
"1039","42133",0.00362447133995476
"1040","42063",0.00871398509945173
"1041","44005",0.00375789673118373
"1042","55057",0.013078970256747
"1043","48001",0.0024415571618281
"1044","48025",0
"1045","48401",0.000284138361532814
"1046","48233",0.00167224535750243
"1047","40133",0
"1048","41039",0.00920833865357056
"1049","05119",0.000304508030553985
"1050","05139",0
"1051","05045",0.000742546497154304
"1052","05109",0
"1053","05021",0.0854739487901328
"1054","05121",0.00863886989128287
"1055","27021",0
"1056","27173",0.0110819288198781
"1057","16073",0.0264243299630878
"1058","37143",0.0326803556745991
"1059","38077",0.0396226494027365
"1060","38045",0.0721683215404424
"1061","38059",0.00225776106476026
"1062","54063",0
"1063","54057",0
"1064","28049",0.000692275327103856
"1065","45005",0.0219199924357129
"1066","22033",0.000102612885521887
"1067","47033",0.0200414259309455
"1068","47081",0.000363372093023256
"1069","47093",0.000613661419432418
"1070","47013",0
"1071","47181",0
"1072","46083",0.00159151098753649
"1073","46117",0.00564588979223126
"1074","47057",0
"1075","47019",0
"1076","46041",0.00576016576016576
"1077","20129",0.0258435250238529
"1078","54099",0
"1079","54085",0
"1080","56035",0
"1081","54065",0.00715061358402493
"1082","51073",0
"1083","51036",0.0593987672534839
"1084","51595",0
"1085","28051",0.0483165375261056
"1086","28055",0.133731457667628
"1087","12029",0
"1088","16015",0
"1089","16085",0
"1090","16027",0.0283232902021536
"1091","50025",0.00685059058378685
"1092","13013",0
"1093","13313",0
"1094","34041",0.0102985638414455
"1095","53033",0.00103461479900043
"1096","01063",0
"1097","31167",0.016959043937259
"1098","21037",0
"1099","51105",0
"1100","25005",0.00461072354778956
"1101","37139",0.00884907655969402
"1102","37107",0.00518288071230136
"1103","20019",0
"1104","36043",0.000810768799290891
"1105","12001",0.0108296529831128
"1106","12083",0.00263732226895105
"1107","08071",0.00715201304250135
"1108","48391",0.0292330376970936
"1109","48161",0.00166908563134978
"1110","48403",0
"1111","30071",0
"1112","30063",0.00139950240222264
"1113","30089",0.00627952535903392
"1114","30105",0.00802265139144539
"1115","30023",0
"1116","49013",0
"1117","49037",0
"1118","49023",0.0222736298610573
"1119","36019",0.00971038522409758
"1120","48457",0
"1121","48167",0
"1122","48139",0.000990241156238361
"1123","48491",0.000484856042215173
"1124","48061",0.00342606533310531
"1125","48349",0.00749889883744813
"1126","12103",0.000350051488677625
"1127","12041",0.0370958957452361
"1128","08059",0.0024022555154841
"1129","09001",0.000528683241552671
"1130","10003",0.000537030191754512
"1131","12033",0.000779115236931541
"1132","29037",0.0166947037124771
"1133","29203",0
"1134","29041",0.0353433868418575
"1135","26047",0.00344990968914155
"1136","26147",0.0017658767814308
"1137","26119",0
"1138","26153",0
"1139","72107",0.00481859410430839
"1140","69110",0
"1141","69085",0
"1142","04025",0.00528543116535838
"1143","04027",0.158834905584207
"1144","36085",0
"1145","36067",0.00208952202495872
"1146","06023",0.0192334003197008
"1147","06035",0.0653010237014435
"1148","32003",0.00209512164420961
"1149","32033",0.00302521008403361
"1150","23005",0.00572296197527797
"1151","21089",0
"1152","22117",0.0096421437129152
"1153","20091",0.000366387490228714
"1154","22123",0.073603974751504
"1155","23017",0.011539577328631
"1156","22125",0
"1157","21139",0
"1158","51069",0.00666796258413916
"1159","23025",0.0181695927174338
"1160","24005",0.00229888490252736
"1161","24043",0.00130138921707544
"1162","25021",0.0032170853110596
"1163","24009",0
"1164","37013",0.014489708940657
"1165","37101",0.00796070198092678
"1166","37035",0.000882044148730817
"1167","37019",0.00267019229778786
"1168","41001",0.0335691051222288
"1169","05145",0.00157278552643749
"1170","05107",0.0591800049130674
"1171","05007",0
"1172","48185",0.000834425796604783
"1173","30031",0.00831061047183222
"1174","30099",0.0400469769750164
"1175","49045",0
"1176","49029",0
"1177","50027",0.00260325073873443
"1178","48091",0.000629107001673663
"1179","08049",0
"1180","12053",0.00332709249858143
"1181","29207",0.0320279627669013
"1182","25015",0.00713087535735876
"1183","48319",0.0185840581313911
"1184","72023",0
"1185","27171",0.00760880445566388
"1186","37029",0.0620338503028695
"1187","48425",0
"1188","26083",0
"1189","22041",0.010966676420917
"1190","22083",0.0184065504131096
"1191","54075",0
"1192","45071",0.000298971537909591
"1193","22101",0
"1194","47119",0.000706058778716844
"1195","47021",0
"1196","47049",0
"1197","54081",0
"1198","54021",0
"1199","51175",0.0363545929599589
"1200","51179",0
"1201","51127",0
"1202","13091",0
"1203","28151",0.0308013371356599
"1204","29087",0.0532638146013499
"1205","13163",0.024560720572475
"1206","13051",0.000360772599685457
"1207","13289",0.00866164365325501
"1208","01023",0
"1209","53035",0.00298740906484559
"1210","51187",0.00202801307673819
"1211","01069",0.00300546065954214
"1212","21195",0
"1213","22105",0.00346468929787448
"1214","37061",0.0262794744977788
"1215","37051",0.000978903419811657
"1216","20059",0.0093127548739227
"1217","39105",0
"1218","06045",0.0541560882764355
"1219","08001",0.00335474593148661
"1220","08077",0.00568577086816594
"1221","12131",0.000286051286879666
"1222","30033",0
"1223","48041",0.00149427022945109
"1224","48489",0.086167982970948
"1225","48303",0.00547309216236629
"1226","40023",0.00289750090546903
"1227","41019",0.00722931885345709
"1228","41031",0.054455255045892
"1229","05061",0
"1230","45081",0.021460278746484
"1231","45065",0
"1232","47085",0.000148397309062129
"1233","54031",0
"1234","26107",0
"1235","72127",0.00032221584769625
"1236","27107",0.116952072584565
"1237","48235",0
"1238","54103",0
"1239","16023",0.00190004733980645
"1240","51085",0.0085961541951484
"1241","02013",0
"1242","08043",0.00228662466916746
"1243","08109",0.239593378910601
"1244","34013",6.07943771468443e-05
"1245","01071",0.000224667711797094
"1246","13029",0.000213121085031986
"1247","13305",0.00452175767663064
"1248","37085",0.00531914306311187
"1249","18179",0.00646593566841213
"1250","18025",0
"1251","21055",0
"1252","20161",0.00759547495965443
"1253","21237",0
"1254","17189",0.0128550669908963
"1255","06059",0.00105804648745129
"1256","06007",0.0399399959010728
"1257","01077",0.00148468132964496
"1258","53031",0.00957264294193431
"1259","22057",0.00407279695958835
"1260","51117",0.0118421301163791
"1261","51027",0
"1262","24011",0.0493121902696574
"1263","42029",0.0198790055095639
"1264","42017",0.0018491823480958
"1265","55043",0.0087937206086791
"1266","48207",0.0803251500756889
"1267","30039",0
"1268","30053",0
"1269","30043",0
"1270","49055",0
"1271","48053",0.00413824892122672
"1272","48283",0
"1273","48239",0.02369634076908
"1274","48011",0.00435540069686411
"1275","45025",0.00394758809145922
"1276","47179",0
"1277","46137",0
"1278","60050",0
"1279","29189",0.000992536313871727
"1280","29099",0.0013432596066786
"1281","48263",0
"1282","27165",0.00391080538713488
"1283","27037",0.00522411209554715
"1284","27077",0.0254095635894503
"1285","22097",0.00321476863255234
"1286","28109",0.00238975425908041
"1287","37075",0
"1288","51011",0
"1289","51095",0.000391786433578709
"1290","02100",0
"1291","16037",0.0091068987245862
"1292","34039",0
"1293","01049",0.000645356636308234
"1294","51077",0.00999421989347976
"1295","13133",0
"1296","13075",0.045206586648404
"1297","13311",0
"1298","19107",0.0033090170210181
"1299","18147",0.00552780860764372
"1300","18029",0
"1301","21025",0
"1302","21153",0
"1303","17111",0.00609782614250835
"1304","39069",0.00893360641175407
"1305","06053",0.346705743368807
"1306","06017",0.00585401687132668
"1307","53045",0.0178182090785939
"1308","51059",7.69014265848932e-05
"1309","21177",0
"1310","37091",0.0107370616258841
"1311","37153",0
"1312","42129",0.000207165273810783
"1313","42005",0.00557211905117573
"1314","48459",0
"1315","48369",0.0437287058900945
"1316","40125",0.00286135206605483
"1317","22073",0.000327747138291098
"1318","54023",0
"1319","45091",0.000830963553259682
"1320","47123",0
"1321","46095",0
"1322","47151",0
"1323","46127",0.000655569490365979
"1324","54019",0
"1325","04015",0.00223066644746706
"1326","51199",0
"1327","51155",0
"1328","18129",0
"1329","21033",0.0108685708000763
"1330","20023",0.0455657342304935
"1331","06077",0.0566361890685299
"1332","08123",0.0150259106173363
"1333","37125",0.000972558654787224
"1334","37131",0.0158789616113732
"1335","28089",0.000779193432806902
"1336","48355",0.00281619394525214
"1337","48133",0.00107544130101108
"1338","48469",0.000169802350064525
"1339","41055",0.0301880846471599
"1340","41045",0.0842484742884507
"1341","05117",0.102624104250458
"1342","45059",0
"1343","47115",0
"1344","47167",0.00869358988667395
"1345","13221",0.0619319476134183
"1346","26053",0
"1347","27129",0.0608864015357019
"1348","37095",0.084911017073991
"1349","22085",0
"1350","54095",0
"1351","28013",0.129755288295342
"1352","28021",0
"1353","46073",0.0178463201215137
"1354","48261",0
"1355","08015",0.00473441342074349
"1356","13107",0.00521875766434769
"1357","37037",0.00281155773488109
"1358","18175",0.0039320384076724
"1359","20143",0.017035781967687
"1360","21067",0.000442090849628408
"1361","36055",0.0013219057828924
"1362","01047",0.00572912972298285
"1363","01027",0
"1364","31055",0.00134465918460578
"1365","22011",0
"1366","51185",0
"1367","24027",0.00122729749310172
"1368","42041",0.00159875690090198
"1369","55029",0.00777263945035747
"1370","48059",0
"1371","48371",0.00839753156304533
"1372","41005",0.0262004533652383
"1373","05041",0.0674987909400483
"1374","05149",0
"1375","30035",0.00710267293211585
"1376","49015",0
"1377","49031",0
"1378","06021",0.224240559187036
"1379","08019",0
"1380","12037",0
"1381","29019",0.00180587907529012
"1382","48435",0
"1383","27027",0.013287246974673
"1384","48327",0
"1385","22077",0.0277126588562934
"1386","48107",0.218398118930598
"1387","22021",0
"1388","53077",0.290155176401921
"1389","13271",0
"1390","13191",0
"1391","20069",0.0522668320850248
"1392","17003",0.00571314670905147
"1393","06085",0.00278990398509008
"1394","45015",6.58972369334397e-05
"1395","47051",0.0102558208730191
"1396","47117",0.00273907056320123
"1397","66010",0
"1398","48067",0.00136408403418414
"1399","41051",0.0035960495656888
"1400","22059",0
"1401","47187",0.000746666931348603
"1402","04005",0
"1403","49007",0
"1404","12023",0.00777277337198868
"1405","26089",0.0354421559313794
"1406","24031",0.00132183123239749
"1407","13009",0
"1408","13181",0
"1409","01059",0
"1410","24019",0.00721869126290022
"1411","37159",0.0044278328543092
"1412","37009",0.01834291592577
"1413","20141",0
"1414","06055",0.0836978514426927
"1415","36063",0.00737837137476717
"1416","12039",0.378722577496215
"1417","55007",0.0147322964617166
"1418","13137",0
"1419","40013",0.0117744622542561
"1420","40065",0.00975858131360871
"1421","05085",0.0253607787437363
"1422","05015",0
"1423","48017",0.0525921071411917
"1424","30029",0.00448325960233714
"1425","50017",0.0231956637096822
"1426","48339",0.000389253430997625
"1427","48241",0
"1428","36091",0.00167820257722713
"1429","08031",0.00436858006681329
"1430","26029",0.00267045091204426
"1431","48033",0.00675675675675676
"1432","69100",0
"1433","27163",0.00985803323853198
"1434","38053",0.0035901910365617
"1435","13059",0.000809892189271008
"1436","13223",0
"1437","13207",0
"1438","13069",0.0295478671131976
"1439","13071",0.0683886483291165
"1440","13161",0
"1441","13225",0.0673046082029984
"1442","13149",0
"1443","13093",0.0498337349814985
"1444","13231",0
"1445","28157",0
"1446","48153",0.268024784386865
"1447","45009",0.0227025537951659
"1448","47059",0
"1449","47155",0
"1450","54047",0
"1451","13303",0
"1452","51079",0
"1453","51053",0.0027219067932527
"1454","21187",0
"1455","06069",0.129581072884555
"1456","10005",0.00544875472847898
"1457","34003",0.000580390365475932
"1458","53053",0.00260249964003165
"1459","31013",0.0614664229398661
"1460","23031",0.0103218974949131
"1461","21119",0
"1462","37057",0.000672411107186254
"1463","29057",0.0233369098944874
"1464","04017",0
"1465","02122",0.00484326809726416
"1466","31075",0
"1467","13267",0.0607975912626339
"1468","48353",0.00964964216278498
"1469","41035",0.0328647498055396
"1470","05069",0.00449483637323959
"1471","45029",0.000614552605703048
"1472","54071",0.003090522786636
"1473","29027",0.00328098846034215
"1474","55009",0.000738225324376695
"1475","48225",0
"1476","27139",0.00104538586416075
"1477","22067",0.0283946379800274
"1478","46103",0.00046366771456438
"1479","20199",0.131592114333286
"1480","04003",0.0256098668547954
"1481","37043",0
"1482","49033",0
"1483","48361",0
"1484","12075",0.0237394369753465
"1485","12005",0.000635514372131597
"1486","26041",0.00180775013338079
"1487","22017",0.0011217678286484
"1488","24021",0.00212692948152864
"1489","60020",0
"1490","45053",0
"1491","37137",0.0182441058290081
"1492","06113",0.0678604800895795
"1493","13321",0.0429230122354869
"1494","35059",0
"1495","35023",0.0530764405711012
"1496","51660",0
"1497","51025",0.00805847382517235
"1498","33001",0.00302729101195982
"1499","32007",0.00176119758631535
"1500","32023",0.0111772306553153
"1501","31001",0.0109078609583421
"1502","31185",0.0374839868738629
"1503","31159",0.0219111143827419
"1504","31129",0.0134632721429578
"1505","01037",0
"1506","51135",0.000809061488673139
"1507","53059",0.017454440601957
"1508","53023",0.158163265306122
"1509","35001",0.00100236554723281
"1510","35029",0.0397881618778995
"1511","35006",0
"1512","35019",0
"1513","31149",0.0103734439834025
"1514","31033",0.00668113872035134
"1515","31021",0.0248754186068231
"1516","31087",0
"1517","31105",0.0298514115917946
"1518","31139",0.00836009834070751
"1519","31175",0.0519252016732223
"1520","31125",0
"1521","21163",0.00313005147561255
"1522","51590",0
"1523","20037",0.00404099552045937
"1524","21213",0.00296871548877734
"1525","23029",0.0244899278641668
"1526","21141",0.0159480043168709
"1527","21157",0.00116895236804782
"1528","25001",0.000970334024258062
"1529","31037",0.0044707378622735
"1530","31137",0.0253296281751636
"1531","31027",0.0391672698687433
"1532","31119",0.00204793010601752
"1533","31051",0.0116719581431478
"1534","31019",0.00681627253522861
"1535","31045",0
"1536","37097",0.000710371245319739
"1537","37001",0.000701984494591883
"1538","37169",0.00588361981393812
"1539","32029",0
"1540","19019",0.00993381405041989
"1541","19183",0.00578169122627193
"1542","19153",0.000638436399465336
"1543","19127",0.00975214882162179
"1544","19049",0.00662653542969265
"1545","19023",0.0214166877698445
"1546","19041",0
"1547","18093",0
"1548","37197",0.00534086997603214
"1549","37049",0.00191049051681327
"1550","37073",0.0400614823755531
"1551","37005",0.0979333506768714
"1552","53003",0.00687939873296109
"1553","25003",0.00510156589700687
"1554","18037",0.0015935629444172
"1555","18127",0.000831039632937092
"1556","19057",0.000519246512314809
"1557","19145",0.00540827450433048
"1558","18109",0.00355522443089118
"1559","18001",0.0038295744624215
"1560","19055",0.00267106277723946
"1561","19009",0.013647156540237
"1562","18133",0.00270087918815289
"1563","18041",0.0111551244829144
"1564","19137",0.0449460342407465
"1565","20121",0.00388184881173255
"1566","20087",0.00497363725145539
"1567","18119",0.00240121964962663
"1568","18177",0.00204949177595336
"1569","18141",0.00135574454056373
"1570","18017",0.00433733433619275
"1571","19079",0.0120450847242912
"1572","19191",0.00354979547142006
"1573","19017",0.00473497778542475
"1574","19171",0.0166271498280377
"1575","19015",0.0307575025692091
"1576","19087",0.0106817459118534
"1577","18149",0.0253002287925598
"1578","26157",0.027414832199232
"1579","26149",0.0278647315850073
"1580","13063",0
"1581","13023",0
"1582","13235",0.0535185280493377
"1583","72143",0
"1584","72019",0.0456623168496837
"1585","28005",0
"1586","28131",0
"1587","28117",0.0018745883393238
"1588","26101",0.0145428547525807
"1589","02060",0
"1590","38007",0
"1591","13199",0.0127112859943603
"1592","13197",0
"1593","72099",0.0172988796272907
"1594","72139",0.00135016247919474
"1595","28027",0.0734334056991437
"1596","28101",0
"1597","28069",0
"1598","13101",0.351699419952479
"1599","32017",0.0411938874559725
"1600","31171",0
"1601","13193",0.0277628667301328
"1602","72053",0.000861868660056771
"1603","16063",0.0599829554377573
"1604","16071",0.0321040464906746
"1605","31165",0
"1606","23019",0.0021287063437781
"1607","51640",0
"1608","13211",0.000338432381210234
"1609","13287",0.0275676343252531
"1610","72057",0.000666980539861896
"1611","04011",0
"1612","16067",0.152284385162574
"1613","51125",0.0477655573084077
"1614","51111",0.00476134166795042
"1615","51600",0
"1616","51620",0
"1617","08039",0.00357505778082965
"1618","08095",0.0856838915956674
"1619","08119",0
"1620","08007",0.00745961099764083
"1621","37077",0.0102406461603293
"1622","37191",0.0142080828087329
"1623","04023",0.0155973891996615
"1624","27005",0.0151558199064385
"1625","27095",0
"1626","27115",0.00279010620436681
"1627","27113",0.00449403753416438
"1628","51775",0
"1629","51735",0
"1630","51530",0
"1631","02220",0.00498577924721444
"1632","02180",0
"1633","02105",0
"1634","08115",0
"1635","08017",0
"1636","08079",0
"1637","37157",0.000452192968856875
"1638","37045",0.00343445850586788
"1639","27029",0.013657269134128
"1640","27039",0.00460266696700014
"1641","27041",0.00310687980521734
"1642","13253",0.135733534484859
"1643","13281",0
"1644","13243",0.0446488247238639
"1645","34037",0.00202677964937055
"1646","19181",0.00299628674591967
"1647","19155",0.00686810447930159
"1648","27079",0.00378529393661214
"1649","27169",0.00283271328999901
"1650","13125",0
"1651","12051",0.230667805310977
"1652","29181",0
"1653","35028",0
"1654","35027",0
"1655","35041",0.00380434782608696
"1656","19103",0.00197152402867403
"1657","19113",0.00122453660942258
"1658","19061",0.000276338807989985
"1659","27161",0.0148584503368203
"1660","27049",0.00376267574292136
"1661","29097",0.0021322448915017
"1662","29510",0
"1663","35005",0.0162379444248217
"1664","35057",0.0391529687033108
"1665","01103",0
"1666","37003",0.0039247330942941
"1667","19169",0.00719634323420226
"1668","19027",0
"1669","19179",0
"1670","27025",0.000938817081607797
"1671","27033",0.00602692362856284
"1672","27051",0.0714513723157654
"1673","29067",0
"1674","29091",0
"1675","29081",0.0138510406697716
"1676","51049",0
"1677","13159",0
"1678","19059",0.00327898184799494
"1679","19033",0.00236136958745584
"1680","19123",0.0106460467670045
"1681","38001",0.0212052367193775
"1682","38009",0.0222885283053729
"1683","29107",0.0212484754055077
"1684","29167",0
"1685","13055",0
"1686","13111",0
"1687","26113",0.0054858934169279
"1688","26051",0.00749133979602813
"1689","18165",0.00341262721106898
"1690","38029",0.073411577047416
"1691","29185",0
"1692","29173",0
"1693","29053",0.00648487145227495
"1694","13257",0
"1695","13119",0
"1696","18181",0.014921416939958
"1697","18135",0.0158372454409581
"1698","18101",0
"1699","21201",0
"1700","22049",0
"1701","29007",0.00657712025947225
"1702","29177",0.0196829823167381
"1703","29229",0
"1704","13297",0.00192726127199639
"1705","13065",0.018882064379684
"1706","18115",0
"1707","18161",0.00694180226209241
"1708","56027",0
"1709","48345",0
"1710","22007",0
"1711","38073",0.0365431650302749
"1712","38091",0
"1713","29199",0
"1714","29065",0
"1715","29163",0.0431569246962916
"1716","29075",0.0196172958432238
"1717","13015",0.00205653839834553
"1718","13081",0.0160820335601548
"1719","48129",0.00832416911045943
"1720","48173",0.177844074737815
"1721","48359",0.0236747424070214
"1722","48505",0
"1723","38043",0.188890133807937
"1724","54087",0
"1725","28085",0
"1726","28003",0.00286945208553768
"1727","28043",0.000782568312525582
"1728","29051",0.000310775574555818
"1729","29001",0.000495180245609402
"1730","26117",0.0234623178871176
"1731","13085",0
"1732","13227",0
"1733","13131",0.0776667359457242
"1734","72059",0.137348471139255
"1735","72005",0.00192078023954133
"1736","28129",0
"1737","28153",0
"1738","28159",0
"1739","28067",0
"1740","26127",0.0745690179256811
"1741","26005",0.0157354885908395
"1742","26155",0.00175324741807459
"1743","13233",0
"1744","13011",0
"1745","13047",0
"1746","72063",0.000679809653297077
"1747","72121",0.0439990194546564
"1748","48497",0.0019427837913537
"1749","48463",0.0193964076679545
"1750","48479",5.24592556053833e-05
"1751","48203",0
"1752","48095",0.0155905717954276
"1753","47067",0
"1754","21143",0
"1755","20067",0
"1756","21191",0
"1757","20057",0.00778719666332756
"1758","12085",0.00463600059298603
"1759","08085",0.0101669193646857
"1760","08061",0.115340649447666
"1761","48189",0.0142423403642856
"1762","48069",0.0601053471891687
"1763","48317",0.0819405481582637
"1764","48275",0.0927028854546332
"1765","47087",0
"1766","17145",0.00105519480519481
"1767","17183",0.00669220450641765
"1768","08089",0.0294977392091916
"1769","42105",0.0120826947754962
"1770","42069",0.00309388528693019
"1771","48099",0.00213417608167697
"1772","48305",0.258158456910719
"1773","40037",0.0031140883473463
"1774","47103",0.0096543687853135
"1775","17007",0.0168619641248381
"1776","17081",0
"1777","17113",0.00356450006758829
"1778","17191",0.0184424939267471
"1779","42123",0
"1780","42117",0
"1781","42065",0
"1782","40063",0
"1783","40035",0.00115803814713896
"1784","40119",0.00213918235267542
"1785","47101",0
"1786","47133",0
"1787","17001",0.00388402334504694
"1788","17133",0.00640362758172507
"1789","42025",0.00801589279687706
"1790","42009",0.0171155578270866
"1791","40029",0
"1792","40073",0.0067524168582532
"1793","40033",0
"1794","46105",0
"1795","47075",0.0373391962726719
"1796","17121",0.0105814415859351
"1797","17095",0.00690784652334744
"1798","17159",0.00139745041664279
"1799","44001",0
"1800","55123",0.000492648173412157
"1801","40053",0.0411270083413659
"1802","41027",0.150268546834777
"1803","47153",0
"1804","46003",0
"1805","20039",0.0314525316329659
"1806","17083",0.00988395634090206
"1807","39137",0.0032777159101063
"1808","55115",0.00938836292771792
"1809","55101",0.00126822554268813
"1810","41009",0
"1811","41053",0.0454898028429703
"1812","54101",0
"1813","56045",0
"1814","54035",0
"1815","39025",0.00051676591257301
"1816","39157",0.000280236181364004
"1817","55035",0.00119299505467774
"1818","55019",0.00369768464250097
"1819","55041",0
"1820","01061",0.0561961254525841
"1821","17065",0.0315046271142826
"1822","17127",0.00201989346657052
"1823","46129",0.00165880425743545
"1824","47007",0.00712180746561886
"1825","20025",0.0110966057441253
"1826","39139",0.00160164378250487
"1827","39121",0
"1828","39021",0.00938204260605021
"1829","55107",0
"1830","55067",0.0366840456124094
"1831","30111",0.0027416444961803
"1832","05047",0
"1833","05105",0
"1834","20065",0
"1835","20185",0.0921161051422222
"1836","20083",0.0681393096317182
"1837","20189",0.117953369750534
"1838","56007",0
"1839","39127",0
"1840","39029",0.00499171946845277
"1841","30091",0
"1842","30017",0
"1843","30065",0
"1844","05051",0
"1845","05049",0
"1846","54069",0
"1847","13005",0.0400642354174937
"1848","39151",0.000579193663577644
"1849","39055",0.00522689220797193
"1850","30079",0
"1851","30019",0.0105489457730775
"1852","30107",0
"1853","05143",0.000387949607709059
"1854","05129",0
"1855","47077",0
"1856","46115",0.0468487999569888
"1857","46119",0.156732946054827
"1858","39169",0.00625817774187459
"1859","39037",0.00480713834658037
"1860","39103",0.00249084276726096
"1861","49053",0.000699352665997523
"1862","01081",0.00532125719819006
"1863","05083",0
"1864","05023",0
"1865","46039",0
"1866","46013",0.0102770063132116
"1867","47139",0
"1868","39059",0
"1869","39081",0
"1870","50023",0.00293964474783675
"1871","36101",0.00553220844337182
"1872","05079",0.0321495596025999
"1873","16017",0.00287493205964254
"1874","46011",0.00239996458377049
"1875","46101",0.0308525716135274
"1876","47111",0.000617131572451247
"1877","39111",0
"1878","39067",0
"1879","39027",0.0061183549554292
"1880","36001",0.000617577939139452
"1881","36037",0.0157087890218195
"1882","48255",0
"1883","48097",0
"1884","48347",6.02083207899332e-05
"1885","20045",0.00165092553522135
"1886","20027",0.0190490129310714
"1887","20055",0.00935756216974573
"1888","36049",0
"1889","36035",0.000136377805486284
"1890","08041",0.00154010816841163
"1891","36007",0.000828315112639192
"1892","36041",0
"1893","48093",0.0609078224808022
"1894","48165",0.133666150992076
"1895","48023",0.0031198003327787
"1896","21233",0.0189157303107831
"1897","20049",0
"1898","20107",0.0140938788311899
"1899","12019",0.000386486226383666
"1900","12087",0
"1901","08063",0.0281788048203201
"1902","48485",0.00135676706779725
"1903","48439",0.000728296684645358
"1904","45037",0.084812302194347
"1905","45085",0.00458379188992443
"1906","45089",0.0090508167128579
"1907","21103",0
"1908","20075",0.0260497367042541
"1909","20171",0.069567040929933
"1910","20117",0.00512952539226811
"1911","20029",0.0133802520802503
"1912","20053",0
"1913","08045",0.00578048995627497
"1914","12021",0.0170204469773886
"1915","48365",0
"1916","48221",0.00481133158817216
"1917","48145",0.00522389732249623
"1918","40137",0
"1919","40081",0.000609756097560976
"1920","26151",0.0214531585478719
"1921","26075",0.00344172801169615
"1922","17131",0
"1923","17155",0
"1924","36095",0.0149966472000256
"1925","36121",0.0235420405313833
"1926","40091",0
"1927","08067",0.00257162453943675
"1928","08121",0.044124113441949
"1929","12073",0.000584264478434186
"1930","12086",0.00868631020610805
"1931","26111",0.00113905810248708
"1932","26139",0.0262613772069929
"1933","26037",0.018386102517189
"1934","05125",0
"1935","05065",0
"1936","36097",0.0145246132275477
"1937","36109",0.00225087141806142
"1938","09015",0.00369399406730559
"1939","12027",0.159261183761975
"1940","26059",0.0189024198566105
"1941","26065",0.00528500007167043
"1942","26161",0.00183529262627445
"1943","05005",0
"1944","05071",0
"1945","36015",9.19489499429917e-05
"1946","48337",0
"1947","48503",0.000345849802371542
"1948","12115",0.000746970083936035
"1949","08075",0.0198274857170052
"1950","26027",0.0193218240038943
"1951","26159",0.0661737306020593
"1952","26023",0.0136497992431372
"1953","05101",0
"1954","05097",0
"1955","05111",0.0615161969308457
"1956","05087",0
"1957","48291",0.00326701509468375
"1958","48367",0
"1959","48027",0.000544007700680803
"1960","12061",0.0162039749195566
"1961","08103",0
"1962","13155",0.0670112284092848
"1963","26017",0.00841494730490882
"1964","26165",0.000262536098713573
"1965","05043",0.0261880443445233
"1966","05059",0
"1967","05141",0
"1968","48325",0.0184474789880873
"1969","48049",0.000256228319142226
"1970","06049",0.178196542962914
"1971","36111",0.0148772045244897
"1972","13043",0.00643371520573474
"1973","05113",0
"1974","12043",0.103794059912963
"1975","26079",0.0217797331881271
"1976","26143",0
"1977","42057",0
"1978","26085",0
"1979","05135",0
"1980","48375",0.000330267149738363
"1981","48341",0.0183817152318839
"1982","48483",0
"1983","18169",0.00800762620556842
"1984","18065",0.00676879983013517
"1985","18053",0.00216592989359607
"1986","19031",0.0196781412520532
"1987","12067",0.0238422230101848
"1988","29139",0.0138794514588949
"1989","48159",0
"1990","48101",0
"1991","48247",0
"1992","48417",0
"1993","48269",0
"1994","48021",0.00649073274382663
"1995","55127",0.00315268283190619
"1996","20035",0
"1997","20155",0.0105600323515905
"1998","20205",0.00293811117067406
"1999","20193",0.0317232160270605
"2000","29159",0.00162563055812433
"2001","29063",0
"2002","29211",0
"2003","72041",0.00199611684626867
"2004","72069",0.0291904733953068
"2005","55047",0.00365370887919255
"2006","55131",0.00381736149508257
"2007","17091",0.0077377054282922
"2008","17101",0.027659117946925
"2009","17041",0.0175478855891912
"2010","29155",0.0551635394348659
"2011","29213",0
"2012","29109",0.00586560359840573
"2013","18111",0.0267632334886054
"2014","18171",0.0793962001262467
"2015","55083",0.00641991784582239
"2016","55093",0.00446317385283088
"2017","39039",0.000692324184409048
"2018","39117",0.0163837303508855
"2019","39047",0.00944841081758276
"2020","31133",0
"2021","29077",1.90752327178392e-05
"2022","29121",0.0231201168671412
"2023","29221",0
"2024","48009",0
"2025","72085",0.00195878044626128
"2026","72025",0.00116186730523224
"2027","55129",0.00255646531568505
"2028","55125",0.00638585702215539
"2029","55069",0.00789505861353592
"2030","30075",0
"2031","31157",0.00835137830088161
"2032","31085",0.113158639959221
"2033","21161",0
"2034","42075",0.00309230189660004
"2035","29215",0
"2036","29147",0.00565142831021909
"2037","29169",0
"2038","40045",0
"2039","40003",0
"2040","30101",0.00283860502838605
"2041","30021",0.00124664365170694
"2042","55065",0.0150250781373734
"2043","48461",0.00330571586360599
"2044","48237",0
"2045","48143",0.00164352695135048
"2046","29061",0.00745619742309121
"2047","29117",0.00627896048311513
"2048","40069",0
"2049","40131",0.00397971188702836
"2050","40005",0
"2051","30095",0
"2052","31029",0.153233767151918
"2053","01057",0.00359717383711124
"2054","48429",0
"2055","48135",0
"2056","48131",0
"2057","48183",0
"2058","29165",0.000127219988804641
"2059","29105",0
"2060","40085",0.00618230620526636
"2061","40115",0.0375082659968924
"2062","49027",0.0306333442675619
"2063","01031",0.00170592928474481
"2064","01075",0
"2065","48357",0.0137658756140256
"2066","48089",0.0251213973466556
"2067","48137",0
"2068","48285",0
"2069","29187",0
"2070","29093",0
"2071","29225",0
"2072","40015",0.0110020685233491
"2073","40139",0.00948131023042085
"2074","40059",0.0111838699404618
"2075","01011",0
"2076","50005",0.00104958400997541
"2077","48019",0.00447526537867461
"2078","48299",0
"2079","40111",0.00499614603201916
"2080","29227",0
"2081","29011",0.0230152245355748
"2082","29005",0.0718464245514998
"2083","40149",0.0102373856292554
"2084","40093",0.0062220970748898
"2085","40043",0
"2086","36123",0.0214950950333825
"2087","36039",0.00416279948017716
"2088","40049",0.00444646122751453
"2089","40021",0.085090518440243
"2090","29125",0
"2091","26049",0.00164306914041707
"2092","26057",0.0198921265217065
"2093","41029",0.0160454728345659
"2094","40011",0
"2095","17039",0.0294867771884371
"2096","53051",0.0109516563369251
"2097","53039",0.19139451522877
"2098","37011",0.0190784174902642
"2099","37063",0.000347805186482333
"2100","19157",0.0311566991123055
"2101","19081",0.00440169208571959
"2102","19039",0
"2103","18091",0.00538584294481916
"2104","17093",0.00433473195583206
"2105","17063",0.00187078931551026
"2106","17117",0.00732667042569723
"2107","53013",0.136702959546307
"2108","33003",0.00129049653388925
"2109","32510",0
"2110","37135",0.00411096639725126
"2111","42007",0.000795938854929429
"2112","18049",0.016681351841478
"2113","18163",0.000782396665918511
"2114","19189",0.00926114839346219
"2115","19185",0
"2116","17199",0
"2117","17077",0.0031006097531016
"2118","32005",0.0032096358941751
"2119","32013",0.0313298117005952
"2120","31145",0
"2121","42119",0.00217881090995195
"2122","42121",0
"2123","18035",0.00290487851245097
"2124","18121",0.0145751656636227
"2125","17179",0.0015777040301567
"2126","17067",0.0476732350295514
"2127","31147",0.00485723058741691
"2128","31067",0.00428210481383426
"2129","31101",0.0244945460793391
"2130","42107",0.0124533621934481
"2131","42085",0.00316422005380847
"2132","18143",0
"2133","18077",0
"2134","17103",0.00472826893740008
"2135","17037",0.00852776784898988
"2136","31153",0.00107494754755076
"2137","31179",0.0115728131431867
"2138","42019",0.00284346943495416
"2139","42115",0.00167960201673846
"2140","19167",0.0105012619648484
"2141","18145",0.00899097776217761
"2142","19151",0.0171217522733768
"2143","17085",0.0062661750545067
"2144","17075",0.0143609748081734
"2145","17045",0.00715891585272682
"2146","31111",0.00672798076471344
"2147","31023",0.0354154711760568
"2148","31035",0.0622008496997761
"2149","42077",0.00144090409635399
"2150","42037",0.00320166991905068
"2151","18045",0.0217338923736442
"2152","18131",0.041490921178987
"2153","19129",0.00876025047273569
"2154","17195",0.00854401219975674
"2155","17135",0.00175294644189169
"2156","31043",0.00319696487504463
"2157","31083",0.0244356543478127
"2158","31057",0.0152733118971061
"2159","55027",0.00173511289158895
"2160","55025",0.000428785302111949
"2161","20183",0.0367738252767616
"2162","20015",0
"2163","17021",0.018777506432282
"2164","17029",0.0029278872537592
"2165","31065",0.044218479128658
"2166","31031",0
"2167","24045",0.00534090391183499
"2168","55079",9.01371365594921e-05
"2169","55055",0.00832181764027168
"2170","21009",0
"2171","20207",0.0319696705040324
"2172","17009",0.00192727988200356
"2173","17025",0.0045257521672616
"2174","51071",0
"2175","21041",0
"2176","22087",0
"2177","55133",0.000830628600462404
"2178","55017",0.00428016635830395
"2179","20209",0
"2180","20167",0.00241842265805382
"2181","20051",0.00111434365273677
"2182","20163",0.0156736469535266
"2183","39085",0
"2184","39019",0
"2185","51115",0
"2186","23009",0.00366071351402872
"2187","20175",0.00197023674295247
"2188","55135",0.00279028001021175
"2189","55053",0.0371552782527284
"2190","21215",0
"2191","20177",0.000220644550511745
"2192","21169",0
"2193","39041",0.00392443764193218
"2194","39107",0.00618201926703875
"2195","39161",0.00163700826568734
"2196","20099",0.000365163410626255
"2197","21185",0
"2198","21145",0.000680256710164302
"2199","51169",0
"2200","55095",0.00187261236472032
"2201","55049",0.0125141957848302
"2202","20153",0.0388003988899862
"2203","20103",0
"2204","20003",0.0128900063048184
"2205","39133",0.00201364113814002
"2206","39031",0.00173173663518647
"2207","21015",0.000460718407885355
"2208","51013",0
"2209","55078",0
"2210","48253",0.0213713935356622
"2211","48147",0.0170818681752087
"2212","21211",0.00430626214866944
"2213","20009",0.0114559935984967
"2214","20005",0.00410019550104653
"2215","39053",0
"2216","39009",0
"2217","39091",0.000620681062741035
"2218","21117",2.37981913374584e-05
"2219","21077",0.0015787099684258
"2220","48397",0
"2221","48307",0.00311396653905698
"2222","48227",0.0121045891516169
"2223","20135",0.00538760571534914
"2224","21087",0
"2225","21057",0
"2226","39063",0.000312269208349912
"2227","39073",0
"2228","39159",0.00166813415498508
"2229","21199",0.00141601913166755
"2230","21113",0
"2231","19193",0.00177482883697629
"2232","18011",0.0042185948983864
"2233","20113",0.00324505263336644
"2234","17011",0.0520447383747239
"2235","39071",0.00208289309470729
"2236","39033",0.00531952951309169
"2237","39175",0.00576502505923552
"2238","21021",0
"2239","21035",0.00375777738348309
"2240","21001",0
"2241","18059",0.00439194186803738
"2242","18063",0.00194697992263727
"2243","18057",0.00525295311697782
"2244","17157",0.00291026658938361
"2245","17173",0.0149897455100654
"2246","39065",0.0102294525730797
"2247","06075",0.000251394158602275
"2248","51510",0
"2249","25023",0.00402010234848641
"2250","37081",0.00113352162548423
"2251","18009",0.014988401212788
"2252","18075",0
"2253","18085",0.00298307825488637
"2254","18103",0.00912144011393835
"2255","19035",0
"2256","17015",0.00886743593894312
"2257","17119",0.00214307577951064
"2258","01125",0.000344904480689711
"2259","53001",0.230264282862228
"2260","31127",0.00594654626705084
"2261","31041",0.0426539544090359
"2262","31161",0.016122345020409
"2263","13293",0
"2264","28017",0.0111646005072541
"2265","28079",0
"2266","28111",0
"2267","28023",0
"2268","72129",0.00757356014532971
"2269","72015",0
"2270","31061",0.112097445495694
"2271","27131",0.00628601859672413
"2272","27055",0.00361637452981778
"2273","13255",0.00104304371618326
"2274","28025",0
"2275","28075",0
"2276","28057",0
"2277","72073",0.0164018452075859
"2278","72111",0.00791843586801368
"2279","15003",0.00424968454407287
"2280","38051",0.00750981021829204
"2281","38057",0.00170807678792214
"2282","13099",0.0325548974374074
"2283","13239",0
"2284","28073",0
"2285","28041",0
"2286","28133",0.047486677094296
"2287","28099",0
"2288","72089",0
"2289","27057",0.0401991243618735
"2290","27045",0.01486175365831
"2291","38025",0
"2292","54091",0
"2293","19139",0.00195102064344759
"2294","19161",0.0178738131907833
"2295","19083",0.0353683192037852
"2296","28071",0.00110969055838539
"2297","28097",0
"2298","27019",0.00110960550452537
"2299","27007",0.000666573024091958
"2300","28019",0
"2301","28081",0.00140340950518048
"2302","19133",0.0308526084663973
"2303","21221",0.0328937464263897
"2304","20079",0.0024242738774878
"2305","16065",0.016801273778373
"2306","02063",0.000386548125241593
"2307","02198",0
"2308","29079",0.0259549279606091
"2309","27065",0
"2310","27105",0.00300238537801707
"2311","27157",0.0025576273453603
"2312","28127",0
"2313","28031",0
"2314","19003",0.00879415587942046
"2315","19043",0.0040402850790551
"2316","51760",0
"2317","50011",0.00685294689545419
"2318","72009",0.0246147114551028
"2319","72115",0.00545761099234584
"2320","27067",0.0199062290172242
"2321","38011",0.00795379225452135
"2322","28037",0
"2323","28115",0.000350205453866268
"2324","28119",0.115217456767023
"2325","19071",0.0454317783640822
"2326","18005",0.00112349084685343
"2327","18079",0.000625833422009476
"2328","29101",0.00261598110218646
"2329","29141",0.00123676908288334
"2330","29085",0
"2331","38069",0.00483954870309801
"2332","46059",0.075090389413702
"2333","56031",0.00322269041721226
"2334","56043",0.0126215888462278
"2335","28065",0
"2336","28139",0.00637406970059131
"2337","28141",0
"2338","21061",0
"2339","20165",0.0100848385331144
"2340","20011",0
"2341","20095",0.000672645739910314
"2342","20077",0.00177993527508091
"2343","29217",0.0566101679231813
"2344","29145",0
"2345","51730",0
"2346","18137",0.00859908327553616
"2347","18113",0.00117381309526419
"2348","19135",0.00399578054921856
"2349","28147",0
"2350","16021",0.0699330580419022
"2351","16009",0.00108398733401336
"2352","18097",0.000368374249382249
"2353","19121",0.0185168664083592
"2354","29045",0.0219143124535879
"2355","29083",0.00145513239823729
"2356","26123",0.0237200748437278
"2357","20007",0.0177837304909128
"2358","17147",0.0394623740827138
"2359","39125",0.0139635787754228
"2360","42003",0.000552069224129463
"2361","72055",0.0123883021933387
"2362","51710",0
"2363","51670",0
"2364","19037",0
"2365","18069",0.00316946042714188
"2366","18099",0.00343302003191591
"2367","18073",0.0282397166074274
"2368","19143",0.0269597031574795
"2369","26061",0
"2370","26067",0.00973511557303496
"2371","55117",0.00155657089246853
"2372","55137",0.0591392879961317
"2373","51770",0
"2374","51570",0
"2375","02016",0
"2376","02158",0
"2377","31039",0.0132658768353591
"2378","31077",0
"2379","31017",0.0226420094630479
"2380","31135",0.0653796081917248
"2381","26031",0.00285764482069835
"2382","26095",0
"2383","55013",0
"2384","55119",0
"2385","30025",0
"2386","38033",0.0163520213577422
"2387","46063",0
"2388","31113",0
"2389","48267",0
"2390","48079",0.255110786421593
"2391","31091",0
"2392","22023",0
"2393","20125",0.00437776763133285
"2394","26131",0
"2395","26039",0
"2396","18087",0.00812713521989196
"2397","18007",0
"2398","30103",0.033112582781457
"2399","13299",0.00779154995454195
"2400","13171",0.0100609505774348
"2401","23011",0.00556790073727806
"2402","23001",0.0101477571715353
"2403","21023",0
"2404","21197",0
"2405","56011",0
"2406","48219",0.0355981671041524
"2407","48495",0
"2408","72077",0.00206212757256931
"2409","35047",0
"2410","35009",0.00785430550772533
"2411","08021",0.0507385762638061
"2412","08009",0.0780460342293652
"2413","08099",0.035582487240119
"2414","24510",6.50471336141682e-06
"2415","25007",0.0124854504347853
"2416","37151",0.00275844763968301
"2417","72137",0
"2418","72061",0.000936771173177002
"2419","01017",0
"2420","01029",0
"2421","01087",0.00571973307912297
"2422","01115",0.00138168127181315
"2423","53065",0.0298700733791986
"2424","32001",0.00498454980358459
"2425","08025",0.0428852839108795
"2426","08047",0
"2427","08011",0.0478175295154146
"2428","37181",0.00223377803079802
"2429","37109",0.000325440971998357
"2430","19069",0.0162853258110944
"2431","72079",0.0486538568334757
"2432","72049",0
"2433","31109",0.00215773076432441
"2434","31097",0
"2435","31163",0.0279771640473831
"2436","31123",0.0586499000214798
"2437","35015",0.0096140898868548
"2438","35003",0
"2439","51161",0
"2440","01021",0.001080118330766
"2441","51041",0.000419055838153167
"2442","13251",0.0281770359134256
"2443","19013",0.00177201194920301
"2444","19109",0.0136209166044426
"2445","28155",0.00520726244385809
"2446","54055",0
"2447","54051",0
"2448","13309",0
"2449","20139",0
"2450","20179",0.065454726132587
"2451","17197",0.0011597035286309
"2452","17099",0.00762538138578481
"2453","72135",0
"2454","72003",0.00990118754682256
"2455","35011",0
"2456","17069",0
"2457","28077",0
"2458","28113",0
"2459","54089",0.00904735045712864
"2460","56017",0
"2461","17143",0.00116106998734218
"2462","17141",0.0122918602902684
"2463","72131",0.0637001934090471
"2464","72087",0
"2465","48259",0
"2466","48031",0
"2467","48421",0.119246549903215
"2468","48149",0.0039871060494491
"2469","54029",0
"2470","13109",0
"2471","17181",0.0807361225986275
"2472","17105",0.00807823249356863
"2473","17203",0.00760346760241404
"2474","72149",0.0106088128419954
"2475","72065",0.000985787968950699
"2476","45011",0
"2477","42113",0
"2478","47113",0.00117384645116186
"2479","13259",0
"2480","50015",0.018709431662499
"2481","17057",0.0309134408262413
"2482","17049",0.00225455823591209
"2483","72093",0.0731096890423778
"2484","72001",0.0517641597028784
"2485","47177",0.0503769261487042
"2486","47015",0.00207986688851913
"2487","51183",0
"2488","51650",0
"2489","17033",0.00616193062896583
"2490","39099",0.00124954938046452
"2491","72029",0
"2492","69120",0
"2493","47039",0
"2494","46067",0.0114343118631791
"2495","51740",0
"2496","51840",0
"2497","51197",0
"2498","51685",0
"2499","12035",0.00930643976702826
"2500","42011",0.0140792556326127
"2501","42059",0
"2502","13037",0.140053813509204
"2503","15005",0
"2504","46135",0.00242994647896639
"2505","46015",0.0163813480572728
"2506","46087",0
"2507","51550",0.00131415609579863
"2508","51540",0.000192256389321799
"2509","51830",0
"2510","39153",0.00080361740597208
"2511","39165",0.00249331921577182
"2512","27003",0.00312527943369898
"2513","27159",0.00217659440789972
"2514","27017",0
"2515","46081",0.00045701817996334
"2516","46125",0.020392549399857
"2517","46089",0.0413735932032292
"2518","51720",0
"2519","51750",0
"2520","13285",0
"2521","39149",0.00274154331084148
"2522","39115",0
"2523","39051",0.0113536792543033
"2524","27111",0.0110044382887467
"2525","27035",0.000498996563457114
"2526","27043",0.00587951162042083
"2527","47047",0.011034570091403
"2528","46109",0.00536466086727553
"2529","13087",0.0838111762900273
"2530","13057",0.000968318723348957
"2531","55045",0.00109231148575121
"2532","55071",0.00313686281979273
"2533","27083",0.00245703075606727
"2534","27087",0
"2535","27085",0.00399438319995179
"2536","27091",0.00934848668103872
"2537","46069",0.0930566581632055
"2538","47131",0.00162688800181084
"2539","46061",0
"2540","13147",0.00421903734000979
"2541","19051",0
"2542","19125",0.00497794241500239
"2543","18033",0.00112029313206462
"2544","39145",0
"2545","39129",0.00962994101187363
"2546","27135",0.0089746328866789
"2547","27081",0
"2548","27121",0.0119637305520973
"2549","46021",0.0166709809193958
"2550","47109",0.00392122661034579
"2551","46017",0
"2552","18043",0.000236397305070722
"2553","19187",0.00444509624613362
"2554","19173",0.0148678108286791
"2555","39131",0
"2556","12081",0.0229555979943343
"2557","27151",0.0266369756657423
"2558","04019",0.00143880203790322
"2559","38021",0.0882938422108321
"2560","47171",0
"2561","20073",0
"2562","20047",0.0789956467219018
"2563","19095",0.0269450403041296
"2564","19091",0
"2565","18159",0.047904786583853
"2566","18039",0.000762924607453558
"2567","55097",0.0193495244283217
"2568","55081",0.011509163479678
"2569","38023",0
"2570","38013",0
"2571","48169",0.0260672084793498
"2572","48065",0.0274531943786667
"2573","20063",0
"2574","20017",0
"2575","47023",0
"2576","18021",0.00199642800305151
"2577","18105",0.000491474542161388
"2578","19011",0.0181719030305608
"2579","39015",0.000400493057113938
"2580","39057",0.00148746193245277
"2581","38049",0.0456379288919671
"2582","22121",0.00117464312737927
"2583","47027",0
"2584","56037",0
"2585","19005",0.00267715728394866
"2586","18107",0.00842873743657771
"2587","18047",0
"2588","72081",0
"2589","72021",0.00246932107036455
"2590","60040",0
"2591","22003",0
"2592","22061",0
"2593","56023",0
"2594","56001",0
"2595","20041",0.0095540083961013
"2596","20021",0.0102302219562052
"2597","20133",0.00241787370724791
"2598","72151",0.0227511361018375
"2599","22095",0
"2600","38093",0.0111966262179111
"2601","38063",0.0177089302472365
"2602","56019",0
"2603","20061",0
"2604","20159",0.00508247027234369
"2605","20191",0.0156289263748087
"2606","20093",0.0275416588951366
"2607","72013",0.0163995504945313
"2608","72105",0.004925619425627
"2609","38047",0
"2610","38083",0
"2611","38089",0.00367906885171442
"2612","54009",0
"2613","54061",0
"2614","29153",0
"2615","29161",0
"2616","29179",0
"2617","53005",0.0719895800233092
"2618","13045",0
"2619","13145",0
"2620","72043",0.0468386309501214
"2621","36021",0.0266766865817275
"2622","46099",0.00125868990783825
"2623","46077",0
"2624","46097",0
"2625","20127",0.00594870996168921
"2626","30109",0
"2627","21091",0
"2628","37187",0.0336709673586981
"2629","19097",0.0123004125990247
"2630","01083",0.00555527134191537
"2631","33011",0.000931724522593127
"2632","56015",0.0115341067063718
"2633","13167",0
"2634","37025",0.0011472690832452
"2635","19021",0.007666835156516
"2636","18151",0.00368461964028032
"2637","19085",0.00348009064422143
"2638","19007",0.00127946032703896
"2639","18055",0.00588242605919542
"2640","33005",0.000621016239946005
"2641","31169",0.0571546166771793
"2642","16011",0.0865823989077653
"2643","51580",0
"2644","28105",0
"2645","18095",0.00615951722767177
"2646","18031",0.0014214929737633
"2647","20181",0.0190601614035746
"2648","20031",0.00532849891611064
"2649","21045",0
"2650","17115",0.00135086588691685
"2651","17051",0.0114041949894977
"2652","31025",0.0140469547729899
"2653","31095",0.0211334330313766
"2654","28015",0.00373998603488276
"2655","16051",0.0529495752359301
"2656","17139",0.011118011560251
"2657","17193",0
"2658","39113",0.000908830195509264
"2659","39045",0.00131887687407218
"2660","31099",0.0741882396250521
"2661","31053",0.00263521890984739
"2662","13003",0.0153434400166107
"2663","35061",0.00388312573864382
"2664","31069",0.0232086791019488
"2665","39143",0.00636396245904113
"2666","39147",0.00332597338616099
"2667","39003",0.000709746697341193
"2668","39109",0.00100696891328062
"2669","31131",0.0196005239615162
"2670","31059",0.0547023204435962
"2671","31047",0.0175234850799212
"2672","31003",0.0474180165503602
"2673","21083",0.00683607631804388
"2674","39023",0.00758359400245215
"2675","39083",0.000826007292582831
"2676","48437",0.0538595726528988
"2677","41013",0.0102670779286216
"2678","42087",0.00205041707916253
"2679","55039",0.00304474249841807
"2680","48385",0
"2681","42015",0.0010015127120802
"2682","22027",0
"2683","21219",0.0235409121098039
"2684","48493",0
"2685","46111",0.0321436050467485
"2686","13165",0
"2687","48013",0.0208272899179998
"2688","55089",0.00205843268019943
"2689","30011",0
"2690","01133",0
"2691","20173",0.000295267504296656
"2692","21171",0
"2693","37145",0.00976444900237718
"2694","37071",0.000642596747927743
"2695","16069",0.00378988669547866
"2696","48125",0
"2697","55077",0.0515881753208594
"2698","40009",0.00271235172921225
"2699","27101",0.0131777937819906
"2700","38041",0.0434426093037195
"2701","46045",0.0965698883572106
"2702","36099",0.00922426406745134
"2703","48177",0.0168121931634603
"2704","31049",0.0811846609322489
"2705","42047",0
"2706","48231",0.00132679220812972
"2707","36079",0.000624136240024965
"2708","48151",0.146761387111966
"2709","36093",0
"2710","51790",0
"2711","31079",0.00695278583588112
"2712","19093",0.00682663943704106
"2713","39077",0.0159172064677883
"2714","05031",0.00364841444622255
"2715","48191",0.159529518992212
"2716","48445",0.147279254784756
"2717","47069",0.000840855947789069
"2718","42021",0.00167159860109013
"2719","55033",0.0111824991532435
"2720","08101",0.0120137655977748
"2721","08003",0.0426622329574894
"2722","29055",0
"2723","49039",0.00218694313947837
"2724","01045",0
"2725","46025",0
"2726","05035",0.016460923928393
"2727","56041",0
"2728","29151",0
"2729","26105",0.0250874775690246
"2730","26133",0.00488882744587343
"2731","26093",0.00268953548209575
"2732","26091",0.0142525568364977
"2733","36089",0.000652555481138012
"2734","36073",0.0987071641310903
"2735","13173",0.0406136694428309
"2736","29115",0
"2737","29133",0.147582686738814
"2738","26135",0
"2739","26087",0.0100878987780157
"2740","26035",0
"2741","26043",0.00109094061743299
"2742","18153",0.0103333631806462
"2743","36003",0.00319907559553203
"2744","48121",0.000304405789800886
"2745","48441",0.000295367801385042
"2746","29043",0
"2747","29186",0.00158235229823467
"2748","26009",0.0476547915865935
"2749","26019",0.0096954750442376
"2750","18013",0
"2751","72027",0
"2752","72017",0
"2753","12111",0.00578871069170764
"2754","12091",0.000315207660692573
"2755","08081",0
"2756","26081",0.00484752369536988
"2757","48003",0
"2758","72101",0.00769933794193306
"2759","48211",0
"2760","72045",0.0447782643610788
"2761","72125",0.00663994614530158
"2762","36061",2.05167420703946e-05
"2763","72035",0.00176916006500733
"2764","27059",0
"2765","08073",0.0518873541813108
"2766","08014",0
"2767","27093",0.0043582927624478
"2768","27117",0
"2769","38101",0.00176833563947711
"2770","28061",0
"2771","72091",0.00504742110845671
"2772","72075",0.075957953469435
"2773","27143",0.0198578266493185
"2774","38027",0
"2775","48171",0.00180952594670163
"2776","29017",0
"2777","29219",0.00711923664652664
"2778","29175",0.00349679718701496
"2779","28123",0
"2780","51021",0
"2781","02290",0
"2782","31005",0
"2783","72103",0.00314361233450312
"2784","72007",0.0462669076480925
"2785","40103",0
"2786","40123",0
"2787","72054",0
"2788","02130",0.00138760041169789
"2789","29111",0.0224103243534907
"2790","17169",0.0241436761526229
"2791","45033",0.00706260062217354
"2792","45001",0
"2793","40129",0
"2794","13247",0
"2795","17013",0
"2796","39173",0.00298196394360829
"2797","46051",0.0197147856427697
"2798","46005",0.0115880385573863
"2799","46027",0.00222757588733024
"2800","41011",0.00165641952087665
"2801","41025",0.0475584655630865
"2802","13187",0
"2803","51520",0
"2804","39089",0.00359330663244117
"2805","39017",0.00105900517602074
"2806","47137",0
"2807","46102",0
"2808","46049",0.0278505897771953
"2809","17071",0.0338488871065701
"2810","05037",0.00834943417057687
"2811","05127",0
"2812","19105",0.00513370074190599
"2813","19165",0.00917618878341896
"2814","18067",0.00102904493048051
"2815","18139",0.00773059403668879
"2816","19141",0.0099831034470064
"2817","39001",0
"2818","06031",0.114197837259806
"2819","46065",0.00730153977201148
"2820","46033",0
"2821","27099",0.00282485935176315
"2822","27153",0.0121175725996387
"2823","27063",0.0141185612670691
"2824","20201",0.0307187269962388
"2825","20131",0.00378631998826675
"2826","39097",0.00387568906626517
"2827","01013",0
"2828","01111",0
"2829","50007",0.00286346705220295
"2830","47169",0
"2831","46047",0
"2832","47083",0
"2833","38087",0
"2834","38081",0.0260681013574431
"2835","12059",0.00672182618168425
"2836","48117",0.00187659510583996
"2837","48295",0.00932928286317468
"2838","48279",0.116384364384236
"2839","36057",0
"2840","48309",0.000404850848982547
"2841","20157",0.0406416602988917
"2842","19177",0
"2843","47061",0
"2844","48297",0
"2845","22089",0
"2846","38003",0.0240929063703342
"2847","17137",0.00255185474601321
"2848","17073",0.0366347801159292
"2849","17035",0.00565245574616045
"2850","48251",0.000783380069085301
"2851","48451",0.00196118762663729
"2852","48363",0
"2853","48329",0.000652310632418738
"2854","56005",0
"2855","54015",0
"2856","54079",0
"2857","38079",0.00187617260787992
"2858","38039",0
"2859","38065",0
"2860","48045",0.22903561695991
"2861","06029",0.216695761187186
"2862","48271",0
"2863","48293",0.00733852629292018
"2864","48123",0.00037051187580036
"2865","40041",0.00263046569973305
"2866","13083",0
"2867","13053",0
"2868","21039",0.0801595480453658
"2869","48077",0.00398992378803609
"2870","31007",0
"2871","49021",0.0231947113054143
"2872","40071",0.00315039533405912
"2873","40107",0.0186812835688263
"2874","13061",0.0469170705508815
"2875","29209",0
"2876","47125",0.000253043436698707
"2877","46029",0.00289335669847056
"2878","39155",0.00110071079025231
"2879","39141",0.00210211878120935
"2880","40083",0
"2881","40051",0.00487340491392851
"2882","29071",0.000567187926211353
"2883","46053",0.0137210756856411
"2884","47071",0.00147545359215114
"2885","13035",0
"2886","35037",0
"2887","42093",0.0179596815229926
"2888","41071",0.101489409835203
"2889","29047",0.000412921887090513
"2890","42001",0.0307788571879835
"2891","46035",0.00321232778962811
"2892","46121",0
"2893","46037",0.0240093035388347
"2894","20137",0.0215039448061817
"2895","54025",0
"2896","01067",0.0132321806633733
"2897","51045",0
"2898","21059",0.00237987683221761
"2899","41069",0
"2900","41037",0.114606056834051
"2901","42131",0.00176626433776031
"2902","55015",0.00251762660466837
"2903","55139",0.000363611655931906
"2904","54097",0
"2905","60010",0
"2906","33013",0.00552555547911752
"2907","31173",0.0335716063521877
"2908","42053",0
"2909","01019",0.0299122929545264
"2910","55109",0.00101335093258809
"2911","55005",0.00528968474317673
"2912","54105",0
"2913","13169",0
"2914","20197",0.00506396588486141
"2915","17061",0.00813384343723362
"2916","05033",0.00701718965135394
"2917","05115",0.000325090141648852
"2918","55103",0
"2919","55141",0.00927568107825266
"2920","48415",0.00377669713550887
"2921","13273",0.053821145294685
"2922","13017",0
"2923","17059",0.135311804700429
"2924","17053",0.0211944337505028
"2925","05089",0
"2926","05027",0
"2927","40061",0
"2928","16001",0.0011237365855002
"2929","51820",0
"2930","28009",0
"2931","16013",0.00395382625323911
"2932","17149",0.0305573488681634
"2933","48047",0
"2934","48087",0.0873956887220993
"2935","48383",0
"2936","45023",0
"2937","42023",0
"2938","40121",0.00194219730950639
"2939","40147",0.000529853457672278
"2940","17023",0.0161587299723819
"2941","39013",0
"2942","39135",0.00636572570715937
"2943","29149",0
"2944","29059",0
"2945","16055",0.000783223062000869
"2946","35035",0.00684835831773636
"2947","32021",0
"2948","12011",0.000654745271593579
"2949","42039",0.00243048840510668
"2950","29021",0.000342186767711157
"2951","25019",0
"2952","19101",0.00675279364958208
"2953","21149",0.0426641247573453
"2954","17175",0.0848872570770037
"2955","48413",0
"2956","55087",0.000453517799092032
"2957","30067",0.0068148514044793
"2958","72067",0.00128611001187178
"2959","26011",0.0140387216115947
"2960","17151",0
"2961","50013",0
"2962","01105",0
"2963","46043",0.00701778562410398
"2964","31011",0.0490995191518859
"2965","29009",0.000924037858667923
"2966","31081",0.0226076261656678
"2967","72145",0.00768826946471475
"2968","72119",0
"2969","47017",0.0059475080520983
"2970","20089",0.0563059088452528
"2971","16007",0
"2972","29119",0
"2973","08125",0.108921854228919
"2974","21223",0
"2975","27001",0
"2976","27149",0.024576663265363
"2977","21129",0
"2978","08087",0.0173003879660374
"2979","48243",0
"2980","29039",0
"2981","55113",0.000653991764590238
"2982","13261",0.0233329737064089
"2983","53047",0.315220538760674
"2984","51131",0.131435037078215
"2985","19197",0.0119866812924348
"2986","36059",6.1634446098361e-05
"2987","12089",0.00227714960809404
"2988","48377",0
"2989","05133",0
"2990","12121",0.0266193215234726
"2991","22065",0.0171721586472068
"2992","51113",0.0118842426246718
"2993","02090",0.0079778023915622
"2994","08033",0
"2995","01113",0.00119541708683344
"2996","13027",0.0564630578505772
"2997","26007",0
"2998","46019",0
"2999","05009",0
"3000","29035",0
"3001","35053",0
"3002","20085",0
"3003","54017",0
"3004","31073",0.132613947046612
"3005","40025",0.00486381322957198
"3006","12133",0.00895896861726389
"3007","01053",0.00356319217963025
"3008","42099",0.00122850122850123
"3009","46031",0
"3010","20033",0.0153488828551801
"3011","56025",0
"3012","20115",0.00157629255989912
"3013","56021",0
"3014","28035",0.00033482972415913
"3015","26015",0.00475392067857826
"3016","13275",0.00752139223098818
"3017","19065",0.00518903207031651
"3018","18157",0.00297466040159721
"3019","32027",0
"3020","20097",0
"3021","13249",0
"3022","32009",0
"3023","21081",0
"3024","17087",0
"3025","39011",0.00168783867709937
"3026","22093",0.0121815509528997
"3027","29223",0
"3028","72071",0.00849381309754425
"3029","08105",0.0773647446333698
"3030","42073",0.00269010846608914
"3031","30041",0.00767068111297669
"3032","31181",0.0153035821531666
"3033","20111",0.00161512187872445
"3034","37189",0.000630486463255359
"3035","01091",0
"3036","48433",0
"3037","40047",0.00314355389210346
"3038","40153",0
"3039","40039",0.00418784721772381
"3040","49041",0.00526870900335086
"3041","01123",0.000212444528373147
"3042","19099",0.00545167882950291
"3043","13117",0.000793621757425628
"3044","53069",0
"3045","05055",0.00918958214991211
"3046","48381",0.00414849761209919
"3047","28091",0
"3048","28063",0
"3049","31141",0.00323460531031676
"3050","31063",0
"3051","21053",0
"3052","55031",0.000526394946608513
"3053","55091",0
"3054","16053",0.0497600942913375
"3055","50001",0.00921343114272421
"3056","21207",0
"3057","19047",0.0057058093330641
"3058","19119",0.0193175181481697
"3059","01093",0
"3060","36087",0.000370206776602478
"3061","26025",0.00743173371613119
"3062","48335",0.0106179583475589
"3063","27123",0.000141729182715961
"3064","19067",0
"3065","18003",0.000653054018693089
"3066","18167",0.00122226522286088
"3067","09005",0.00465422557486333
"3068","27047",0.00416022705127047
"3069","38103",0.0305992598703432
"3070","28145",0
"3071","21173",0
"3072","17055",0.00240687042453387
"3073","09013",0.00894842803673702
"3074","16057",0.00539108417942915
"3075","29127",0.00266093798757076
"3076","49009",0
"3077","55073",0.00399913895940237
"3078","40019",0.0015390720677202
"3079","40001",0
"3080","40007",0
"3081","05053",0
"3082","48111",0.100488075843719
"3083","17005",0.00742856668015901
"3084","39087",0
"3085","39171",0.00230586081481382
"3086","36083",0.00205231379165265
"3087","40031",0.000523458973904654
"3088","05123",0.0283095389440696
"3089","48249",0.00346986452083634
"3090","55105",0.0031412140520051
"3091","47099",0.00338433584122914
"3092","46091",0.0240926100068935
"3093","39163",0
"3094","51043",0.0171186529919089
"3095","05137",0
"3096","48193",0
"3097","46107",0.060669046172047
"3098","36023",0.000503535204133953
"3099","72011",0.00121569989579715
"3100","47095",0
"3101","20187",0.116946639170925
"3102","56009",0
"3103","33019",0.00659311703487072
"3104","31151",0.00634045589489794
"3105","31121",0.0359743993202919
"3106","20109",0.0631905691637775
"3107","51680",0
"3108","29049",0.0119779055558392
"3109","27009",0.00478550421164195
"3110","38075",0.0224992010913014
"3111","26137",0
"3112","16019",0.00911717837333507
"3113","29137",0.0125180222900059
"3114","31143",0.0487227164723478
"3115","21075",0.0219966026988378
"3116","29135",0.00499169700724496
"3117","29073",0
"3118","18015",0.0240075612882576
"3119","72117",0
"3120","48265",0.00122852213726901
"3121","48507",0.0318023946262607
"3122","40105",0
"3123","26121",0.00710855178982982
"3124","26001",0
"3125","18155",0
"3126","21225",0.0207790699409541
"3127","51810",0.000348560534169
"3128","48197",0
"3129","72133",0.13643287225108
"3130","16075",0.0184284337209629
"3131","28135",0.0827810512082246
"3132","72083",0.0277777777777778
"3133","72123",0.0357569081674541
"3134","42083",0
"3135","55063",0
"3136","48447",0
"3137","27109",0.000504385614560971
"3138","50019",0.00570994261337305
"3139","51065",0.00341787317336573
"3140","27155",0.0926903181360096
"3141","28107",0.0104469193583553
"3142","29025",0.00873227300866903
"3143","51690",0
"3144","72109",0.00311085972850679
"3145","40099",0
"3146","40057",0
"3147","48109",0
"3148","51683",0
"3149","34005",0.00310847546526412
"3150","35025",0
"3151","05077",0.110305834180027
"3152","20195",0
"3153","29015",0
"3154","27141",0.0126515143373929
"3155","38035",0.00685718280531859
"3156","38015",0.00216145095053817
"3157","48281",0
"3158","01015",0
"3159","51700",0
"3160","48209",0.000764776770905957
"3161","38061",0.000431459566074951
"3162","48431",0
"3163","46007",0
"3164","47161",0
"3165","54077",0
"3166","51173",0
"3167","13097",0
"3168","16045",0.0108889407167948
"3169","19089",0
"3170","20147",0.0537505593368092
"3171","28125",0.215847263651325
"3172","29089",0
"3173","51610",0
"3174","51800",0.00525217343750579
"3175","13115",0.00176821653363157
"3176","13129",0.00234884272881146
"3177","13095",0.00415530063483821
"3178","19077",0.00295146480104941
"3179","48217",0.00929669918504809
"3180","12003",0.000546068308181096
"3181","02230",0
"3182","02068",0
"3183","31009",0
"3184","13295",0.000628528712677944
"3185","39005",0.00190235716584335
"3186","18081",0.000966311386872553
"3187","19159",0
"3188","21227",0.00113489977362764
"3189","29131",0
"3190","26145",0.00747082086116113
"3191","26045",0.00615094483036249
"3192","16047",0.0860451238076042
"3193","42109",0.011796249905212
"3194","21105",0.0997493924241187
"3195","17019",0.000548158619794296
"3196","17187",0.00796085440308094
"3197","26069",0
"3198","72153",0.0404738095251346
"3199","35049",0.00290824539438552
"3200","13175",0.00150041558590975
"3201","55021",0.00208558017057233
"3202","30097",0.00839800187550677
"3203","17107",0.0208414876939707
"3204","39101",0.00178266004804575
"3205","39119",8.48061331795515e-05
"3206","55085",0.0099338644953845
"3207","50003",0.00383399231549823
"3208","36033",0
"3209","48043",0
"3210","13307",0.0716640502354788
"3211","37033",0
"3212","19073",0.011332117161867
"3213","19053",0.00325132542969291
"3214","01127",0
"3215","01007",0
"3216","31177",0.0149315356921426
"3217","21019",0
"3218","40109",0.00155313895162097
"3219","40097",0.00179703986306449
"3220","19175",0.00457817850703565
"3221","19115",0.00538985465479397
"3222","19001",0.0243848653147565
"3223","20013",0.0181340428257786
"3224","31107",0.00691366956733453
"3225","21137",0.00164246196403873
"3226","37195",0.0171190525406803
"3227","42081",0.00156900330731737
"3228","41059",0.135064604343919
"3229","41049",0.132396744074702
"3230","21073",0
"3231","17201",0.000515443353950488
"3232","17123",0.00704370841578984
"3233","37185",0.00954695209051083
"3234","72051",0.0043260450623608
