"","GEOID","svi_mean"
"1","13031",0.824933333333333
"2","13121",0.625566666666667
"3","13179",0.883166666666667
"4","13189",0.815
"5","13213",0.696766666666667
"6","13209",0.816566666666667
"7","13139",0.755
"8","13245",0.949066666666667
"9","13049",0.9021
"10","13141",0.889
"11","13157",0.355
"12","13315",0.8015
"13","13241",0.532433333333333
"14","13269",0.9357
"15","13177",0.301666666666667
"16","13279",0.976866666666667
"17","13007",0.7194
"18","34015",0.191933333333333
"19","34023",0.5899
"20","34035",0.153833333333333
"21","34031",0.864666666666667
"22","34021",0.670966666666667
"23","34009",0.370266666666667
"24","35031",0.976266666666667
"25","35013",0.987066666666667
"26","28059",0.695633333333333
"27","02170",0.4318
"28","35033",0.714633333333333
"29","53067",0.3654
"30","51147",0.730533333333333
"31","01009",0.518166666666667
"32","01095",0.656133333333333
"33","51029",0.746966666666667
"34","51139",0.3638
"35","53017",0.801766666666667
"36","51153",0.385633333333333
"37","51171",0.384366666666667
"38","01043",0.508233333333333
"39","51061",0.0611333333333333
"40","53021",0.893566666666667
"41","53019",0.7751
"42","53029",0.2609
"43","53075",0.5169
"44","33017",0.207733333333333
"45","31093",0.138466666666667
"46","31115",0.0847333333333333
"47","51001",0.846566666666667
"48","21101",0.6642
"49","21093",0.551833333333333
"50","51119",0.2665
"51","22075",0.669966666666667
"52","22107",0.8018
"53","51193",0.567533333333333
"54","22119",0.8868
"55","23027",0.259733333333333
"56","51091",0.0976
"57","21013",0.823366666666667
"58","21131",0.661333333333333
"59","51083",0.714066666666667
"60","23023",0.0734
"61","21235",0.805633333333333
"62","24041",0.236266666666667
"63","24033",0.746366666666667
"64","24035",0.0351333333333333
"65","24023",0.223433333333333
"66","51165",0.275433333333333
"67","37083",0.976133333333333
"68","37179",0.2031
"69","37129",0.4226
"70","37163",0.953433333333333
"71","37031",0.405
"72","37183",0.327433333333333
"73","37119",0.552433333333333
"74","37087",0.333466666666667
"75","37141",0.573266666666667
"76","37021",0.506366666666667
"77","37047",0.9458
"78","37039",0.4433
"79","37171",0.776866666666667
"80","37093",0.9023
"81","37105",0.877033333333333
"82","37173",0.8476
"83","37015",0.9552
"84","37175",0.4657
"85","18083",0.573066666666667
"86","18183",0.0618333333333333
"87","18089",0.711833333333333
"88","18051",0.262733333333333
"89","18071",0.499433333333333
"90","18061",0.134966666666667
"91","21071",0.770966666666667
"92","20123",0.183466666666667
"93","21043",0.655766666666667
"94","21085",0.574133333333333
"95","21011",0.556666666666667
"96","21099",0.779633333333333
"97","20149",0.0854333333333333
"98","21189",0.686
"99","21003",0.648166666666667
"100","21109",0.6139
"101","21205",0.5802
"102","21147",0.774233333333333
"103","21031",0.7461
"104","20203",0.458133333333333
"105","17031",0.757433333333333
"106","17027",0.142533333333333
"107","17079",0.181666666666667
"108","17171",0.0681333333333333
"109","17185",0.383733333333333
"110","17047",0.261666666666667
"111","39043",0.328366666666667
"112","06001",0.499333333333333
"113","06081",0.2729
"114","06065",0.8145
"115","06095",0.6141
"116","06103",0.9394
"117","06111",0.571666666666667
"118","06083",0.804733333333333
"119","36081",0.7324
"120","06093",0.7533
"121","06115",0.927833333333333
"122","06033",0.9061
"123","06061",0.176433333333333
"124","06005",0.5641
"125","06043",0.7402
"126","08029",0.666766666666667
"127","12119",0.2715
"128","12069",0.634066666666667
"129","08069",0.1517
"130","09009",0.58675
"131","09007",0.15125
"132","12079",0.9132
"133","12127",0.630433333333333
"134","12099",0.716133333333333
"135","12113",0.364966666666667
"136","12125",0.716633333333333
"137","12093",0.939833333333333
"138","08083",0.543533333333333
"139","42033",0.557333333333333
"140","42125",0.173366666666667
"141","42031",0.385933333333333
"142","42097",0.449133333333333
"143","42061",0.3907
"144","55099",0.195666666666667
"145","55121",0.231233333333333
"146","55075",0.2226
"147","55001",0.543466666666667
"148","30051",0.492366666666667
"149","30005",0.9356
"150","30077",0.272566666666667
"151","30057",0.1284
"152","30003",0.7527
"153","30073",0.781766666666667
"154","30045",0.0306333333333333
"155","30009",0.0808333333333333
"156","30085",0.8166
"157","30069",0.00236666666666667
"158","49035",0.403466666666667
"159","49011",0.0711
"160","01097",0.792766666666667
"161","49025",0.2251
"162","01033",0.4072
"163","01041",0.658266666666667
"164","01065",0.925866666666667
"165","01109",0.8359
"166","36011",0.500766666666667
"167","36025",0.540066666666667
"168","36115",0.421866666666667
"169","48029",0.889966666666667
"170","48423",0.796166666666667
"171","48201",0.846333333333333
"172","48471",0.8267
"173","48257",0.6596
"174","48223",0.7131
"175","48321",0.938866666666667
"176","48473",0.839133333333333
"177","48215",0.983433333333333
"178","48323",0.982166666666667
"179","48187",0.4977
"180","48343",0.766866666666667
"181","48389",0.879766666666667
"182","48071",0.454933333333333
"183","48351",0.808866666666667
"184","48057",0.7737
"185","48455",0.879966666666667
"186","40017",0.298666666666667
"187","40135",0.865466666666667
"188","40117",0.495933333333333
"189","40101",0.962433333333333
"190","40127",0.851433333333333
"191","40075",0.6593
"192","41023",0.551166666666667
"193","41061",0.688866666666667
"194","41007",0.553533333333333
"195","41003",0.431266666666667
"196","41015",0.573666666666667
"197","01131",0.943566666666667
"198","01079",0.427166666666667
"199","01035",0.659433333333333
"200","05067",0.720433333333333
"201","05001",0.732666666666667
"202","05011",0.9247
"203","05025",0.370633333333333
"204","05099",0.826966666666667
"205","48273",0.9878
"206","48179",0.828333333333333
"207","48195",0.669633333333333
"208","48379",0.4279
"209","48277",0.8472
"210","45063",0.4753
"211","45051",0.683066666666667
"212","45013",0.458866666666667
"213","45045",0.5775
"214","45069",0.9722
"215","45021",0.731033333333333
"216","45007",0.6728
"217","45087",0.880733333333333
"218","45027",0.974733333333333
"219","45061",0.9393
"220","45039",0.789366666666667
"221","45017",0.698933333333333
"222","45043",0.636966666666667
"223","21181",0.5467
"224","22103",0.4161
"225","47037",0.648333333333333
"226","47045",0.6968
"227","47129",0.683333333333333
"228","46023",0.715133333333333
"229","47163",0.5234
"230","47055",0.513333333333333
"231","47107",0.626433333333333
"232","47031",0.557966666666667
"233","46055",0.302166666666667
"234","47173",0.518666666666667
"235","47189",0.1651
"236","46079",0.146533333333333
"237","20151",0.3697
"238","47097",0.9546
"239","47079",0.619933333333333
"240","56039",0.157966666666667
"241","56029",0.0811333333333333
"242","54043",0.464833333333333
"243","54001",0.4965
"244","54037",0.209233333333333
"245","54049",0.4521
"246","54109",0.551433333333333
"247","54005",0.509666666666667
"248","16005",0.56
"249","04001",0.972833333333333
"250","12045",0.657366666666667
"251","12123",0.852833333333333
"252","29201",0.7318
"253","29069",0.9689
"254","29129",0.404666666666667
"255","29031",0.353866666666667
"256","25027",0.453133333333333
"257","26163",0.868233333333333
"258","26021",0.659233333333333
"259","26077",0.4281
"260","26033",0.6761
"261","26071",0.3112
"262","37055",0.209733333333333
"263","48443",0.239733333333333
"264","48205",0.533033333333333
"265","72113",NA
"266","72097",NA
"267","72037",NA
"268","60030",NA
"269","04013",0.696033333333333
"270","15001",0.612
"271","27167",0.1649
"272","27133",0.137166666666667
"273","27119",0.400533333333333
"274","27069",0.102733333333333
"275","27125",0.117766666666667
"276","27023",0.556533333333333
"277","26097",0.6366
"278","38067",0.0841333333333333
"279","48405",0.938766666666667
"280","48119",0.4291
"281","22019",0.721266666666667
"282","22005",0.3687
"283","22071",0.8053
"284","22113",0.799166666666667
"285","22043",0.631933333333333
"286","38005",0.7998
"287","38097",0.0728
"288","38095",0.1881
"289","38037",0.1235
"290","28093",0.805366666666667
"291","28001",0.9827
"292","28121",0.353166666666667
"293","28143",0.969133333333333
"294","28095",0.640533333333333
"295","28039",0.753833333333333
"296","28087",0.7775
"297","28163",0.997033333333333
"298","28053",0.962966666666667
"299","16061",0.6407
"300","16079",0.753533333333333
"301","16077",0.631133333333333
"302","02020",0.547166666666667
"303","25011",0.338666666666667
"304","51121",0.2988
"305","51075",0.0529666666666667
"306","51093",0.301566666666667
"307","51137",0.372866666666667
"308","51023",0.0220666666666667
"309","51009",0.4061
"310","51007",0.369533333333333
"311","51097",0.189
"312","51081",0.824066666666667
"313","02066",0.4713
"314","02240",0.649033333333333
"315","02195",0.668766666666667
"316","02275",0.529033333333333
"317","02164",0.814133333333333
"318","02110",0.3347
"319","02282",0.4688
"320","32011",0.243866666666667
"321","29197",0.2745
"322","48301",0.4421
"323","48155",0.591166666666667
"324","31015",0.0665
"325","78010",NA
"326","78020",NA
"327","23021",0.487733333333333
"328","16025",0.259833333333333
"329","08107",0.100466666666667
"330","08097",0.0910333333333333
"331","08117",0.146633333333333
"332","08053",0.136533333333333
"333","08023",0.908966666666667
"334","08065",0.336166666666667
"335","08057",0.238166666666667
"336","13073",0.175966666666667
"337","13205",0.990333333333333
"338","34007",0.718066666666667
"339","34027",0.150033333333333
"340","34017",0.740466666666667
"341","34001",0.8404
"342","34025",0.200633333333333
"343","34011",0.973233333333333
"344","34019",0.0322333333333333
"345","35045",0.939933333333333
"346","35017",0.8568
"347","35007",0.8974
"348","35051",0.840833333333333
"349","35055",0.797566666666667
"350","01089",0.339366666666667
"351","01117",0.118733333333333
"352","01121",0.886133333333333
"353","01073",0.714466666666667
"354","53027",0.8243
"355","53049",0.699
"356","01055",0.6589
"357","53011",0.367633333333333
"358","53073",0.494
"359","51107",0.0971666666666667
"360","13319",0.7838
"361","13021",0.9461
"362","13143",0.424533333333333
"363","13151",0.371866666666667
"364","13215",0.931533333333333
"365","13113",0.123033333333333
"366","13025",0.4988
"367","13301",0.826766666666667
"368","13123",0.586433333333333
"369","13183",0.8874
"370","13277",0.884866666666667
"371","13291",0.469266666666667
"372","13263",0.8158
"373","13265",0.800866666666667
"374","37069",0.668666666666667
"375","37123",0.819433333333333
"376","37199",0.567966666666667
"377","37155",0.993233333333333
"378","37167",0.616566666666667
"379","37161",0.801466666666667
"380","37065",0.9655
"381","37041",0.795666666666667
"382","37149",0.3685
"383","37113",0.4697
"384","37007",0.951533333333333
"385","37023",0.767433333333333
"386","37121",0.4802
"387","19075",0.00306666666666667
"388","19149",0.0854333333333333
"389","19117",0.3028
"390","19025",0.1126
"391","19111",0.3474
"392","18117",0.5739
"393","19163",0.296433333333333
"394","19131",0.0814
"395","18125",0.0964666666666667
"396","18027",0.684666666666667
"397","18123",0.29
"398","20043",0.214333333333333
"399","20145",0.2856
"400","21209",0.2324
"401","21107",0.6108
"402","21017",0.498066666666667
"403","21079",0.3215
"404","21049",0.549533333333333
"405","21051",0.855933333333333
"406","20119",0.325133333333333
"407","21239",0.1809
"408","20071",0.455766666666667
"409","21005",0.1907
"410","21165",0.4991
"411","17163",0.536433333333333
"412","17089",0.4731
"413","17167",0.423366666666667
"414","17017",0.583366666666667
"415","17161",0.719466666666667
"416","17177",0.524466666666667
"417","17109",0.5056
"418","17129",0.0310666666666667
"419","17125",0.189766666666667
"420","39093",0.475566666666667
"421","39061",0.5761
"422","39007",0.809866666666667
"423","39167",0.338166666666667
"424","39123",0.1286
"425","39079",0.614666666666667
"426","06037",0.829833333333333
"427","06087",0.59
"428","06039",0.9494
"429","06019",0.961266666666667
"430","06097",0.4891
"431","06099",0.856133333333333
"432","06107",0.930266666666667
"433","06013",0.4526
"434","06047",0.9715
"435","36047",0.8624
"436","36005",0.9949
"437","06105",0.7743
"438","36119",0.633933333333333
"439","36071",0.648766666666667
"440","06025",0.995333333333333
"441","51019",0.0857333333333333
"442","01001",0.4049
"443","53009",0.607866666666667
"444","53071",0.751066666666667
"445","51089",0.817533333333333
"446","53007",0.752233333333333
"447","53025",0.893033333333333
"448","53057",0.5616
"449","53037",0.306833333333333
"450","01107",0.9168
"451","53043",0.1879
"452","33015",0.0190666666666667
"453","33007",0.507733333333333
"454","32031",0.632866666666667
"455","31071",0.0356666666666667
"456","31155",0.0219666666666667
"457","31089",0.109733333333333
"458","31183",0.0289666666666667
"459","24039",0.877266666666667
"460","24037",0.252733333333333
"461","21111",0.6016
"462","22051",0.7467
"463","51159",0.590533333333333
"464","51133",0.155633333333333
"465","51057",0.7416
"466","21135",0.581333333333333
"467","22031",0.838733333333333
"468","22029",0.958833333333333
"469","22111",0.786433333333333
"470","21007",0.361533333333333
"471","51103",0.359733333333333
"472","21133",0.780833333333333
"473","23003",0.608266666666667
"474","21121",0.816333333333333
"475","21167",0.2824
"476","21179",0.1538
"477","21125",0.6479
"478","21097",0.3959
"479","21029",0.145266666666667
"480","51143",0.6731
"481","21217",0.4894
"482","51099",0.0404
"483","21159",0.719933333333333
"484","21123",0.357266666666667
"485","22109",0.845766666666667
"486","24001",0.575066666666667
"487","24003",0.1775
"488","24029",0.4399
"489","24013",0.0336333333333333
"490","25009",0.574
"491","25013",0.821433333333333
"492","24047",0.399666666666667
"493","25025",0.769633333333333
"494","37127",0.8821
"495","37099",0.710533333333333
"496","37115",0.391633333333333
"497","37079",0.9877
"498","37147",0.8784
"499","42101",0.938433333333333
"500","42049",0.63
"501","42091",0.197133333333333
"502","42079",0.6459
"503","42095",0.3477
"504","42043",0.525533333333333
"505","42071",0.5186
"506","42013",0.3619
"507","42035",0.515333333333333
"508","42055",0.324033333333333
"509","42067",0.456033333333333
"510","44007",0.786066666666667
"511","42051",0.574733333333333
"512","44009",0.115666666666667
"513","55061",0.0278333333333333
"514","55011",0.0651333333333333
"515","48213",0.802733333333333
"516","48037",0.862533333333333
"517","48331",0.813766666666667
"518","48315",0.7081
"519","48081",0.583566666666667
"520","48475",0.701433333333333
"521","48163",0.980066666666667
"522","48313",0.8609
"523","48083",0.558366666666667
"524","48289",0.680833333333333
"525","48005",0.9859
"526","40143",0.725266666666667
"527","40089",0.902933333333333
"528","40113",0.6176
"529","40087",0.250066666666667
"530","40141",0.905233333333333
"531","40095",0.829
"532","40077",0.870966666666667
"533","40055",0.736866666666667
"534","40151",0.438566666666667
"535","41047",0.8804
"536","41057",0.635366666666667
"537","41065",0.870133333333333
"538","41043",0.670466666666667
"539","41021",0.471
"540","41063",0.4184
"541","41017",0.246433333333333
"542","01119",0.948833333333333
"543","05039",0.767233333333333
"544","05013",0.530733333333333
"545","05081",0.485033333333333
"546","05029",0.7512
"547","16087",0.8908
"548","05003",0.783966666666667
"549","05103",0.8258
"550","05019",0.8278
"551","05073",0.818333333333333
"552","05063",0.753
"553","05147",0.786833333333333
"554","05093",0.9372
"555","06003",0.545733333333333
"556","05091",0.915
"557","05095",0.893966666666667
"558","05017",0.997433333333333
"559","16081",0.1568
"560","48477",0.7151
"561","48075",0.7286
"562","48487",0.934866666666667
"563","48333",0.612466666666667
"564","48411",0.715566666666667
"565","48419",0.929866666666667
"566","48105",0.600566666666667
"567","48051",0.545166666666667
"568","55111",0.231966666666667
"569","55003",0.515866666666667
"570","55023",0.3248
"571","55037",0.137933333333333
"572","55051",0.221166666666667
"573","30093",0.477466666666667
"574","30037",0.1169
"575","30083",0.2282
"576","30059",0.0446666666666667
"577","30047",0.7095
"578","30061",0.387
"579","30015",0.3383
"580","49043",0.0601666666666667
"581","49003",0.147766666666667
"582","49051",0.0681
"583","49005",0.345366666666667
"584","49001",0.1651
"585","49047",0.5481
"586","49019",0.520333333333333
"587","01025",0.846266666666667
"588","01039",0.730633333333333
"589","01099",0.737933333333333
"590","01005",0.993766666666667
"591","01085",0.907566666666667
"592","01051",0.478733333333333
"593","36075",0.598933333333333
"594","36069",0.253466666666667
"595","36117",0.3427
"596","36051",0.266133333333333
"597","36027",0.441266666666667
"598","36077",0.3786
"599","36113",0.171166666666667
"600","36009",0.6884
"601","48113",0.8454
"602","48085",0.2478
"603","48453",0.5098
"604","48181",0.674033333333333
"605","48141",0.9721
"606","48039",0.594233333333333
"607","48409",0.891966666666667
"608","48199",0.462866666666667
"609","06101",0.8694
"610","06027",0.571366666666667
"611","06109",0.5656
"612","36013",0.697833333333333
"613","06011",0.7826
"614","06057",0.2119
"615","36017",0.522233333333333
"616","06015",0.9393
"617","08005",0.3818
"618","12095",0.7551
"619","12101",0.695166666666667
"620","12071",0.660666666666667
"621","12105",0.9045
"622","08051",0.1494
"623","09011",0.376
"624","10001",0.795433333333333
"625","11001",0.6243
"626","08113",0.161233333333333
"627","12009",0.441233333333333
"628","12097",0.8405
"629","12063",0.888633333333333
"630","12017",0.570266666666667
"631","12015",0.567
"632","42089",0.373133333333333
"633","12049",0.9793
"634","12077",0.788733333333333
"635","12013",0.8173
"636","12047",0.983666666666667
"637","12129",0.3124
"638","29095",0.631166666666667
"639","29033",0.327933333333333
"640","29029",0.337266666666667
"641","29123",0.5309
"642","29023",0.8333
"643","29103",0.3871
"644","29171",0.398766666666667
"645","29157",0.2563
"646","29003",0.0304666666666667
"647","25017",0.259833333333333
"648","26003",0.378066666666667
"649","26063",0.2257
"650","26129",0.548033333333333
"651","26109",0.219
"652","26073",0.5929
"653","26055",0.193433333333333
"654","26013",0.496733333333333
"655","26141",0.231333333333333
"656","48063",0.896866666666667
"657","48115",0.9753
"658","48287",0.7213
"659","27075",0.0878666666666667
"660","72147",NA
"661","72047",NA
"662","72141",NA
"663","72031",NA
"664","72039",NA
"665","72033",NA
"666","04009",0.898166666666667
"667","04007",0.8555
"668","04021",0.8313
"669","15009",0.453766666666667
"670","15007",0.356166666666667
"671","16039",0.732366666666667
"672","27137",0.304833333333333
"673","27061",0.370266666666667
"674","27145",0.411433333333333
"675","27103",0.226533333333333
"676","27127",0.202966666666667
"677","27097",0.2043
"678","27089",0.121066666666667
"679","27147",0.2869
"680","27031",0.1562
"681","27011",0.136766666666667
"682","38105",0.4021
"683","38019",0.0982333333333333
"684","22069",0.883166666666667
"685","22063",0.4485
"686","22099",0.7391
"687","22015",0.687
"688","22127",0.743066666666667
"689","22079",0.906
"690","22091",0.9221
"691","22115",0.776433333333333
"692","22001",0.896466666666667
"693","22045",0.949066666666667
"694","22025",0.820266666666667
"695","22047",0.859533333333333
"696","38099",0.350766666666667
"697","38071",0.4298
"698","38031",0.0238666666666667
"699","38085",0.894333333333333
"700","54013",0.456133333333333
"701","54007",0.575066666666667
"702","22081",0.769033333333333
"703","28045",0.540833333333333
"704","48407",0.7397
"705","48387",0.635133333333333
"706","48055",0.891433333333333
"707","45035",0.565166666666667
"708","45083",0.762533333333333
"709","45073",0.735933333333333
"710","45047",0.8993
"711","45079",0.7347
"712","45031",0.9164
"713","45057",0.495366666666667
"714","45055",0.487333333333333
"715","45049",0.872766666666667
"716","45067",0.913333333333333
"717","21065",0.798733333333333
"718","22055",0.700466666666667
"719","47003",0.7336
"720","47035",0.440233333333333
"721","47053",0.767066666666667
"722","47159",0.353833333333333
"723","47165",0.266166666666667
"724","47149",0.383666666666667
"725","46123",0.492266666666667
"726","46093",0.1512
"727","46071",0.974333333333333
"728","46075",0.112333333333333
"729","47065",0.505866666666667
"730","47089",0.539733333333333
"731","47005",0.531833333333333
"732","47185",0.527633333333333
"733","47041",0.6197
"734","47001",0.6242
"735","47029",0.701333333333333
"736","47145",0.337733333333333
"737","47009",0.253566666666667
"738","47147",0.339133333333333
"739","47141",0.602766666666667
"740","47043",0.335633333333333
"741","47011",0.697733333333333
"742","46085",0.783833333333333
"743","47091",0.629066666666667
"744","20001",0.458533333333333
"745","47135",0.565433333333333
"746","47183",0.635566666666667
"747","47143",0.765
"748","47127",0.1428
"749","47175",0.600733333333333
"750","56033",0.169633333333333
"751","56003",0.468066666666667
"752","54107",0.376766666666667
"753","54059",0.712166666666667
"754","54011",0.688333333333333
"755","54067",0.3953
"756","54083",0.5287
"757","54003",0.3599
"758","54053",0.358766666666667
"759","54041",0.573066666666667
"760","54073",0.409866666666667
"761","54027",0.484566666666667
"762","13219",0.0319666666666667
"763","13237",0.580866666666667
"764","04012",0.9304
"765","13201",0.8787
"766","51149",0.363266666666667
"767","51157",0.0504
"768","51067",0.381866666666667
"769","51087",0.319966666666667
"770","51017",0.2502
"771","51141",0.406433333333333
"772","51177",0.2504
"773","51037",0.748633333333333
"774","51109",0.3059
"775","51101",0.0249333333333333
"776","51033",0.357566666666667
"777","51181",0.449333333333333
"778","51678",0.1821
"779","13135",0.559833333333333
"780","13103",0.2855
"781","13067",0.362966666666667
"782","13089",0.755933333333333
"783","13153",0.530833333333333
"784","13229",0.483533333333333
"785","13077",0.259733333333333
"786","13317",0.704433333333333
"787","13217",0.6951
"788","13019",0.7422
"789","19195",0.0322333333333333
"790","19029",0.197
"791","20169",0.4959
"792","21203",0.665166666666667
"793","21193",0.751433333333333
"794","21069",0.698266666666667
"795","21183",0.485766666666667
"796","21175",0.704966666666667
"797","20105",0.1044
"798","21063",0.656366666666667
"799","17097",0.430866666666667
"800","39035",0.7149
"801","39075",0.419866666666667
"802","39095",0.6919
"803","06071",0.897533333333333
"804","06041",0.3239
"805","36053",0.158966666666667
"806","36029",0.458366666666667
"807","06063",0.3571
"808","06079",0.4477
"809","36103",0.246233333333333
"810","06009",0.298233333333333
"811","36065",0.658266666666667
"812","08035",0.0206
"813","12057",0.746533333333333
"814","12117",0.3066
"815","09003",0.55525
"816","12055",0.862266666666667
"817","08013",0.197133333333333
"818","12031",0.760933333333333
"819","12107",0.967533333333333
"820","08093",0.0069
"821","08055",0.517533333333333
"822","12109",0.1219
"823","42045",0.508733333333333
"824","42111",0.374033333333333
"825","42103",0.193833333333333
"826","42027",0.308966666666667
"827","44003",0.193933333333333
"828","55059",0.5256
"829","30027",0.300866666666667
"830","30081",0.201466666666667
"831","30049",0.1529
"832","30087",0.718133333333333
"833","30001",0.237266666666667
"834","30013",0.460666666666667
"835","30007",0.0683
"836","30055",0.0480666666666667
"837","49057",0.367233333333333
"838","49049",0.272466666666667
"839","49017",0.401366666666667
"840","01003",0.291733333333333
"841","13079",0.6349
"842","13001",0.922766666666667
"843","28007",0.971433333333333
"844","13283",0.952566666666667
"845","48073",0.946733333333333
"846","34029",0.385366666666667
"847","34033",0.650166666666667
"848","35039",0.7889
"849","35043",0.449133333333333
"850","28149",0.8763
"851","35021",0.533566666666667
"852","01129",0.503966666666667
"853","53061",0.327833333333333
"854","51015",0.1847
"855","53055",0.121133333333333
"856","51031",0.3483
"857","53063",0.520533333333333
"858","51051",0.6204
"859","51195",0.8225
"860","53015",0.735833333333333
"861","33009",0.249
"862","32019",0.574633333333333
"863","24017",0.1811
"864","21095",0.854233333333333
"865","21047",0.928466666666667
"866","23013",0.162766666666667
"867","23015",0.142566666666667
"868","22035",0.927
"869","21027",0.630466666666667
"870","21127",0.5888
"871","21151",0.4573
"872","21231",0.726266666666667
"873","51191",0.2973
"874","24025",0.0912333333333333
"875","24015",0.312033333333333
"876","37089",0.3776
"877","37027",0.670033333333333
"878","37133",0.771133333333333
"879","37067",0.757533333333333
"880","37193",0.6746
"881","37111",0.764033333333333
"882","37117",0.859366666666667
"883","37059",0.435033333333333
"884","37103",0.819566666666667
"885","32015",0.700733333333333
"886","28047",0.9079
"887","28029",0.859533333333333
"888","28011",0.983666666666667
"889","28033",0.3253
"890","28103",0.9793
"891","28083",0.945666666666667
"892","28137",0.833433333333333
"893","48311",0.764566666666667
"894","16043",0.5672
"895","16035",0.5603
"896","16029",0.168466666666667
"897","16059",0.4053
"898","16083",0.536333333333333
"899","16003",0.2366
"900","16031",0.6053
"901","48229",0.992166666666667
"902","50009",0.310933333333333
"903","29113",0.2363
"904","29013",0.563233333333333
"905","29205",0.386433333333333
"906","26115",0.1546
"907","26125",0.134633333333333
"908","26099",0.374633333333333
"909","26103",0.256866666666667
"910","18023",0.477066666666667
"911","48449",0.887333333333333
"912","72095",NA
"913","27053",0.371866666666667
"914","27071",0.3651
"915","27013",0.3283
"916","27015",0.1062
"917","27073",0.0739666666666667
"918","37053",0.0992
"919","38017",0.202966666666667
"920","37177",0.853066666666667
"921","48395",0.821433333333333
"922","22013",0.952866666666667
"923","22037",0.721433333333333
"924","22053",0.727466666666667
"925","22039",0.9985
"926","22009",0.953333333333333
"927","38055",0.0662
"928","54093",0.284566666666667
"929","48501",0.5207
"930","28161",0.738033333333333
"931","16041",0.124666666666667
"932","50021",0.332633333333333
"933","51163",0.1516
"934","51145",0.00413333333333333
"935","51035",0.3371
"936","51630",0.684233333333333
"937","51005",0.385166666666667
"938","02070",0.8992
"939","02050",0.957133333333333
"940","02185",0.7882
"941","02188",0.908033333333333
"942","31117",0.0427
"943","78030",NA
"944","23007",0.361233333333333
"945","08037",0.2809
"946","08091",0.0449
"947","08027",0.1334
"948","31103",0.0104
"949","08111",0.325433333333333
"950","02150",0.701433333333333
"951","01101",0.891633333333333
"952","51063",0.101233333333333
"953","51167",0.4066
"954","51047",0.465766666666667
"955","53041",0.755333333333333
"956","51003",0.220866666666667
"957","13195",0.696633333333333
"958","13039",0.5934
"959","13033",0.759466666666667
"960","13127",0.7484
"961","13185",0.8699
"962","13105",0.908433333333333
"963","37165",0.994166666666667
"964","19045",0.325266666666667
"965","19147",0.135166666666667
"966","18173",0.0413666666666667
"967","18019",0.2779
"968","19063",0.3112
"969","20081",0.396733333333333
"970","21115",0.7631
"971","21155",0.816266666666667
"972","17043",0.203133333333333
"973","17153",0.619033333333333
"974","17165",0.753533333333333
"975","39049",0.599233333333333
"976","06067",0.750666666666667
"977","06073",0.654733333333333
"978","06089",0.7374
"979","36045",0.658033333333333
"980","36105",0.815233333333333
"981","36031",0.3564
"982","36107",0.1614
"983","48245",0.928133333333333
"984","48499",0.7011
"985","48373",0.926066666666667
"986","48427",0.986
"987","48157",0.3967
"988","48467",0.569833333333333
"989","48465",0.966033333333333
"990","48481",0.924133333333333
"991","48103",0.6073
"992","48035",0.615166666666667
"993","48127",0.9997
"994","48175",0.5496
"995","40027",0.462566666666667
"996","40145",0.451866666666667
"997","40079",0.907066666666667
"998","40067",0.825266666666667
"999","41041",0.661266666666667
"1000","41033",0.716666666666667
"1001","41067",0.3464
"1002","06051",0.3174
"1003","05075",0.642533333333333
"1004","05057",0.918933333333333
"1005","05131",0.851166666666667
"1006","06091",0.226133333333333
"1007","16033",0.688333333333333
"1008","48007",0.833633333333333
"1009","48393",0.0875333333333333
"1010","48399",0.534233333333333
"1011","48015",0.656066666666667
"1012","45003",0.6556
"1013","45019",0.4006
"1014","45041",0.856533333333333
"1015","45077",0.578866666666667
"1016","45075",0.9223
"1017","21229",0.4452
"1018","47105",0.268566666666667
"1019","47157",0.845266666666667
"1020","47025",0.636333333333333
"1021","47121",0.493066666666667
"1022","47063",0.847533333333333
"1023","47073",0.614366666666667
"1024","46009",0.202333333333333
"1025","46057",0.138666666666667
"1026","20101",0.0693
"1027","56013",0.6845
"1028","54039",0.544833333333333
"1029","54033",0.4329
"1030","54045",0.696866666666667
"1031","16049",0.537633333333333
"1032","12065",0.662466666666667
"1033","12007",0.903766666666667
"1034","29183",0.0354333333333333
"1035","29195",0.6097
"1036","29143",0.844466666666667
"1037","37017",0.884566666666667
"1038","42127",0.3301
"1039","42133",0.333066666666667
"1040","42063",0.5126
"1041","44005",0.253466666666667
"1042","55057",0.411033333333333
"1043","48001",0.844466666666667
"1044","48025",0.9444
"1045","48401",0.797233333333333
"1046","48233",0.4792
"1047","40133",0.946633333333333
"1048","41039",0.7067
"1049","05119",0.724433333333333
"1050","05139",0.7249
"1051","05045",0.5095
"1052","05109",0.621566666666667
"1053","05021",0.502733333333333
"1054","05121",0.6916
"1055","27021",0.367333333333333
"1056","27173",0.277033333333333
"1057","16073",0.7758
"1058","37143",0.531133333333333
"1059","38077",0.197866666666667
"1060","38045",0.0319333333333333
"1061","38059",0.0688666666666667
"1062","54063",0.4052
"1063","54057",0.389666666666667
"1064","28049",0.895066666666667
"1065","45005",0.995333333333333
"1066","22033",0.771333333333333
"1067","47033",0.753633333333333
"1068","47081",0.440966666666667
"1069","47093",0.342366666666667
"1070","47013",0.734966666666667
"1071","47181",0.750133333333333
"1072","46083",0.0301666666666667
"1073","46117",0.0567
"1074","47057",0.5701
"1075","47019",0.642433333333333
"1076","46041",0.843933333333333
"1077","20129",0.436333333333333
"1078","54099",0.4445
"1079","54085",0.287533333333333
"1080","56035",0.0831666666666667
"1081","54065",0.148833333333333
"1082","51073",0.0449
"1083","51036",0.262566666666667
"1084","51595",0.955133333333333
"1085","28051",0.9886
"1086","28055",0.9632
"1087","12029",0.812766666666667
"1088","16015",0.0911333333333333
"1089","16085",0.113
"1090","16027",0.667066666666667
"1091","50025",0.334633333333333
"1092","13013",0.4782
"1093","13313",0.892966666666667
"1094","34041",0.236066666666667
"1095","53033",0.345266666666667
"1096","01063",0.9508
"1097","31167",0.0291666666666667
"1098","21037",0.225566666666667
"1099","51105",0.854933333333333
"1100","25005",0.578333333333333
"1101","37139",0.769733333333333
"1102","37107",0.995633333333333
"1103","20019",0.6885
"1104","36043",0.390266666666667
"1105","12001",0.572066666666667
"1106","12083",0.8091
"1107","08071",0.8589
"1108","48391",0.945233333333333
"1109","48161",0.833
"1110","48403",0.538566666666667
"1111","30071",0.328833333333333
"1112","30063",0.233733333333333
"1113","30089",0.4508
"1114","30105",0.211333333333333
"1115","30023",0.591366666666667
"1116","49013",0.5359
"1117","49037",0.9549
"1118","49023",0.165866666666667
"1119","36019",0.454866666666667
"1120","48457",0.909466666666667
"1121","48167",0.686
"1122","48139",0.498433333333333
"1123","48491",0.2889
"1124","48061",0.981
"1125","48349",0.967733333333333
"1126","12103",0.650366666666667
"1127","12041",0.7687
"1128","08059",0.0883666666666667
"1129","09001",0.53405
"1130","10003",0.4542
"1131","12033",0.691833333333333
"1132","29037",0.124366666666667
"1133","29203",0.557066666666667
"1134","29041",0.1739
"1135","26047",0.1402
"1136","26147",0.292733333333333
"1137","26119",0.386833333333333
"1138","26153",0.499933333333333
"1139","72107",NA
"1140","69110",NA
"1141","69085",NA
"1142","04025",0.5796
"1143","04027",0.993633333333333
"1144","36085",0.550933333333333
"1145","36067",0.555233333333333
"1146","06023",0.805066666666667
"1147","06035",0.686033333333333
"1148","32003",0.820133333333333
"1149","32033",0.304133333333333
"1150","23005",0.152166666666667
"1151","21089",0.255933333333333
"1152","22117",0.984
"1153","20091",0.069
"1154","22123",0.630266666666667
"1155","23017",0.345033333333333
"1156","22125",0.531933333333333
"1157","21139",0.209133333333333
"1158","51069",0.2176
"1159","23025",0.462633333333333
"1160","24005",0.485466666666667
"1161","24043",0.615066666666667
"1162","25021",0.2595
"1163","24009",0.0204666666666667
"1164","37013",0.7894
"1165","37101",0.566366666666667
"1166","37035",0.670233333333333
"1167","37019",0.331366666666667
"1168","41001",0.589566666666667
"1169","05145",0.800933333333333
"1170","05107",0.929466666666667
"1171","05007",0.309166666666667
"1172","48185",0.867566666666667
"1173","30031",0.0663333333333333
"1174","30099",0.3186
"1175","49045",0.25
"1176","49029",3e-04
"1177","50027",0.1375
"1178","48091",0.270666666666667
"1179","08049",0.147766666666667
"1180","12053",0.624566666666667
"1181","29207",0.487533333333333
"1182","25015",0.2536
"1183","48319",0.355566666666667
"1184","72023",NA
"1185","27171",0.0305666666666667
"1186","37029",0.345766666666667
"1187","48425",0.5407
"1188","26083",0.0350333333333333
"1189","22041",0.8815
"1190","22083",0.870766666666667
"1191","54075",0.527733333333333
"1192","45071",0.849533333333333
"1193","22101",0.896966666666667
"1194","47119",0.3147
"1195","47021",0.237566666666667
"1196","47049",0.5138
"1197","54081",0.7585
"1198","54021",0.571933333333333
"1199","51175",0.447866666666667
"1200","51179",0.209333333333333
"1201","51127",0.00593333333333333
"1202","13091",0.865166666666667
"1203","28151",0.9901
"1204","29087",0.164566666666667
"1205","13163",0.961366666666667
"1206","13051",0.7774
"1207","13289",0.656566666666667
"1208","01023",0.747066666666667
"1209","53035",0.308
"1210","51187",0.375033333333333
"1211","01069",0.701133333333333
"1212","21195",0.761533333333333
"1213","22105",0.881366666666667
"1214","37061",0.931566666666667
"1215","37051",0.9136
"1216","20059",0.233
"1217","39105",0.617966666666667
"1218","06045",0.936833333333333
"1219","08001",0.668333333333333
"1220","08077",0.635
"1221","12131",0.6417
"1222","30033",0.0499333333333333
"1223","48041",0.7568
"1224","48489",0.978233333333333
"1225","48303",0.806266666666667
"1226","40023",0.943666666666667
"1227","41019",0.6681
"1228","41031",0.919166666666667
"1229","05061",0.889766666666667
"1230","45081",0.833433333333333
"1231","45065",0.6444
"1232","47085",0.3497
"1233","54031",0.312666666666667
"1234","26107",0.596066666666667
"1235","72127",NA
"1236","27107",0.288366666666667
"1237","48235",0.2907
"1238","54103",0.354433333333333
"1239","16023",0.4165
"1240","51085",0.0207
"1241","02013",0.666633333333333
"1242","08043",0.647
"1243","08109",0.757666666666667
"1244","34013",0.907033333333333
"1245","01071",0.614933333333333
"1246","13029",0.3353
"1247","13305",0.905366666666667
"1248","37085",0.7688
"1249","18179",0.0936666666666667
"1250","18025",0.322766666666667
"1251","21055",0.501
"1252","20161",0.52
"1253","21237",0.815933333333333
"1254","17189",0.0503
"1255","06059",0.5168
"1256","06007",0.819433333333333
"1257","01077",0.471066666666667
"1258","53031",0.325066666666667
"1259","22057",0.7706
"1260","51117",0.720033333333333
"1261","51027",0.661266666666667
"1262","24011",0.662466666666667
"1263","42029",0.144833333333333
"1264","42017",0.117333333333333
"1265","55043",0.218133333333333
"1266","48207",0.9087
"1267","30039",0.140633333333333
"1268","30053",0.479333333333333
"1269","30043",0.087
"1270","49055",0.2516
"1271","48053",0.573133333333333
"1272","48283",0.8666
"1273","48239",0.750433333333333
"1274","48011",0.127333333333333
"1275","45025",0.942166666666667
"1276","47179",0.552733333333333
"1277","46137",0.9162
"1278","60050",NA
"1279","29189",0.307033333333333
"1280","29099",0.153433333333333
"1281","48263",0.285033333333333
"1282","27165",0.6091
"1283","27037",0.140666666666667
"1284","27077",0.0903
"1285","22097",0.8952
"1286","28109",0.670966666666667
"1287","37075",0.6102
"1288","51011",0.2344
"1289","51095",0.160233333333333
"1290","02100",0.397066666666667
"1291","16037",0.402
"1292","34039",0.744233333333333
"1293","01049",0.765633333333333
"1294","51077",0.601066666666667
"1295","13133",0.536433333333333
"1296","13075",0.891866666666667
"1297","13311",0.290166666666667
"1298","19107",0.0550666666666667
"1299","18147",0.0573
"1300","18029",0.0576
"1301","21025",0.735966666666667
"1302","21153",0.782166666666667
"1303","17111",0.0925333333333333
"1304","39069",0.117233333333333
"1305","06053",0.837533333333333
"1306","06017",0.2
"1307","53045",0.602333333333333
"1308","51059",0.230366666666667
"1309","21177",0.412366666666667
"1310","37091",0.965633333333333
"1311","37153",0.979933333333333
"1312","42129",0.122433333333333
"1313","42005",0.184333333333333
"1314","48459",0.628233333333333
"1315","48369",0.664
"1316","40125",0.761466666666667
"1317","22073",0.865333333333333
"1318","54023",0.332633333333333
"1319","45091",0.360833333333333
"1320","47123",0.684033333333333
"1321","46095",0.872366666666667
"1322","47151",0.7493
"1323","46127",0.0532666666666667
"1324","54019",0.694666666666667
"1325","04015",0.860266666666667
"1326","51199",0.188866666666667
"1327","51155",0.339033333333333
"1328","18129",0.0110333333333333
"1329","21033",0.609733333333333
"1330","20023",0.204533333333333
"1331","06077",0.882466666666667
"1332","08123",0.533133333333333
"1333","37125",0.369666666666667
"1334","37131",0.906533333333333
"1335","28089",0.3291
"1336","48355",0.898233333333333
"1337","48133",0.830666666666667
"1338","48469",0.863833333333333
"1339","41055",0.2669
"1340","41045",0.993866666666667
"1341","05117",0.527366666666667
"1342","45059",0.906
"1343","47115",0.4761
"1344","47167",0.419833333333333
"1345","13221",0.527
"1346","26053",0.340266666666667
"1347","27129",0.2207
"1348","37095",0.847
"1349","22085",0.849
"1350","54095",0.171666666666667
"1351","28013",0.9108
"1352","28021",0.911633333333333
"1353","46073",0.126433333333333
"1354","48261",0.6885
"1355","08015",0.4896
"1356","13107",0.971166666666667
"1357","37037",0.365
"1358","18175",0.3271
"1359","20143",0.038
"1360","21067",0.5379
"1361","36055",0.566866666666667
"1362","01047",0.927866666666667
"1363","01027",0.5724
"1364","31055",0.553733333333333
"1365","22011",0.573933333333333
"1366","51185",0.602433333333333
"1367","24027",0.1386
"1368","42041",0.188133333333333
"1369","55029",0.0651333333333333
"1370","48059",0.290066666666667
"1371","48371",0.879233333333333
"1372","41005",0.264066666666667
"1373","05041",0.953866666666667
"1374","05149",0.795566666666667
"1375","30035",0.9134
"1376","49015",0.2152
"1377","49031",0.370433333333333
"1378","06021",0.879033333333333
"1379","08019",0.0990666666666667
"1380","12037",0.872366666666667
"1381","29019",0.366333333333333
"1382","48435",0.707433333333333
"1383","27027",0.325266666666667
"1384","48327",0.738733333333333
"1385","22077",0.782
"1386","48107",0.939233333333333
"1387","22021",0.876833333333333
"1388","53077",0.9498
"1389","13271",0.894833333333333
"1390","13191",0.611233333333333
"1391","20069",0.284366666666667
"1392","17003",0.9248
"1393","06085",0.362833333333333
"1394","45015",0.5602
"1395","47051",0.4421
"1396","47117",0.484833333333333
"1397","66010",NA
"1398","48067",0.828433333333333
"1399","41051",0.545733333333333
"1400","22059",0.5993
"1401","47187",0.0196
"1402","04005",0.7807
"1403","49007",0.595233333333333
"1404","12023",0.889366666666667
"1405","26089",0.0253666666666667
"1406","24031",0.425966666666667
"1407","13009",0.8922
"1408","13181",0.6125
"1409","01059",0.776366666666667
"1410","24019",0.773466666666667
"1411","37159",0.8438
"1412","37009",0.4415
"1413","20141",0.0719333333333333
"1414","06055",0.603033333333333
"1415","36063",0.373533333333333
"1416","12039",0.978966666666667
"1417","55007",0.0987666666666667
"1418","13137",0.7043
"1419","40013",0.842966666666667
"1420","40065",0.7509
"1421","05085",0.347266666666667
"1422","05015",0.6262
"1423","48017",0.792466666666667
"1424","30029",0.176333333333333
"1425","50017",0.132666666666667
"1426","48339",0.480633333333333
"1427","48241",0.88
"1428","36091",0.054
"1429","08031",0.5207
"1430","26029",0.132833333333333
"1431","48033",0.1428
"1432","69100",NA
"1433","27163",0.0617666666666667
"1434","38053",0.441666666666667
"1435","13059",0.7796
"1436","13223",0.148866666666667
"1437","13207",0.4201
"1438","13069",0.959666666666667
"1439","13071",0.982266666666667
"1440","13161",0.896066666666667
"1441","13225",0.9198
"1442","13149",0.726466666666667
"1443","13093",0.932966666666667
"1444","13231",0.102933333333333
"1445","28157",0.890333333333333
"1446","48153",0.7879
"1447","45009",0.9423
"1448","47059",0.5827
"1449","47155",0.613466666666667
"1450","54047",0.842466666666667
"1451","13303",0.923933333333333
"1452","51079",0.223666666666667
"1453","51053",0.401066666666667
"1454","21187",0.3837
"1455","06069",0.5359
"1456","10005",0.47
"1457","34003",0.3535
"1458","53053",0.5203
"1459","31013",0.422033333333333
"1460","23031",0.131966666666667
"1461","21119",0.787
"1462","37057",0.635033333333333
"1463","29057",0.61
"1464","04017",0.988733333333333
"1465","02122",0.4678
"1466","31075",0.1687
"1467","13267",0.913433333333333
"1468","48353",0.946266666666667
"1469","41035",0.859966666666667
"1470","05069",0.9324
"1471","45029",0.8787
"1472","54071",0.289266666666667
"1473","29027",0.268033333333333
"1474","55009",0.3075
"1475","48225",0.9407
"1476","27139",0.103533333333333
"1477","22067",0.916066666666667
"1478","46103",0.514233333333333
"1479","20199",0.169966666666667
"1480","04003",0.921066666666667
"1481","37043",0.375666666666667
"1482","49033",0.182466666666667
"1483","48361",0.629033333333333
"1484","12075",0.7705
"1485","12005",0.693766666666667
"1486","26041",0.339633333333333
"1487","22017",0.8905
"1488","24021",0.155
"1489","60020",NA
"1490","45053",0.9237
"1491","37137",0.646266666666667
"1492","06113",0.7147
"1493","13321",0.7829
"1494","35059",0.8198
"1495","35023",0.943266666666667
"1496","51660",0.8316
"1497","51025",0.865466666666667
"1498","33001",0.1375
"1499","32007",0.570466666666667
"1500","32023",0.7813
"1501","31001",0.4357
"1502","31185",0.152166666666667
"1503","31159",0.0539
"1504","31129",0.0861
"1505","01037",0.480966666666667
"1506","51135",0.861766666666667
"1507","53059",0.252733333333333
"1508","53023",0.1726
"1509","35001",0.7514
"1510","35029",0.9986
"1511","35006",0.982066666666667
"1512","35019",0.857333333333333
"1513","31149",0.0278666666666667
"1514","31033",0.208666666666667
"1515","31021",0.214333333333333
"1516","31087",0.245
"1517","31105",0.5062
"1518","31139",0.0389333333333333
"1519","31175",0.1319
"1520","31125",0.0651666666666667
"1521","21163",0.219533333333333
"1522","51590",0.9742
"1523","20037",0.729433333333333
"1524","21213",0.273633333333333
"1525","23029",0.669666666666667
"1526","21141",0.482166666666667
"1527","21157",0.2187
"1528","25001",0.0934666666666667
"1529","31037",0.422733333333333
"1530","31137",0.226366666666667
"1531","31027",0.00826666666666667
"1532","31119",0.499966666666667
"1533","31051",0.336033333333333
"1534","31019",0.3444
"1535","31045",0.2403
"1536","37097",0.385
"1537","37001",0.7565
"1538","37169",0.391066666666667
"1539","32029",0.123933333333333
"1540","19019",0.0583333333333333
"1541","19183",0.170833333333333
"1542","19153",0.4273
"1543","19127",0.676066666666667
"1544","19049",0.0562333333333333
"1545","19023",0.0291
"1546","19041",0.2558
"1547","18093",0.284133333333333
"1548","37197",0.628433333333333
"1549","37049",0.829833333333333
"1550","37073",0.453666666666667
"1551","37005",0.656533333333333
"1552","53003",0.4084
"1553","25003",0.3996
"1554","18037",0.164466666666667
"1555","18127",0.150233333333333
"1556","19057",0.457733333333333
"1557","19145",0.324966666666667
"1558","18109",0.127566666666667
"1559","18001",0.574633333333333
"1560","19055",0.0235666666666667
"1561","19009",0.0355333333333333
"1562","18133",0.229433333333333
"1563","18041",0.6316
"1564","19137",0.2439
"1565","20121",0.0516666666666667
"1566","20087",0.0282333333333333
"1567","18119",0.304633333333333
"1568","18177",0.712766666666667
"1569","18141",0.616666666666667
"1570","18017",0.6117
"1571","19079",0.101233333333333
"1572","19191",0.0349333333333333
"1573","19017",0.0318333333333333
"1574","19171",0.3636
"1575","19015",0.0626333333333333
"1576","19087",0.238866666666667
"1577","18149",0.2934
"1578","26157",0.3145
"1579","26149",0.619
"1580","13063",0.937633333333333
"1581","13023",0.692633333333333
"1582","13235",0.919466666666667
"1583","72143",NA
"1584","72019",NA
"1585","28005",0.828233333333333
"1586","28131",0.7626
"1587","28117",0.798
"1588","26101",0.381566666666667
"1589","02060",0.272366666666667
"1590","38007",0.0328666666666667
"1591","13199",0.8906
"1592","13197",0.8435
"1593","72099",NA
"1594","72139",NA
"1595","28027",0.955433333333333
"1596","28101",0.7889
"1597","28069",0.940466666666667
"1598","13101",0.5471
"1599","32017",0.552833333333333
"1600","31171",0.00243333333333333
"1601","13193",0.9656
"1602","72053",NA
"1603","16063",0.645066666666667
"1604","16071",0.208866666666667
"1605","31165",0.197833333333333
"1606","23019",0.4399
"1607","51640",0.978266666666667
"1608","13211",0.2522
"1609","13287",0.967733333333333
"1610","72057",NA
"1611","04011",0.445233333333333
"1612","16067",0.6543
"1613","51125",0.2607
"1614","51111",0.868966666666667
"1615","51600",0.282333333333333
"1616","51620",0.773133333333333
"1617","08039",8e-04
"1618","08095",0.383
"1619","08119",0.0754333333333333
"1620","08007",0.296333333333333
"1621","37077",0.659033333333333
"1622","37191",0.952866666666667
"1623","04023",0.938333333333333
"1624","27005",0.340433333333333
"1625","27095",0.5754
"1626","27115",0.4886
"1627","27113",0.229633333333333
"1628","51775",0.344066666666667
"1629","51735",0.00593333333333333
"1630","51530",0.451233333333333
"1631","02220",0.442433333333333
"1632","02180",0.911633333333333
"1633","02105",0.5227
"1634","08115",0.726333333333333
"1635","08017",0.134466666666667
"1636","08079",0.0525
"1637","37157",0.8174
"1638","37045",0.854333333333333
"1639","27029",0.804533333333333
"1640","27039",0.0460333333333333
"1641","27041",0.0771333333333333
"1642","13253",0.8819
"1643","13281",0.390966666666667
"1644","13243",0.986933333333333
"1645","34037",0.0377666666666667
"1646","19181",0.0741666666666667
"1647","19155",0.481166666666667
"1648","27079",0.0829666666666667
"1649","27169",0.2015
"1650","13125",0.670666666666667
"1651","12051",0.9948
"1652","29181",0.6061
"1653","35028",0.0156
"1654","35027",0.674966666666667
"1655","35041",0.957466666666667
"1656","19103",0.334966666666667
"1657","19113",0.1895
"1658","19061",0.228433333333333
"1659","27161",0.249533333333333
"1660","27049",0.168166666666667
"1661","29097",0.717633333333333
"1662","29510",0.815066666666667
"1663","35005",0.958933333333333
"1664","35057",0.752533333333333
"1665","01103",0.669833333333333
"1666","37003",0.563733333333333
"1667","19169",0.2436
"1668","19027",0.0682333333333333
"1669","19179",0.778733333333333
"1670","27025",0.0445333333333333
"1671","27033",0.475866666666667
"1672","27051",0.1427
"1673","29067",0.496866666666667
"1674","29091",0.698133333333333
"1675","29081",0.595066666666667
"1676","51049",0.470066666666667
"1677","13159",0.616066666666667
"1678","19059",0.077
"1679","19033",0.1908
"1680","19123",0.264666666666667
"1681","38001",0.168
"1682","38009",0.0762666666666667
"1683","29107",0.221366666666667
"1684","29167",0.599766666666667
"1685","13055",0.9285
"1686","13111",0.468033333333333
"1687","26113",0.4729
"1688","26051",0.551733333333333
"1689","18165",0.4088
"1690","38029",0.0690666666666667
"1691","29185",0.519866666666667
"1692","29173",0.108866666666667
"1693","29053",0.400533333333333
"1694","13257",0.778033333333333
"1695","13119",0.8083
"1696","18181",0.256533333333333
"1697","18135",0.44
"1698","18101",0.192166666666667
"1699","21201",0.4756
"1700","22049",0.847333333333333
"1701","29007",0.6314
"1702","29177",0.1495
"1703","29229",0.841833333333333
"1704","13297",0.373266666666667
"1705","13065",0.951733333333333
"1706","18115",0.0967666666666667
"1707","18161",0.143533333333333
"1708","56027",0.381
"1709","48345",0.439
"1710","22007",0.753766666666667
"1711","38073",0.0773333333333333
"1712","38091",0.0128333333333333
"1713","29199",0.443766666666667
"1714","29065",0.6648
"1715","29163",0.6145
"1716","29075",0.4486
"1717","13015",0.5599
"1718","13081",0.985666666666667
"1719","48129",0.375366666666667
"1720","48173",0.268833333333333
"1721","48359",0.325666666666667
"1722","48505",0.994166666666667
"1723","38043",0.0523
"1724","54087",0.5945
"1725","28085",0.6916
"1726","28003",0.8093
"1727","28043",0.868466666666667
"1728","29051",0.237666666666667
"1729","29001",0.450733333333333
"1730","26117",0.499533333333333
"1731","13085",0.159533333333333
"1732","13227",0.341
"1733","13131",0.931466666666667
"1734","72059",NA
"1735","72005",NA
"1736","28129",0.582766666666667
"1737","28153",0.906533333333333
"1738","28159",0.899433333333333
"1739","28067",0.8381
"1740","26127",0.7348
"1741","26005",0.172
"1742","26155",0.133166666666667
"1743","13233",0.8259
"1744","13011",0.4687
"1745","13047",0.238566666666667
"1746","72063",NA
"1747","72121",NA
"1748","48497",0.568
"1749","48463",0.978133333333333
"1750","48479",0.969966666666667
"1751","48203",0.843366666666667
"1752","48095",0.560133333333333
"1753","47067",0.815066666666667
"1754","21143",0.227066666666667
"1755","20067",0.397866666666667
"1756","21191",0.464066666666667
"1757","20057",0.795333333333333
"1758","12085",0.451
"1759","08085",0.589333333333333
"1760","08061",0.259733333333333
"1761","48189",0.9319
"1762","48069",0.799466666666667
"1763","48317",0.4712
"1764","48275",0.728833333333333
"1765","47087",0.639666666666667
"1766","17145",0.6173
"1767","17183",0.7173
"1768","08089",0.932733333333333
"1769","42105",0.442333333333333
"1770","42069",0.541966666666667
"1771","48099",0.809966666666667
"1772","48305",0.805033333333333
"1773","40037",0.504366666666667
"1774","47103",0.5014
"1775","17007",0.450166666666667
"1776","17081",0.746633333333333
"1777","17113",0.193733333333333
"1778","17191",0.452
"1779","42123",0.171366666666667
"1780","42117",0.304633333333333
"1781","42065",0.322966666666667
"1782","40063",0.8136
"1783","40035",0.892833333333333
"1784","40119",0.565
"1785","47101",0.558733333333333
"1786","47133",0.386433333333333
"1787","17001",0.276133333333333
"1788","17133",0.0014
"1789","42025",0.2869
"1790","42009",0.201066666666667
"1791","40029",0.8276
"1792","40073",0.3615
"1793","40033",0.5493
"1794","46105",0.261833333333333
"1795","47075",0.880533333333333
"1796","17121",0.632266666666667
"1797","17095",0.644166666666667
"1798","17159",0.376666666666667
"1799","44001",0.1369
"1800","55123",0.4403
"1801","40053",0.193
"1802","41027",0.640266666666667
"1803","47153",0.5387
"1804","46003",0.177833333333333
"1805","20039",0.1287
"1806","17083",0.0566666666666667
"1807","39137",0.012
"1808","55115",0.1709
"1809","55101",0.462066666666667
"1810","41009",0.319266666666667
"1811","41053",0.5757
"1812","54101",0.594733333333333
"1813","56045",0.3042
"1814","54035",0.2485
"1815","39025",0.1339
"1816","39157",0.402766666666667
"1817","55035",0.210166666666667
"1818","55019",0.5868
"1819","55041",0.462633333333333
"1820","01061",0.648933333333333
"1821","17065",0.2559
"1822","17127",0.633133333333333
"1823","46129",0.460033333333333
"1824","47007",0.730433333333333
"1825","20025",0.237566666666667
"1826","39139",0.602133333333333
"1827","39121",0.511266666666667
"1828","39021",0.198233333333333
"1829","55107",0.288166666666667
"1830","55067",0.234433333333333
"1831","30111",0.282333333333333
"1832","05047",0.593533333333333
"1833","05105",0.483633333333333
"1834","20065",0.268633333333333
"1835","20185",0.2622
"1836","20083",0.0862666666666667
"1837","20189",0.748333333333333
"1838","56007",0.520433333333333
"1839","39127",0.4667
"1840","39029",0.4496
"1841","30091",0.124966666666667
"1842","30017",0.352033333333333
"1843","30065",0.320533333333333
"1844","05051",0.861433333333333
"1845","05049",0.653466666666667
"1846","54069",0.4214
"1847","13005",0.920366666666667
"1848","39151",0.334766666666667
"1849","39055",0.0991
"1850","30079",0.1867
"1851","30019",0.0657666666666667
"1852","30107",0.3101
"1853","05143",0.741833333333333
"1854","05129",0.426933333333333
"1855","47077",0.647233333333333
"1856","46115",0.123433333333333
"1857","46119",0.0215
"1858","39169",0.439566666666667
"1859","39037",0.103866666666667
"1860","39103",0.0108
"1861","49053",0.421733333333333
"1862","01081",0.661433333333333
"1863","05083",0.619066666666667
"1864","05023",0.2767
"1865","46039",0.0459666666666667
"1866","46013",0.265466666666667
"1867","47139",0.4909
"1868","39059",0.588566666666667
"1869","39081",0.466666666666667
"1870","50023",0.177833333333333
"1871","36101",0.458333333333333
"1872","05079",0.5988
"1873","16017",0.331733333333333
"1874","46011",0.150566666666667
"1875","46101",0.302333333333333
"1876","47111",0.607466666666667
"1877","39111",0.3725
"1878","39067",0.547966666666667
"1879","39027",0.398333333333333
"1880","36001",0.3992
"1881","36037",0.2003
"1882","48255",0.875333333333333
"1883","48097",0.6522
"1884","48347",0.9913
"1885","20045",0.279966666666667
"1886","20027",0.276666666666667
"1887","20055",0.8592
"1888","36049",0.2117
"1889","36035",0.4359
"1890","08041",0.447533333333333
"1891","36007",0.681266666666667
"1892","36041",0.247666666666667
"1893","48093",0.7148
"1894","48165",0.705133333333333
"1895","48023",0.3087
"1896","21233",0.7298
"1897","20049",0.362366666666667
"1898","20107",0.3771
"1899","12019",0.378666666666667
"1900","12087",0.612166666666667
"1901","08063",0.6212
"1902","48485",0.8206
"1903","48439",0.684533333333333
"1904","45037",0.842133333333333
"1905","45085",0.922433333333333
"1906","45089",0.965933333333333
"1907","21103",0.544633333333333
"1908","20075",0.300033333333333
"1909","20171",0.395733333333333
"1910","20117",0.133966666666667
"1911","20029",0.2815
"1912","20053",0.248733333333333
"1913","08045",0.509466666666667
"1914","12021",0.5743
"1915","48365",0.7079
"1916","48221",0.413233333333333
"1917","48145",0.9808
"1918","40137",0.661533333333333
"1919","40081",0.434166666666667
"1920","26151",0.456733333333333
"1921","26075",0.5238
"1922","17131",0.0790666666666667
"1923","17155",0.0162333333333333
"1924","36095",0.369766666666667
"1925","36121",0.232066666666667
"1926","40091",0.773066666666667
"1927","08067",0.206433333333333
"1928","08121",0.269733333333333
"1929","12073",0.6161
"1930","12086",0.8664
"1931","26111",0.1615
"1932","26139",0.1772
"1933","26037",0.0392666666666667
"1934","05125",0.304533333333333
"1935","05065",0.599
"1936","36097",0.3425
"1937","36109",0.385033333333333
"1938","09015",0.45155
"1939","12027",0.984633333333333
"1940","26059",0.480866666666667
"1941","26065",0.5806
"1942","26161",0.267566666666667
"1943","05005",0.340666666666667
"1944","05071",0.871833333333333
"1945","36015",0.558066666666667
"1946","48337",0.6192
"1947","48503",0.542266666666667
"1948","12115",0.343766666666667
"1949","08075",0.6293
"1950","26027",0.2625
"1951","26159",0.665666666666667
"1952","26023",0.691966666666667
"1953","05101",0.229266666666667
"1954","05097",0.617
"1955","05111",0.767966666666667
"1956","05087",0.5651
"1957","48291",0.9651
"1958","48367",0.277166666666667
"1959","48027",0.887833333333333
"1960","12061",0.477233333333333
"1961","08103",0.446
"1962","13155",0.831833333333333
"1963","26017",0.361933333333333
"1964","26165",0.481166666666667
"1965","05043",0.7334
"1966","05059",0.701166666666667
"1967","05141",0.752566666666667
"1968","48325",0.719
"1969","48049",0.775566666666667
"1970","06049",0.780566666666667
"1971","36111",0.5286
"1972","13043",0.9634
"1973","05113",0.810433333333333
"1974","12043",0.9009
"1975","26079",0.390466666666667
"1976","26143",0.451366666666667
"1977","42057",0.1612
"1978","26085",0.7197
"1979","05135",0.595333333333333
"1980","48375",0.9637
"1981","48341",0.7937
"1982","48483",0.804833333333333
"1983","18169",0.240433333333333
"1984","18065",0.316
"1985","18053",0.741
"1986","19031",0.00723333333333333
"1987","12067",0.8725
"1988","29139",0.469933333333333
"1989","48159",0.4469
"1990","48101",0.824866666666667
"1991","48247",0.867433333333333
"1992","48417",0.606733333333333
"1993","48269",0.320266666666667
"1994","48021",0.767766666666667
"1995","55127",0.232266666666667
"1996","20035",0.712766666666667
"1997","20155",0.550133333333333
"1998","20205",0.520566666666667
"1999","20193",0.0897666666666667
"2000","29159",0.7248
"2001","29063",0.237066666666667
"2002","29211",0.527433333333333
"2003","72041",NA
"2004","72069",NA
"2005","55047",0.371633333333333
"2006","55131",0.00956666666666667
"2007","17091",0.695566666666667
"2008","17101",0.6082
"2009","17041",0.479
"2010","29155",0.940066666666667
"2011","29213",0.778166666666667
"2012","29109",0.781
"2013","18111",0.312333333333333
"2014","18171",0.0398
"2015","55083",0.0361
"2016","55093",0.0434
"2017","39039",0.223533333333333
"2018","39117",0.169133333333333
"2019","39047",0.456133333333333
"2020","31133",0.4323
"2021","29077",0.508233333333333
"2022","29121",0.4864
"2023","29221",0.796566666666667
"2024","48009",0.1952
"2025","72085",NA
"2026","72025",NA
"2027","55129",0.1144
"2028","55125",0.1075
"2029","55069",0.123266666666667
"2030","30075",0.0810666666666667
"2031","31157",0.658
"2032","31085",0.0480333333333333
"2033","21161",0.646066666666667
"2034","42075",0.590133333333333
"2035","29215",0.855933333333333
"2036","29147",0.224633333333333
"2037","29169",0.662066666666667
"2038","40045",0.4321
"2039","40003",0.279666666666667
"2040","30101",0.552666666666667
"2041","30021",0.109533333333333
"2042","55065",0.156066666666667
"2043","48461",0.640966666666667
"2044","48237",0.8041
"2045","48143",0.741533333333333
"2046","29061",0.4959
"2047","29117",0.344066666666667
"2048","40069",0.8453
"2049","40131",0.343833333333333
"2050","40005",0.822266666666667
"2051","30095",0.0451
"2052","31029",0.226933333333333
"2053","01057",0.707366666666667
"2054","48429",0.944566666666667
"2055","48135",0.877666666666667
"2056","48131",0.986233333333333
"2057","48183",0.889466666666667
"2058","29165",0.1199
"2059","29105",0.6405
"2060","40085",0.743866666666667
"2061","40115",0.940866666666667
"2062","49027",0.400833333333333
"2063","01031",0.6233
"2064","01075",0.550466666666667
"2065","48357",0.738
"2066","48089",0.7275
"2067","48137",0.5988
"2068","48285",0.614766666666667
"2069","29187",0.712866666666667
"2070","29093",0.7106
"2071","29225",0.580133333333333
"2072","40015",0.907066666666667
"2073","40139",0.870966666666667
"2074","40059",0.421966666666667
"2075","01011",0.8731
"2076","50005",0.296866666666667
"2077","48019",0.5693
"2078","48299",0.583666666666667
"2079","40111",0.893033333333333
"2080","29227",0.2292
"2081","29011",0.668
"2082","29005",0.142666666666667
"2083","40149",0.522866666666667
"2084","40093",0.3326
"2085","40043",0.288966666666667
"2086","36123",0.529966666666667
"2087","36039",0.4086
"2088","40049",0.523833333333333
"2089","40021",0.933266666666667
"2090","29125",0.5284
"2091","26049",0.665433333333333
"2092","26057",0.451366666666667
"2093","41029",0.711833333333333
"2094","40011",0.709233333333333
"2095","17039",0.0740666666666667
"2096","53051",0.462933333333333
"2097","53039",0.5967
"2098","37011",0.698466666666667
"2099","37063",0.678066666666667
"2100","19157",0.207833333333333
"2101","19081",0.0721333333333333
"2102","19039",0.6915
"2103","18091",0.603866666666667
"2104","17093",0.120533333333333
"2105","17063",0.0805333333333333
"2106","17117",0.1512
"2107","53013",0.314233333333333
"2108","33003",0.110233333333333
"2109","32510",0.8485
"2110","37135",0.363066666666667
"2111","42007",0.2438
"2112","18049",0.425666666666667
"2113","18163",0.5567
"2114","19189",0.157166666666667
"2115","19185",0.421433333333333
"2116","17199",0.435133333333333
"2117","17077",0.780466666666667
"2118","32005",0.1963
"2119","32013",0.6036
"2120","31145",0.322
"2121","42119",0.3965
"2122","42121",0.384533333333333
"2123","18035",0.610166666666667
"2124","18121",0.638633333333333
"2125","17179",0.103433333333333
"2126","17067",0.100266666666667
"2127","31147",0.1884
"2128","31067",0.175066666666667
"2129","31101",0.286266666666667
"2130","42107",0.458333333333333
"2131","42085",0.5398
"2132","18143",0.544933333333333
"2133","18077",0.490066666666667
"2134","17103",0.332533333333333
"2135","17037",0.511366666666667
"2136","31153",0.0959
"2137","31179",0.100466666666667
"2138","42019",0.0796
"2139","42115",0.2032
"2140","19167",0.151633333333333
"2141","18145",0.244366666666667
"2142","19151",0.1287
"2143","17085",0.0726333333333333
"2144","17075",0.329666666666667
"2145","17045",0.3128
"2146","31111",0.404466666666667
"2147","31023",0.0928333333333333
"2148","31035",0.1237
"2149","42077",0.702466666666667
"2150","42037",0.259666666666667
"2151","18045",0.2541
"2152","18131",0.3096
"2153","19129",0.0877333333333333
"2154","17195",0.302266666666667
"2155","17135",0.320333333333333
"2156","31043",0.7875
"2157","31083",0.2285
"2158","31057",0.163333333333333
"2159","55027",0.1758
"2160","55025",0.185666666666667
"2161","20183",0.0503
"2162","20015",0.221233333333333
"2163","17021",0.206066666666667
"2164","17029",0.531966666666667
"2165","31065",0.1773
"2166","31031",0.225966666666667
"2167","24045",0.795133333333333
"2168","55079",0.824433333333333
"2169","55055",0.166833333333333
"2170","21009",0.779733333333333
"2171","20207",0.302533333333333
"2172","17009",0.4684
"2173","17025",0.530833333333333
"2174","51071",0.1703
"2175","21041",0.867766666666667
"2176","22087",0.846833333333333
"2177","55133",0.0247
"2178","55017",0.1444
"2179","20209",0.937733333333333
"2180","20167",0.295366666666667
"2181","20051",0.193966666666667
"2182","20163",0.106966666666667
"2183","39085",0.143666666666667
"2184","39019",0.255566666666667
"2185","51115",0.0821
"2186","23009",0.2052
"2187","20175",0.892933333333333
"2188","55135",0.1481
"2189","55053",0.536666666666667
"2190","21215",0.0326666666666667
"2191","20177",0.543433333333333
"2192","21169",0.574766666666667
"2193","39041",0.0203
"2194","39107",0.0313333333333333
"2195","39161",0.0989
"2196","20099",0.5875
"2197","21185",0.0352333333333333
"2198","21145",0.5081
"2199","51169",0.537966666666667
"2200","55095",0.0820333333333333
"2201","55049",0.0085
"2202","20153",0.2612
"2203","20103",0.239533333333333
"2204","20003",0.303833333333333
"2205","39133",0.2875
"2206","39031",0.617633333333333
"2207","21015",0.131666666666667
"2208","51013",0.164233333333333
"2209","55078",0.6932
"2210","48253",0.6173
"2211","48147",0.595633333333333
"2212","21211",0.349933333333333
"2213","20009",0.624033333333333
"2214","20005",0.4395
"2215","39053",0.586633333333333
"2216","39009",0.627966666666667
"2217","39091",0.202033333333333
"2218","21117",0.313966666666667
"2219","21077",0.5772
"2220","48397",0.123166666666667
"2221","48307",0.769133333333333
"2222","48227",0.902166666666667
"2223","20135",0.107366666666667
"2224","21087",0.629133333333333
"2225","21057",0.610466666666667
"2226","39063",0.1809
"2227","39073",0.435133333333333
"2228","39159",0.0388666666666667
"2229","21199",0.683733333333333
"2230","21113",0.3806
"2231","19193",0.689533333333333
"2232","18011",0.0399
"2233","20113",0.135033333333333
"2234","17011",0.304266666666667
"2235","39071",0.5771
"2236","39033",0.342266666666667
"2237","39175",0.125033333333333
"2238","21021",0.498
"2239","21035",0.4832
"2240","21001",0.616766666666667
"2241","18059",0.0229333333333333
"2242","18063",0.0810666666666667
"2243","18057",0.0302333333333333
"2244","17157",0.454233333333333
"2245","17173",0.0853
"2246","39065",0.4521
"2247","06075",0.4351
"2248","51510",0.2822
"2249","25023",0.273733333333333
"2250","37081",0.739166666666667
"2251","18009",0.430733333333333
"2252","18075",0.515366666666667
"2253","18085",0.446366666666667
"2254","18103",0.473466666666667
"2255","19035",0.1478
"2256","17015",0.181866666666667
"2257","17119",0.270233333333333
"2258","01125",0.652833333333333
"2259","53001",0.969233333333333
"2260","31127",0.321966666666667
"2261","31041",0.1689
"2262","31161",0.484933333333333
"2263","13293",0.735933333333333
"2264","28017",0.932733333333333
"2265","28079",0.976566666666667
"2266","28111",0.718833333333333
"2267","28023",0.731566666666667
"2268","72129",NA
"2269","72015",NA
"2270","31061",0.0905
"2271","27131",0.4209
"2272","27055",0.0229333333333333
"2273","13255",0.820933333333333
"2274","28025",0.7447
"2275","28075",0.934966666666667
"2276","28057",0.363466666666667
"2277","72073",NA
"2278","72111",NA
"2279","15003",0.527
"2280","38051",0.121933333333333
"2281","38057",0.2182
"2282","13099",0.940466666666667
"2283","13239",0.867266666666667
"2284","28073",0.608266666666667
"2285","28041",0.689733333333333
"2286","28133",0.947266666666667
"2287","28099",0.9546
"2288","72089",NA
"2289","27057",0.243166666666667
"2290","27045",0.2035
"2291","38025",0.3417
"2292","54091",0.400866666666667
"2293","19139",0.435
"2294","19161",0.0736333333333333
"2295","19083",0.146933333333333
"2296","28071",0.475366666666667
"2297","28097",0.917433333333333
"2298","27019",0.0205666666666667
"2299","27007",0.780366666666667
"2300","28019",0.758533333333333
"2301","28081",0.7651
"2302","19133",0.122766666666667
"2303","21221",0.4912
"2304","20079",0.437833333333333
"2305","16065",0.4048
"2306","02063",0.4614
"2307","02198",0.806033333333333
"2308","29079",0.6818
"2309","27065",0.260266666666667
"2310","27105",0.8089
"2311","27157",0.0866666666666667
"2312","28127",0.8014
"2313","28031",0.7826
"2314","19003",0.0559
"2315","19043",0.240733333333333
"2316","51760",0.820366666666667
"2317","50011",0.118733333333333
"2318","72009",NA
"2319","72115",NA
"2320","27067",0.471366666666667
"2321","38011",0.186
"2322","28037",0.569966666666667
"2323","28115",0.744033333333333
"2324","28119",0.9563
"2325","19071",0.0286333333333333
"2326","18005",0.342633333333333
"2327","18079",0.317133333333333
"2328","29101",0.369433333333333
"2329","29141",0.753266666666667
"2330","29085",0.550033333333333
"2331","38069",0.1772
"2332","46059",0.0378666666666667
"2333","56031",0.190733333333333
"2334","56043",0.286166666666667
"2335","28065",0.8317
"2336","28139",0.863866666666667
"2337","28141",0.688866666666667
"2338","21061",0.497666666666667
"2339","20165",0.0688333333333333
"2340","20011",0.539866666666667
"2341","20095",0.0658
"2342","20077",0.494833333333333
"2343","29217",0.554766666666667
"2344","29145",0.5221
"2345","51730",0.970933333333333
"2346","18137",0.311433333333333
"2347","18113",0.507333333333333
"2348","19135",0.197266666666667
"2349","28147",0.874666666666667
"2350","16021",0.3792
"2351","16009",0.672466666666667
"2352","18097",0.8174
"2353","19121",0.0137
"2354","29045",0.348833333333333
"2355","29083",0.643733333333333
"2356","26123",0.559266666666667
"2357","20007",0.436366666666667
"2358","17147",0.00373333333333333
"2359","39125",0.191533333333333
"2360","42003",0.286333333333333
"2361","72055",NA
"2362","51710",0.837766666666667
"2363","51670",0.909866666666667
"2364","19037",0.0486
"2365","18069",0.126266666666667
"2366","18099",0.521933333333333
"2367","18073",0.1945
"2368","19143",0.218766666666667
"2369","26061",0.462966666666667
"2370","26067",0.383766666666667
"2371","55117",0.1882
"2372","55137",0.3756
"2373","51770",0.8298
"2374","51570",0.5613
"2375","02016",0.4973
"2376","02158",0.896333333333333
"2377","31039",0.1447
"2378","31077",0.0454
"2379","31017",0.136233333333333
"2380","31135",0.0898333333333333
"2381","26031",0.2729
"2382","26095",0.474266666666667
"2383","55013",0.187266666666667
"2384","55119",0.230133333333333
"2385","30025",0.105766666666667
"2386","38033",0.138433333333333
"2387","46063",0.0461666666666667
"2388","31113",0.116166666666667
"2389","48267",0.5701
"2390","48079",0.900466666666667
"2391","31091",0.1306
"2392","22023",0.2666
"2393","20125",0.813066666666667
"2394","26131",0.187166666666667
"2395","26039",0.365733333333333
"2396","18087",0.385566666666667
"2397","18007",0.362533333333333
"2398","30103",0.0830666666666667
"2399","13299",0.8961
"2400","13171",0.494866666666667
"2401","23011",0.3494
"2402","23001",0.572933333333333
"2403","21023",0.2846
"2404","21197",0.7603
"2405","56011",0.0505
"2406","48219",0.924
"2407","48495",0.555233333333333
"2408","72077",NA
"2409","35047",0.977733333333333
"2410","35009",0.915
"2411","08021",0.887233333333333
"2412","08009",0.569333333333333
"2413","08099",0.953966666666667
"2414","24510",0.851966666666667
"2415","25007",0.0854
"2416","37151",0.682666666666667
"2417","72137",NA
"2418","72061",NA
"2419","01017",0.7917
"2420","01029",0.505166666666667
"2421","01087",0.917433333333333
"2422","01115",0.315566666666667
"2423","53065",0.458166666666667
"2424","32001",0.617933333333333
"2425","08025",0.859
"2426","08047",0.0378333333333333
"2427","08011",0.863466666666667
"2428","37181",0.972433333333333
"2429","37109",0.314933333333333
"2430","19069",0.2209
"2431","72079",NA
"2432","72049",NA
"2433","31109",0.361233333333333
"2434","31097",0.432933333333333
"2435","31163",0.149066666666667
"2436","31123",0.3513
"2437","35015",0.6783
"2438","35003",0.412933333333333
"2439","51161",0.128066666666667
"2440","01021",0.672
"2441","51041",0.2509
"2442","13251",0.790233333333333
"2443","19013",0.507366666666667
"2444","19109",0.1672
"2445","28155",0.5722
"2446","54055",0.788333333333333
"2447","54051",0.191
"2448","13309",0.723633333333333
"2449","20139",0.207133333333333
"2450","20179",0.0816
"2451","17197",0.229133333333333
"2452","17099",0.400766666666667
"2453","72135",NA
"2454","72003",NA
"2455","35011",0.595766666666667
"2456","17069",0.348366666666667
"2457","28077",0.7638
"2458","28113",0.980133333333333
"2459","54089",0.741366666666667
"2460","56017",0.188433333333333
"2461","17143",0.6524
"2462","17141",0.317766666666667
"2463","72131",NA
"2464","72087",NA
"2465","48259",0.2646
"2466","48031",0.280633333333333
"2467","48421",0.503933333333333
"2468","48149",0.471066666666667
"2469","54029",0.365133333333333
"2470","13109",0.975833333333333
"2471","17181",0.6012
"2472","17105",0.397566666666667
"2473","17203",0.0196333333333333
"2474","72149",NA
"2475","72065",NA
"2476","45011",0.969766666666667
"2477","42113",0.316
"2478","47113",0.820966666666667
"2479","13259",0.953933333333333
"2480","50015",0.145133333333333
"2481","17057",0.3399
"2482","17049",0.206666666666667
"2483","72093",NA
"2484","72001",NA
"2485","47177",0.798766666666667
"2486","47015",0.319566666666667
"2487","51183",0.812666666666667
"2488","51650",0.706933333333333
"2489","17033",0.330466666666667
"2490","39099",0.614866666666667
"2491","72029",NA
"2492","69120",NA
"2493","47039",0.442033333333333
"2494","46067",0.181233333333333
"2495","51740",0.814833333333333
"2496","51840",0.8296
"2497","51197",0.3604
"2498","51685",0.6181
"2499","12035",0.3137
"2500","42011",0.640166666666667
"2501","42059",0.375066666666667
"2502","13037",0.9669
"2503","15005",0.167966666666667
"2504","46135",0.263666666666667
"2505","46015",0.418366666666667
"2506","46087",0.1129
"2507","51550",0.3538
"2508","51540",0.516033333333333
"2509","51830",0.4141
"2510","39153",0.4109
"2511","39165",0.0485
"2512","27003",0.151266666666667
"2513","27159",0.726666666666667
"2514","27017",0.293166666666667
"2515","46081",0.3149
"2516","46125",0.0887
"2517","46089",0.193033333333333
"2518","51720",0.795566666666667
"2519","51750",0.390566666666667
"2520","13285",0.913966666666667
"2521","39149",0.1772
"2522","39115",0.512366666666667
"2523","39051",0.111933333333333
"2524","27111",0.268666666666667
"2525","27035",0.159666666666667
"2526","27043",0.143133333333333
"2527","47047",0.3626
"2528","46109",0.709366666666667
"2529","13087",0.957866666666667
"2530","13057",0.1794
"2531","55045",0.0771333333333333
"2532","55071",0.1338
"2533","27083",0.491133333333333
"2534","27087",0.9183
"2535","27085",0.104933333333333
"2536","27091",0.223866666666667
"2537","46069",0.0382333333333333
"2538","47131",0.7128
"2539","46061",0.00126666666666667
"2540","13147",0.766366666666667
"2541","19051",0.392666666666667
"2542","19125",0.139566666666667
"2543","18033",0.1584
"2544","39145",0.777733333333333
"2545","39129",0.319666666666667
"2546","27135",0.2365
"2547","27081",0.0818
"2548","27121",0.0295
"2549","46021",0.0392666666666667
"2550","47109",0.490666666666667
"2551","46017",0.982166666666667
"2552","18043",0.1689
"2553","19187",0.402666666666667
"2554","19173",0.1677
"2555","39131",0.6911
"2556","12081",0.617066666666667
"2557","27151",0.3971
"2558","04019",0.8942
"2559","38021",0.1064
"2560","47171",0.6546
"2561","20073",0.2561
"2562","20047",0.357766666666667
"2563","19095",0.0379
"2564","19091",0.144733333333333
"2565","18159",0.0516666666666667
"2566","18039",0.792366666666667
"2567","55097",0.133833333333333
"2568","55081",0.442133333333333
"2569","38023",0.155066666666667
"2570","38013",0.0171
"2571","48169",0.6852
"2572","48065",0.0515666666666667
"2573","20063",0.0803333333333333
"2574","20017",0.278366666666667
"2575","47023",0.5351
"2576","18021",0.2637
"2577","18105",0.4503
"2578","19011",0.00763333333333333
"2579","39015",0.3786
"2580","39057",0.178566666666667
"2581","38049",0.0591
"2582","22121",0.645833333333333
"2583","47027",0.634033333333333
"2584","56037",0.405433333333333
"2585","19005",0.276233333333333
"2586","18107",0.381766666666667
"2587","18047",0.143633333333333
"2588","72081",NA
"2589","72021",NA
"2590","60040",NA
"2591","22003",0.851166666666667
"2592","22061",0.8218
"2593","56023",0.114766666666667
"2594","56001",0.2533
"2595","20041",0.234733333333333
"2596","20021",0.4455
"2597","20133",0.640766666666667
"2598","72151",NA
"2599","22095",0.725933333333333
"2600","38093",0.3553
"2601","38063",0.0441333333333333
"2602","56019",0.158433333333333
"2603","20061",0.7013
"2604","20159",0.300966666666667
"2605","20191",0.312466666666667
"2606","20093",0.465866666666667
"2607","72013",NA
"2608","72105",NA
"2609","38047",0.0445666666666667
"2610","38083",0.038
"2611","38089",0.256533333333333
"2612","54009",0.334
"2613","54061",0.398
"2614","29153",0.539233333333333
"2615","29161",0.656266666666667
"2616","29179",0.5843
"2617","53005",0.5657
"2618","13045",0.797766666666667
"2619","13145",0.0897
"2620","72043",NA
"2621","36021",0.410833333333333
"2622","46099",0.378333333333333
"2623","46077",0.0599333333333333
"2624","46097",0.157866666666667
"2625","20127",0.1927
"2626","30109",0.278
"2627","21091",0.2498
"2628","37187",0.8921
"2629","19097",0.0903333333333333
"2630","01083",0.4377
"2631","33011",0.222933333333333
"2632","56015",0.343666666666667
"2633","13167",0.928366666666667
"2634","37025",0.4278
"2635","19021",0.678633333333333
"2636","18151",0.199266666666667
"2637","19085",0.0425333333333333
"2638","19007",0.442833333333333
"2639","18055",0.4504
"2640","33005",0.178533333333333
"2641","31169",0.0816
"2642","16011",0.521133333333333
"2643","51580",0.306466666666667
"2644","28105",0.705433333333333
"2645","18095",0.642233333333333
"2646","18031",0.0914
"2647","20181",0.412633333333333
"2648","20031",0.227466666666667
"2649","21045",0.822666666666667
"2650","17115",0.554166666666667
"2651","17051",0.543966666666667
"2652","31025",0.0314
"2653","31095",0.2472
"2654","28015",0.6257
"2655","16051",0.160633333333333
"2656","17139",0.3778
"2657","17193",0.4588
"2658","39113",0.693366666666667
"2659","39045",0.212533333333333
"2660","31099",0.116166666666667
"2661","31053",0.574433333333333
"2662","13003",0.9037
"2663","35061",0.884666666666667
"2664","31069",0.200766666666667
"2665","39143",0.315566666666667
"2666","39147",0.278633333333333
"2667","39003",0.5792
"2668","39109",0.0913666666666667
"2669","31131",0.261633333333333
"2670","31059",0.0280333333333333
"2671","31047",0.755966666666667
"2672","31003",0.0961333333333333
"2673","21083",0.683733333333333
"2674","39023",0.689866666666667
"2675","39083",0.274266666666667
"2676","48437",0.953333333333333
"2677","41013",0.464433333333333
"2678","42087",0.513633333333333
"2679","55039",0.181
"2680","48385",0.770166666666667
"2681","42015",0.3725
"2682","22027",0.8634
"2683","21219",0.813133333333333
"2684","48493",0.381466666666667
"2685","46111",0.0964
"2686","13165",0.837666666666667
"2687","48013",0.8346
"2688","55089",0.0305666666666667
"2689","30011",0.256466666666667
"2690","01133",0.666733333333333
"2691","20173",0.650166666666667
"2692","21171",0.692866666666667
"2693","37145",0.635366666666667
"2694","37071",0.679566666666667
"2695","16069",0.545966666666667
"2696","48125",0.840433333333333
"2697","55077",0.232466666666667
"2698","40009",0.784833333333333
"2699","27101",0.102933333333333
"2700","38041",0.0961
"2701","46045",0.0229333333333333
"2702","36099",0.502566666666667
"2703","48177",0.8971
"2704","31049",0.1093
"2705","42047",0.0882
"2706","48231",0.8643
"2707","36079",0.106633333333333
"2708","48151",0.3667
"2709","36093",0.454733333333333
"2710","51790",0.544566666666667
"2711","31079",0.709066666666667
"2712","19093",0.0634333333333333
"2713","39077",0.337866666666667
"2714","05031",0.808766666666667
"2715","48191",0.9078
"2716","48445",0.9858
"2717","47069",0.881066666666667
"2718","42021",0.3941
"2719","55033",0.2037
"2720","08101",0.859633333333333
"2721","08003",0.917033333333333
"2722","29055",0.736866666666667
"2723","49039",0.5235
"2724","01045",0.781
"2725","46025",0.227133333333333
"2726","05035",0.9266
"2727","56041",0.379633333333333
"2728","29151",0.0269333333333333
"2729","26105",0.385566666666667
"2730","26133",0.6538
"2731","26093",0.0054
"2732","26091",0.403566666666667
"2733","36089",0.716733333333333
"2734","36073",0.604366666666667
"2735","13173",0.7741
"2736","29115",0.185266666666667
"2737","29133",0.9116
"2738","26135",0.624933333333333
"2739","26087",0.221233333333333
"2740","26035",0.744233333333333
"2741","26043",0.1613
"2742","18153",0.607966666666667
"2743","36003",0.490933333333333
"2744","48121",0.3151
"2745","48441",0.740666666666667
"2746","29043",0.132933333333333
"2747","29186",0.143466666666667
"2748","26009",0.0788333333333333
"2749","26019",0.0885
"2750","18013",0.1357
"2751","72027",NA
"2752","72017",NA
"2753","12111",0.7653
"2754","12091",0.4837
"2755","08081",0.724066666666667
"2756","26081",0.465466666666667
"2757","48003",0.599633333333333
"2758","72101",NA
"2759","48211",0.664833333333333
"2760","72045",NA
"2761","72125",NA
"2762","36061",0.6487
"2763","72035",NA
"2764","27059",0.0860333333333333
"2765","08073",0.457866666666667
"2766","08014",0.0539
"2767","27093",0.131033333333333
"2768","27117",0.382
"2769","38101",0.225766666666667
"2770","28061",0.69
"2771","72091",NA
"2772","72075",NA
"2773","27143",0.116066666666667
"2774","38027",0.3748
"2775","48171",0.5296
"2776","29017",0.4694
"2777","29219",0.260933333333333
"2778","29175",0.550133333333333
"2779","28123",0.9604
"2780","51021",0.2237
"2781","02290",0.875866666666667
"2782","31005",0.0731
"2783","72103",NA
"2784","72007",NA
"2785","40103",0.385033333333333
"2786","40123",0.6554
"2787","72054",NA
"2788","02130",0.569766666666667
"2789","29111",0.4642
"2790","17169",0.492433333333333
"2791","45033",0.967533333333333
"2792","45001",0.7611
"2793","40129",0.314933333333333
"2794","13247",0.700133333333333
"2795","17013",0.0917
"2796","39173",0.166133333333333
"2797","46051",0.126333333333333
"2798","46005",0.6613
"2799","46027",0.483966666666667
"2800","41011",0.756066666666667
"2801","41025",0.685933333333333
"2802","13187",0.400133333333333
"2803","51520",0.7707
"2804","39089",0.222066666666667
"2805","39017",0.3879
"2806","47137",0.341
"2807","46102",0.979966666666667
"2808","46049",0.231666666666667
"2809","17071",0.0443666666666667
"2810","05037",0.823966666666667
"2811","05127",0.831433333333333
"2812","19105",0.168733333333333
"2813","19165",0.0718666666666667
"2814","18067",0.4365
"2815","18139",0.242533333333333
"2816","19141",0.287633333333333
"2817","39001",0.7197
"2818","06031",0.955766666666667
"2819","46065",0.359166666666667
"2820","46033",0.289
"2821","27099",0.591
"2822","27153",0.5429
"2823","27063",0.0453
"2824","20201",0.0893666666666667
"2825","20131",0.0718666666666667
"2826","39097",0.249966666666667
"2827","01013",0.7456
"2828","01111",0.604266666666667
"2829","50007",0.2056
"2830","47169",0.3506
"2831","46047",0.531933333333333
"2832","47083",0.478133333333333
"2833","38087",0.0122
"2834","38081",0.0247
"2835","12059",0.868433333333333
"2836","48117",0.777
"2837","48295",0.6271
"2838","48279",0.868133333333333
"2839","36057",0.7981
"2840","48309",0.881366666666667
"2841","20157",0.042
"2842","19177",0.329433333333333
"2843","47061",0.735433333333333
"2844","48297",0.798366666666667
"2845","22089",0.371233333333333
"2846","38003",0.131333333333333
"2847","17137",0.5075
"2848","17073",0.147933333333333
"2849","17035",0.0650666666666667
"2850","48251",0.582166666666667
"2851","48451",0.767266666666667
"2852","48363",0.823366666666667
"2853","48329",0.6253
"2854","56005",0.296966666666667
"2855","54015",0.612
"2856","54079",0.0670666666666667
"2857","38079",0.8939
"2858","38039",0.0505
"2859","38065",0.1668
"2860","48045",0.508
"2861","06029",0.967933333333333
"2862","48271",0.731933333333333
"2863","48293",0.9337
"2864","48123",0.847
"2865","40041",0.787666666666667
"2866","13083",0.5073
"2867","13053",0.6787
"2868","21039",0.358933333333333
"2869","48077",0.241633333333333
"2870","31007",0.0132333333333333
"2871","49021",0.452733333333333
"2872","40071",0.848366666666667
"2873","40107",0.888733333333333
"2874","13061",0.926033333333333
"2875","29209",0.414433333333333
"2876","47125",0.5586
"2877","46029",0.277666666666667
"2878","39155",0.5031
"2879","39141",0.6429
"2880","40083",0.3119
"2881","40051",0.3636
"2882","29071",0.126166666666667
"2883","46053",0.2082
"2884","47071",0.577
"2885","13035",0.681833333333333
"2886","35037",0.786633333333333
"2887","42093",0.3467
"2888","41071",0.6613
"2889","29047",0.2174
"2890","42001",0.209666666666667
"2891","46035",0.312366666666667
"2892","46121",0.955566666666667
"2893","46037",0.1495
"2894","20137",0.228233333333333
"2895","54025",0.512266666666667
"2896","01067",0.578666666666667
"2897","51045",0.0544333333333333
"2898","21059",0.613266666666667
"2899","41069",0.3318
"2900","41037",0.8127
"2901","42131",0.1094
"2902","55015",0.0140333333333333
"2903","55139",0.173866666666667
"2904","54097",0.632166666666667
"2905","60010",NA
"2906","33013",0.192633333333333
"2907","31173",0.827833333333333
"2908","42053",0.593466666666667
"2909","01019",0.394833333333333
"2910","55109",0.0123
"2911","55005",0.360733333333333
"2912","54105",0.3302
"2913","13169",0.339333333333333
"2914","20197",0.0599333333333333
"2915","17061",0.118
"2916","05033",0.666833333333333
"2917","05115",0.790466666666667
"2918","55103",0.371866666666667
"2919","55141",0.1584
"2920","48415",0.6675
"2921","13273",0.973666666666667
"2922","13017",0.9183
"2923","17059",0.4629
"2924","17053",0.3101
"2925","05089",0.473433333333333
"2926","05027",0.8535
"2927","40061",0.839066666666667
"2928","16001",0.165933333333333
"2929","51820",0.6769
"2930","28009",0.663533333333333
"2931","16013",0.413266666666667
"2932","17149",0.334966666666667
"2933","48047",0.964233333333333
"2934","48087",0.899933333333333
"2935","48383",0.493133333333333
"2936","45023",0.696333333333333
"2937","42023",0.441533333333333
"2938","40121",0.8525
"2939","40147",0.510733333333333
"2940","17023",0.1176
"2941","39013",0.3003
"2942","39135",0.0816333333333333
"2943","29149",0.610133333333333
"2944","29059",0.6101
"2945","16055",0.254533333333333
"2946","35035",0.9218
"2947","32021",0.7122
"2948","12011",0.716133333333333
"2949","42039",0.530833333333333
"2950","29021",0.767
"2951","25019",0.0829666666666667
"2952","19101",0.561266666666667
"2953","21149",0.2932
"2954","17175",0.0469
"2955","48413",0.6243
"2956","55087",0.0807333333333333
"2957","30067",0.130066666666667
"2958","72067",NA
"2959","26011",0.405966666666667
"2960","17151",0.430266666666667
"2961","50013",0.00516666666666667
"2962","01105",0.943333333333333
"2963","46043",0.234466666666667
"2964","31011",0.0242666666666667
"2965","29009",0.621766666666667
"2966","31081",0.0127333333333333
"2967","72145",NA
"2968","72119",NA
"2969","47017",0.6131
"2970","20089",0.0793666666666667
"2971","16007",0.197233333333333
"2972","29119",0.857
"2973","08125",0.5779
"2974","21223",0.5615
"2975","27001",0.290833333333333
"2976","27149",0.1892
"2977","21129",0.822933333333333
"2978","08087",0.806766666666667
"2979","48243",0.479766666666667
"2980","29039",0.653566666666667
"2981","55113",0.380933333333333
"2982","13261",0.9585
"2983","53047",0.941333333333333
"2984","51131",0.748066666666667
"2985","19197",0.426133333333333
"2986","36059",0.266333333333333
"2987","12089",0.2658
"2988","48377",0.996933333333333
"2989","05133",0.7915
"2990","12121",0.889166666666667
"2991","22065",0.989166666666667
"2992","51113",0.168166666666667
"2993","02090",0.4545
"2994","08033",0.133366666666667
"2995","01113",0.899866666666667
"2996","13027",0.8889
"2997","26007",0.370833333333333
"2998","46019",0.4685
"2999","05009",0.331166666666667
"3000","29035",0.577
"3001","35053",0.936233333333333
"3002","20085",0.274033333333333
"3003","54017",0.300066666666667
"3004","31073",0.0125333333333333
"3005","40025",0.4031
"3006","12133",0.853266666666667
"3007","01053",0.857933333333333
"3008","42099",0.1397
"3009","46031",0.776466666666667
"3010","20033",0.146066666666667
"3011","56025",0.3848
"3012","20115",0.143666666666667
"3013","56021",0.2642
"3014","28035",0.950866666666667
"3015","26015",0.0686333333333333
"3016","13275",0.8709
"3017","19065",0.214
"3018","18157",0.500233333333333
"3019","32027",0.7665
"3020","20097",0.283266666666667
"3021","13249",0.647033333333333
"3022","32009",0.789333333333333
"3023","21081",0.3821
"3024","17087",0.379
"3025","39011",0.0377666666666667
"3026","22093",0.485133333333333
"3027","29223",0.6854
"3028","72071",NA
"3029","08105",0.8954
"3030","42073",0.487733333333333
"3031","30041",0.562033333333333
"3032","31181",0.0683
"3033","20111",0.710333333333333
"3034","37189",0.439133333333333
"3035","01091",0.7475
"3036","48433",0.373066666666667
"3037","40047",0.6943
"3038","40153",0.651133333333333
"3039","40039",0.735166666666667
"3040","49041",0.3532
"3041","01123",0.882733333333333
"3042","19099",0.219033333333333
"3043","13117",0.0591
"3044","53069",0.185133333333333
"3045","05055",0.641466666666667
"3046","48381",0.310233333333333
"3047","28091",0.923833333333333
"3048","28063",0.927733333333333
"3049","31141",0.353533333333333
"3050","31063",0.203266666666667
"3051","21053",0.7284
"3052","55031",0.284866666666667
"3053","55091",0.0774666666666667
"3054","16053",0.642066666666667
"3055","50001",0.124966666666667
"3056","21207",0.711333333333333
"3057","19047",0.8155
"3058","19119",0.0337
"3059","01093",0.682966666666667
"3060","36087",0.6891
"3061","26025",0.698766666666667
"3062","48335",0.627566666666667
"3063","27123",0.6719
"3064","19067",0.217133333333333
"3065","18003",0.522133333333333
"3066","18167",0.7235
"3067","09005",0.1165
"3068","27047",0.4488
"3069","38103",0.130466666666667
"3070","28145",0.746433333333333
"3071","21173",0.683333333333333
"3072","17055",0.5478
"3073","09013",0.08835
"3074","16057",0.2766
"3075","29127",0.4589
"3076","49009",0.0919
"3077","55073",0.156066666666667
"3078","40019",0.788033333333333
"3079","40001",0.9233
"3080","40007",0.429266666666667
"3081","05053",0.236
"3082","48111",0.5949
"3083","17005",0.444
"3084","39087",0.4516
"3085","39171",0.193866666666667
"3086","36083",0.363166666666667
"3087","40031",0.895266666666667
"3088","05123",0.976766666666667
"3089","48249",0.9115
"3090","55105",0.394333333333333
"3091","47099",0.790966666666667
"3092","46091",0.148133333333333
"3093","39163",0.535833333333333
"3094","51043",0.0862666666666667
"3095","05137",0.658733333333333
"3096","48193",0.619966666666667
"3097","46107",0.0394666666666667
"3098","36023",0.3446
"3099","72011",NA
"3100","47095",0.9352
"3101","20187",0.473733333333333
"3102","56009",0.214333333333333
"3103","33019",0.163933333333333
"3104","31151",0.5648
"3105","31121",0.230566666666667
"3106","20109",0.1984
"3107","51680",0.742666666666667
"3108","29049",0.141433333333333
"3109","27009",0.3709
"3110","38075",0.0371333333333333
"3111","26137",0.363533333333333
"3112","16019",0.415166666666667
"3113","29137",0.4313
"3114","31143",0.146866666666667
"3115","21075",0.9043
"3116","29135",0.5238
"3117","29073",0.145466666666667
"3118","18015",0.0976333333333333
"3119","72117",NA
"3120","48265",0.741433333333333
"3121","48507",0.9478
"3122","40105",0.6366
"3123","26121",0.652766666666667
"3124","26001",0.1756
"3125","18155",0.638633333333333
"3126","21225",0.3297
"3127","51810",0.272333333333333
"3128","48197",0.598233333333333
"3129","72133",NA
"3130","16075",0.627166666666667
"3131","28135",0.948133333333333
"3132","72083",NA
"3133","72123",NA
"3134","42083",0.433566666666667
"3135","55063",0.2002
"3136","48447",0.275966666666667
"3137","27109",0.245233333333333
"3138","50019",0.3645
"3139","51065",0.0743666666666667
"3140","27155",0.244033333333333
"3141","28107",0.868333333333333
"3142","29025",0.367166666666667
"3143","51690",0.920333333333333
"3144","72109",NA
"3145","40099",0.6795
"3146","40057",0.787466666666667
"3147","48109",0.940466666666667
"3148","51683",0.537833333333333
"3149","34005",0.237866666666667
"3150","35025",0.9233
"3151","05077",0.9703
"3152","20195",0.0225
"3153","29015",0.573033333333333
"3154","27141",0.0883666666666667
"3155","38035",0.322233333333333
"3156","38015",0.190866666666667
"3157","48281",0.634166666666667
"3158","01015",0.791533333333333
"3159","51700",0.842233333333333
"3160","48209",0.607733333333333
"3161","38061",0.568133333333333
"3162","48431",0.268566666666667
"3163","46007",0.826
"3164","47161",0.364033333333333
"3165","54077",0.490933333333333
"3166","51173",0.739866666666667
"3167","13097",0.644833333333333
"3168","16045",0.672766666666667
"3169","19089",0.0988
"3170","20147",0.265
"3171","28125",0.971666666666667
"3172","29089",0.329133333333333
"3173","51610",0.188766666666667
"3174","51800",0.418433333333333
"3175","13115",0.922233333333333
"3176","13129",0.828166666666667
"3177","13095",0.966566666666667
"3178","19077",0.0670666666666667
"3179","48217",0.868333333333333
"3180","12003",0.5787
"3181","02230",0.284766666666667
"3182","02068",0.117266666666667
"3183","31009",0.0616666666666667
"3184","13295",0.671733333333333
"3185","39005",0.353966666666667
"3186","18081",0.120333333333333
"3187","19159",0.1782
"3188","21227",0.736433333333333
"3189","29131",0.424333333333333
"3190","26145",0.676833333333333
"3191","26045",0.238133333333333
"3192","16047",0.786366666666667
"3193","42109",0.251866666666667
"3194","21105",0.411
"3195","17019",0.508433333333333
"3196","17187",0.5614
"3197","26069",0.4416
"3198","72153",NA
"3199","35049",0.684533333333333
"3200","13175",0.8573
"3201","55021",0.1022
"3202","30097",0.0181333333333333
"3203","17107",0.233533333333333
"3204","39101",0.595966666666667
"3205","39119",0.532133333333333
"3206","55085",0.0259
"3207","50003",0.319366666666667
"3208","36033",0.6135
"3209","48043",0.696666666666667
"3210","13307",0.835833333333333
"3211","37033",0.773066666666667
"3212","19073",0.181566666666667
"3213","19053",0.558866666666667
"3214","01127",0.690833333333333
"3215","01007",0.751066666666667
"3216","31177",0.0279
"3217","21019",0.682366666666667
"3218","40109",0.7833
"3219","40097",0.7532
"3220","19175",0.415166666666667
"3221","19115",0.335633333333333
"3222","19001",0.0528333333333333
"3223","20013",0.246933333333333
"3224","31107",0.268666666666667
"3225","21137",0.638533333333333
"3226","37195",0.9509
"3227","42081",0.465133333333333
"3228","41059",0.9474
"3229","41049",0.753433333333333
"3230","21073",0.599133333333333
"3231","17201",0.752033333333333
"3232","17123",0.0706666666666667
"3233","37185",0.950766666666667
"3234","72051",NA
