"","GEOID","birds_tot"
"1","13031",16
"2","13121",14
"3","13179",16
"4","13189",14
"5","13213",13
"6","13209",16
"7","13139",14
"8","13245",16
"9","13049",16
"10","13141",15
"11","13157",14
"12","13315",15
"13","13241",13
"14","13269",14
"15","13177",16
"16","13279",16
"17","13007",16
"18","34015",15
"19","34023",15
"20","34035",15
"21","34031",15
"22","34021",15
"23","34009",15
"24","35031",14
"25","35013",14
"26","28059",16
"27","02170",0
"28","35033",16
"29","53067",12
"30","51147",14
"31","01009",14
"32","01095",13
"33","51029",14
"34","51139",13
"35","53017",15
"36","51153",14
"37","51171",13
"38","01043",13
"39","51061",14
"40","53021",14
"41","53019",13
"42","53029",11
"43","53075",13
"44","33017",14
"45","31093",14
"46","31115",13
"47","51001",15
"48","21101",14
"49","21093",13
"50","51119",15
"51","22075",16
"52","22107",16
"53","51193",15
"54","22119",15
"55","23027",13
"56","51091",13
"57","21013",12
"58","21131",12
"59","51083",14
"60","23023",13
"61","21235",12
"62","24041",16
"63","24033",15
"64","24035",15
"65","24023",12
"66","51165",13
"67","37083",15
"68","37179",14
"69","37129",15
"70","37163",15
"71","37031",15
"72","37183",14
"73","37119",13
"74","37087",13
"75","37141",15
"76","37021",12
"77","37047",15
"78","37039",12
"79","37171",13
"80","37093",15
"81","37105",14
"82","37173",13
"83","37015",15
"84","37175",13
"85","18083",13
"86","18183",13
"87","18089",14
"88","18051",14
"89","18071",13
"90","18061",13
"91","21071",12
"92","20123",15
"93","21043",13
"94","21085",12
"95","21011",12
"96","21099",12
"97","20149",13
"98","21189",12
"99","21003",12
"100","21109",12
"101","21205",13
"102","21147",12
"103","21031",12
"104","20203",15
"105","17031",14
"106","17027",13
"107","17079",13
"108","17171",13
"109","17185",13
"110","17047",13
"111","39043",14
"112","06001",14
"113","06081",14
"114","06065",14
"115","06095",14
"116","06103",14
"117","06111",14
"118","06083",14
"119","36081",15
"120","06093",16
"121","06115",13
"122","06033",14
"123","06061",16
"124","06005",13
"125","06043",13
"126","08029",14
"127","12119",14
"128","12069",14
"129","08069",18
"130","09009",15
"131","09007",15
"132","12079",16
"133","12127",14
"134","12099",14
"135","12113",16
"136","12125",15
"137","12093",14
"138","08083",14
"139","42033",13
"140","42125",13
"141","42031",13
"142","42097",13
"143","42061",13
"144","55099",12
"145","55121",14
"146","55075",12
"147","55001",15
"148","30051",14
"149","30005",15
"150","30077",15
"151","30057",15
"152","30003",15
"153","30073",13
"154","30045",15
"155","30009",15
"156","30085",16
"157","30069",15
"158","49035",16
"159","49011",16
"160","01097",16
"161","49025",14
"162","01033",14
"163","01041",16
"164","01065",15
"165","01109",16
"166","36011",15
"167","36025",14
"168","36115",13
"169","48029",15
"170","48423",14
"171","48201",14
"172","48471",14
"173","48257",14
"174","48223",14
"175","48321",14
"176","48473",14
"177","48215",12
"178","48323",12
"179","48187",15
"180","48343",15
"181","48389",14
"182","48071",15
"183","48351",15
"184","48057",14
"185","48455",14
"186","40017",15
"187","40135",16
"188","40117",16
"189","40101",15
"190","40127",14
"191","40075",15
"192","41023",15
"193","41061",13
"194","41007",12
"195","41003",12
"196","41015",13
"197","01131",15
"198","01079",14
"199","01035",16
"200","05067",16
"201","05001",16
"202","05011",16
"203","05025",15
"204","05099",15
"205","48273",15
"206","48179",16
"207","48195",17
"208","48379",14
"209","48277",14
"210","45063",16
"211","45051",15
"212","45013",16
"213","45045",14
"214","45069",15
"215","45021",13
"216","45007",14
"217","45087",14
"218","45027",16
"219","45061",16
"220","45039",14
"221","45017",16
"222","45043",16
"223","21181",12
"224","22103",16
"225","47037",13
"226","47045",16
"227","47129",12
"228","46023",13
"229","47163",13
"230","47055",13
"231","47107",13
"232","47031",12
"233","46055",14
"234","47173",13
"235","47189",13
"236","46079",12
"237","20151",16
"238","47097",16
"239","47079",15
"240","56039",14
"241","56029",16
"242","54043",12
"243","54001",12
"244","54037",13
"245","54049",12
"246","54109",12
"247","54005",12
"248","16005",16
"249","04001",13
"250","12045",16
"251","12123",16
"252","29201",14
"253","29069",16
"254","29129",13
"255","29031",14
"256","25027",14
"257","26163",14
"258","26021",14
"259","26077",14
"260","26033",12
"261","26071",12
"262","37055",15
"263","48443",14
"264","48205",17
"265","72113",0
"266","72097",0
"267","72037",0
"268","60030",0
"269","04013",13
"270","15001",0
"271","27167",15
"272","27133",13
"273","27119",15
"274","27069",15
"275","27125",15
"276","27023",15
"277","26097",14
"278","38067",15
"279","48405",15
"280","48119",14
"281","22019",15
"282","22005",16
"283","22071",16
"284","22113",15
"285","22043",16
"286","38005",15
"287","38097",15
"288","38095",15
"289","38037",15
"290","28093",15
"291","28001",16
"292","28121",16
"293","28143",16
"294","28095",15
"295","28039",16
"296","28087",15
"297","28163",16
"298","28053",16
"299","16061",12
"300","16079",11
"301","16077",16
"302","02020",0
"303","25011",13
"304","51121",13
"305","51075",14
"306","51093",15
"307","51137",14
"308","51023",13
"309","51009",13
"310","51007",14
"311","51097",15
"312","51081",14
"313","02066",0
"314","02240",0
"315","02195",0
"316","02275",0
"317","02164",0
"318","02110",0
"319","02282",0
"320","32011",14
"321","29197",13
"322","48301",14
"323","48155",14
"324","31015",13
"325","78010",0
"326","78020",0
"327","23021",12
"328","16025",14
"329","08107",16
"330","08097",15
"331","08117",17
"332","08053",14
"333","08023",16
"334","08065",16
"335","08057",18
"336","13073",15
"337","13205",16
"338","34007",15
"339","34027",15
"340","34017",15
"341","34001",15
"342","34025",15
"343","34011",15
"344","34019",15
"345","35045",14
"346","35017",13
"347","35007",16
"348","35051",15
"349","35055",16
"350","01089",13
"351","01117",14
"352","01121",14
"353","01073",15
"354","53027",11
"355","53049",12
"356","01055",14
"357","53011",13
"358","53073",12
"359","51107",14
"360","13319",15
"361","13021",15
"362","13143",14
"363","13151",14
"364","13215",14
"365","13113",14
"366","13025",16
"367","13301",15
"368","13123",13
"369","13183",16
"370","13277",16
"371","13291",14
"372","13263",14
"373","13265",14
"374","37069",14
"375","37123",14
"376","37199",12
"377","37155",15
"378","37167",14
"379","37161",13
"380","37065",15
"381","37041",15
"382","37149",13
"383","37113",12
"384","37007",14
"385","37023",12
"386","37121",12
"387","19075",13
"388","19149",13
"389","19117",13
"390","19025",13
"391","19111",13
"392","18117",13
"393","19163",13
"394","19131",13
"395","18125",13
"396","18027",13
"397","18123",13
"398","20043",13
"399","20145",16
"400","21209",12
"401","21107",14
"402","21017",12
"403","21079",12
"404","21049",12
"405","21051",12
"406","20119",15
"407","21239",12
"408","20071",17
"409","21005",12
"410","21165",12
"411","17163",14
"412","17089",14
"413","17167",13
"414","17017",13
"415","17161",13
"416","17177",14
"417","17109",13
"418","17129",13
"419","17125",13
"420","39093",14
"421","39061",13
"422","39007",14
"423","39167",13
"424","39123",14
"425","39079",13
"426","06037",14
"427","06087",14
"428","06039",15
"429","06019",16
"430","06097",14
"431","06099",13
"432","06107",15
"433","06013",14
"434","06047",13
"435","36047",15
"436","36005",15
"437","06105",14
"438","36119",15
"439","36071",15
"440","06025",14
"441","51019",13
"442","01001",14
"443","53009",11
"444","53071",13
"445","51089",13
"446","53007",15
"447","53025",14
"448","53057",12
"449","53037",14
"450","01107",15
"451","53043",14
"452","33015",15
"453","33007",11
"454","32031",16
"455","31071",13
"456","31155",13
"457","31089",14
"458","31183",14
"459","24039",15
"460","24037",15
"461","21111",13
"462","22051",16
"463","51159",15
"464","51133",15
"465","51057",15
"466","21135",13
"467","22031",16
"468","22029",16
"469","22111",15
"470","21007",14
"471","51103",15
"472","21133",12
"473","23003",13
"474","21121",12
"475","21167",12
"476","21179",12
"477","21125",12
"478","21097",13
"479","21029",13
"480","51143",14
"481","21217",12
"482","51099",15
"483","21159",12
"484","21123",12
"485","22109",16
"486","24001",12
"487","24003",15
"488","24029",15
"489","24013",15
"490","25009",15
"491","25013",14
"492","24047",16
"493","25025",15
"494","37127",14
"495","37099",12
"496","37115",13
"497","37079",15
"498","37147",15
"499","42101",15
"500","42049",14
"501","42091",15
"502","42079",13
"503","42095",14
"504","42043",13
"505","42071",15
"506","42013",12
"507","42035",13
"508","42055",13
"509","42067",13
"510","44007",15
"511","42051",12
"512","44009",15
"513","55061",15
"514","55011",13
"515","48213",14
"516","48037",16
"517","48331",15
"518","48315",15
"519","48081",15
"520","48475",14
"521","48163",14
"522","48313",14
"523","48083",15
"524","48289",14
"525","48005",14
"526","40143",16
"527","40089",16
"528","40113",16
"529","40087",15
"530","40141",14
"531","40095",14
"532","40077",14
"533","40055",14
"534","40151",15
"535","41047",14
"536","41057",12
"537","41065",15
"538","41043",13
"539","41021",13
"540","41063",12
"541","41017",15
"542","01119",15
"543","05039",15
"544","05013",15
"545","05081",16
"546","05029",16
"547","16087",14
"548","05003",15
"549","05103",15
"550","05019",15
"551","05073",15
"552","05063",16
"553","05147",15
"554","05093",16
"555","06003",16
"556","05091",15
"557","05095",16
"558","05017",16
"559","16081",13
"560","48477",14
"561","48075",14
"562","48487",14
"563","48333",15
"564","48411",16
"565","48419",15
"566","48105",15
"567","48051",14
"568","55111",15
"569","55003",12
"570","55023",14
"571","55037",12
"572","55051",12
"573","30093",14
"574","30037",15
"575","30083",16
"576","30059",16
"577","30047",12
"578","30061",11
"579","30015",15
"580","49043",16
"581","49003",16
"582","49051",16
"583","49005",16
"584","49001",14
"585","49047",15
"586","49019",15
"587","01025",16
"588","01039",16
"589","01099",16
"590","01005",14
"591","01085",15
"592","01051",14
"593","36075",15
"594","36069",14
"595","36117",14
"596","36051",14
"597","36027",14
"598","36077",13
"599","36113",13
"600","36009",14
"601","48113",14
"602","48085",14
"603","48453",15
"604","48181",14
"605","48141",14
"606","48039",14
"607","48409",14
"608","48199",15
"609","06101",13
"610","06027",15
"611","06109",14
"612","36013",14
"613","06011",14
"614","06057",16
"615","36017",13
"616","06015",13
"617","08005",16
"618","12095",14
"619","12101",15
"620","12071",14
"621","12105",14
"622","08051",15
"623","09011",15
"624","10001",16
"625","11001",15
"626","08113",14
"627","12009",14
"628","12097",14
"629","12063",16
"630","12017",15
"631","12015",14
"632","42089",14
"633","12049",14
"634","12077",16
"635","12013",16
"636","12047",16
"637","12129",16
"638","29095",13
"639","29033",13
"640","29029",13
"641","29123",14
"642","29023",14
"643","29103",13
"644","29171",13
"645","29157",14
"646","29003",13
"647","25017",15
"648","26003",12
"649","26063",15
"650","26129",15
"651","26109",12
"652","26073",15
"653","26055",14
"654","26013",12
"655","26141",14
"656","48063",14
"657","48115",15
"658","48287",14
"659","27075",13
"660","72147",0
"661","72047",0
"662","72141",0
"663","72031",0
"664","72039",0
"665","72033",0
"666","04009",12
"667","04007",12
"668","04021",13
"669","15009",0
"670","15007",0
"671","16039",14
"672","27137",13
"673","27061",13
"674","27145",15
"675","27103",14
"676","27127",14
"677","27097",14
"678","27089",15
"679","27147",13
"680","27031",12
"681","27011",14
"682","38105",15
"683","38019",15
"684","22069",16
"685","22063",16
"686","22099",16
"687","22015",15
"688","22127",15
"689","22079",16
"690","22091",16
"691","22115",16
"692","22001",16
"693","22045",16
"694","22025",16
"695","22047",16
"696","38099",15
"697","38071",15
"698","38031",15
"699","38085",15
"700","54013",12
"701","54007",12
"702","22081",16
"703","28045",16
"704","48407",14
"705","48387",15
"706","48055",14
"707","45035",16
"708","45083",14
"709","45073",14
"710","45047",14
"711","45079",16
"712","45031",15
"713","45057",15
"714","45055",16
"715","45049",16
"716","45067",15
"717","21065",12
"718","22055",16
"719","47003",12
"720","47035",12
"721","47053",15
"722","47159",12
"723","47165",13
"724","47149",12
"725","46123",13
"726","46093",16
"727","46071",13
"728","46075",13
"729","47065",12
"730","47089",13
"731","47005",12
"732","47185",12
"733","47041",12
"734","47001",13
"735","47029",13
"736","47145",13
"737","47009",13
"738","47147",13
"739","47141",12
"740","47043",12
"741","47011",12
"742","46085",13
"743","47091",12
"744","20001",14
"745","47135",13
"746","47183",15
"747","47143",12
"748","47127",12
"749","47175",12
"750","56033",15
"751","56003",15
"752","54107",13
"753","54059",12
"754","54011",12
"755","54067",12
"756","54083",13
"757","54003",13
"758","54053",12
"759","54041",12
"760","54073",12
"761","54027",13
"762","13219",14
"763","13237",14
"764","04012",12
"765","13201",16
"766","51149",15
"767","51157",13
"768","51067",13
"769","51087",15
"770","51017",13
"771","51141",13
"772","51177",14
"773","51037",14
"774","51109",14
"775","51101",15
"776","51033",15
"777","51181",15
"778","51678",13
"779","13135",14
"780","13103",16
"781","13067",14
"782","13089",14
"783","13153",15
"784","13229",16
"785","13077",14
"786","13317",14
"787","13217",14
"788","13019",16
"789","19195",13
"790","19029",13
"791","20169",14
"792","21203",12
"793","21193",12
"794","21069",13
"795","21183",13
"796","21175",12
"797","20105",15
"798","21063",12
"799","17097",14
"800","39035",14
"801","39075",13
"802","39095",14
"803","06071",14
"804","06041",14
"805","36053",13
"806","36029",14
"807","06063",16
"808","06079",14
"809","36103",15
"810","06009",13
"811","36065",13
"812","08035",17
"813","12057",14
"814","12117",14
"815","09003",15
"816","12055",14
"817","08013",17
"818","12031",15
"819","12107",14
"820","08093",17
"821","08055",16
"822","12109",14
"823","42045",15
"824","42111",12
"825","42103",14
"826","42027",13
"827","44003",15
"828","55059",14
"829","30027",15
"830","30081",12
"831","30049",16
"832","30087",16
"833","30001",15
"834","30013",15
"835","30007",15
"836","30055",16
"837","49057",16
"838","49049",15
"839","49017",13
"840","01003",16
"841","13079",15
"842","13001",16
"843","28007",15
"844","13283",16
"845","48073",14
"846","34029",15
"847","34033",15
"848","35039",16
"849","35043",16
"850","28149",16
"851","35021",16
"852","01129",16
"853","53061",14
"854","51015",13
"855","53055",10
"856","51031",14
"857","53063",12
"858","51051",12
"859","51195",12
"860","53015",12
"861","33009",12
"862","32019",16
"863","24017",15
"864","21095",12
"865","21047",14
"866","23013",13
"867","23015",13
"868","22035",16
"869","21027",13
"870","21127",12
"871","21151",12
"872","21231",12
"873","51191",12
"874","24025",15
"875","24015",15
"876","37089",13
"877","37027",12
"878","37133",15
"879","37067",13
"880","37193",12
"881","37111",12
"882","37117",15
"883","37059",13
"884","37103",15
"885","32015",14
"886","28047",16
"887","28029",16
"888","28011",16
"889","28033",16
"890","28103",15
"891","28083",16
"892","28137",16
"893","48311",14
"894","16043",14
"895","16035",11
"896","16029",15
"897","16059",14
"898","16083",14
"899","16003",13
"900","16031",15
"901","48229",13
"902","50009",11
"903","29113",14
"904","29013",13
"905","29205",13
"906","26115",14
"907","26125",15
"908","26099",14
"909","26103",12
"910","18023",13
"911","48449",14
"912","72095",0
"913","27053",15
"914","27071",13
"915","27013",14
"916","27015",14
"917","27073",15
"918","37053",15
"919","38017",16
"920","37177",15
"921","48395",14
"922","22013",15
"923","22037",16
"924","22053",16
"925","22039",16
"926","22009",16
"927","38055",15
"928","54093",13
"929","48501",13
"930","28161",15
"931","16041",16
"932","50021",13
"933","51163",13
"934","51145",14
"935","51035",13
"936","51630",14
"937","51005",13
"938","02070",0
"939","02050",0
"940","02185",0
"941","02188",0
"942","31117",14
"943","78030",0
"944","23007",11
"945","08037",16
"946","08091",14
"947","08027",16
"948","31103",13
"949","08111",14
"950","02150",0
"951","01101",14
"952","51063",13
"953","51167",12
"954","51047",14
"955","53041",14
"956","51003",13
"957","13195",14
"958","13039",16
"959","13033",16
"960","13127",16
"961","13185",16
"962","13105",14
"963","37165",15
"964","19045",13
"965","19147",13
"966","18173",14
"967","18019",13
"968","19063",13
"969","20081",15
"970","21115",12
"971","21155",12
"972","17043",14
"973","17153",14
"974","17165",13
"975","39049",13
"976","06067",13
"977","06073",14
"978","06089",16
"979","36045",14
"980","36105",13
"981","36031",13
"982","36107",12
"983","48245",15
"984","48499",14
"985","48373",14
"986","48427",12
"987","48157",14
"988","48467",14
"989","48465",14
"990","48481",14
"991","48103",15
"992","48035",15
"993","48127",13
"994","48175",14
"995","40027",15
"996","40145",15
"997","40079",16
"998","40067",15
"999","41041",13
"1000","41033",13
"1001","41067",12
"1002","06051",16
"1003","05075",15
"1004","05057",15
"1005","05131",16
"1006","06091",16
"1007","16033",14
"1008","48007",14
"1009","48393",16
"1010","48399",14
"1011","48015",14
"1012","45003",16
"1013","45019",16
"1014","45041",15
"1015","45077",14
"1016","45075",16
"1017","21229",12
"1018","47105",13
"1019","47157",16
"1020","47025",13
"1021","47121",12
"1022","47063",13
"1023","47073",13
"1024","46009",14
"1025","46057",12
"1026","20101",14
"1027","56013",14
"1028","54039",12
"1029","54033",12
"1030","54045",12
"1031","16049",12
"1032","12065",16
"1033","12007",15
"1034","29183",14
"1035","29195",13
"1036","29143",15
"1037","37017",15
"1038","42127",14
"1039","42133",15
"1040","42063",13
"1041","44005",15
"1042","55057",15
"1043","48001",14
"1044","48025",14
"1045","48401",14
"1046","48233",17
"1047","40133",15
"1048","41039",14
"1049","05119",16
"1050","05139",15
"1051","05045",16
"1052","05109",15
"1053","05021",14
"1054","05121",14
"1055","27021",14
"1056","27173",14
"1057","16073",14
"1058","37143",15
"1059","38077",16
"1060","38045",15
"1061","38059",15
"1062","54063",12
"1063","54057",12
"1064","28049",16
"1065","45005",16
"1066","22033",16
"1067","47033",15
"1068","47081",12
"1069","47093",13
"1070","47013",12
"1071","47181",13
"1072","46083",13
"1073","46117",13
"1074","47057",13
"1075","47019",12
"1076","46041",14
"1077","20129",17
"1078","54099",12
"1079","54085",12
"1080","56035",14
"1081","54065",13
"1082","51073",15
"1083","51036",15
"1084","51595",14
"1085","28051",15
"1086","28055",16
"1087","12029",15
"1088","16015",14
"1089","16085",13
"1090","16027",14
"1091","50025",13
"1092","13013",14
"1093","13313",13
"1094","34041",14
"1095","53033",14
"1096","01063",15
"1097","31167",13
"1098","21037",13
"1099","51105",12
"1100","25005",15
"1101","37139",15
"1102","37107",15
"1103","20019",14
"1104","36043",12
"1105","12001",15
"1106","12083",15
"1107","08071",16
"1108","48391",14
"1109","48161",14
"1110","48403",15
"1111","30071",16
"1112","30063",12
"1113","30089",12
"1114","30105",16
"1115","30023",14
"1116","49013",16
"1117","49037",14
"1118","49023",15
"1119","36019",14
"1120","48457",14
"1121","48167",15
"1122","48139",14
"1123","48491",15
"1124","48061",11
"1125","48349",14
"1126","12103",15
"1127","12041",15
"1128","08059",16
"1129","09001",15
"1130","10003",15
"1131","12033",16
"1132","29037",13
"1133","29203",14
"1134","29041",13
"1135","26047",14
"1136","26147",15
"1137","26119",15
"1138","26153",13
"1139","72107",0
"1140","69110",0
"1141","69085",0
"1142","04025",13
"1143","04027",12
"1144","36085",15
"1145","36067",15
"1146","06023",14
"1147","06035",16
"1148","32003",15
"1149","32033",15
"1150","23005",13
"1151","21089",13
"1152","22117",16
"1153","20091",13
"1154","22123",16
"1155","23017",11
"1156","22125",16
"1157","21139",14
"1158","51069",13
"1159","23025",13
"1160","24005",15
"1161","24043",13
"1162","25021",15
"1163","24009",15
"1164","37013",15
"1165","37101",15
"1166","37035",13
"1167","37019",15
"1168","41001",14
"1169","05145",16
"1170","05107",16
"1171","05007",16
"1172","48185",14
"1173","30031",16
"1174","30099",15
"1175","49045",15
"1176","49029",16
"1177","50027",13
"1178","48091",15
"1179","08049",17
"1180","12053",15
"1181","29207",15
"1182","25015",13
"1183","48319",15
"1184","72023",0
"1185","27171",15
"1186","37029",15
"1187","48425",15
"1188","26083",12
"1189","22041",16
"1190","22083",15
"1191","54075",13
"1192","45071",14
"1193","22101",16
"1194","47119",12
"1195","47021",13
"1196","47049",12
"1197","54081",12
"1198","54021",12
"1199","51175",15
"1200","51179",14
"1201","51127",15
"1202","13091",15
"1203","28151",16
"1204","29087",13
"1205","13163",16
"1206","13051",16
"1207","13289",15
"1208","01023",16
"1209","53035",10
"1210","51187",13
"1211","01069",16
"1212","21195",12
"1213","22105",16
"1214","37061",15
"1215","37051",15
"1216","20059",14
"1217","39105",13
"1218","06045",14
"1219","08001",16
"1220","08077",14
"1221","12131",16
"1222","30033",16
"1223","48041",14
"1224","48489",12
"1225","48303",15
"1226","40023",14
"1227","41019",13
"1228","41031",14
"1229","05061",16
"1230","45081",14
"1231","45065",14
"1232","47085",12
"1233","54031",13
"1234","26107",15
"1235","72127",0
"1236","27107",15
"1237","48235",15
"1238","54103",12
"1239","16023",15
"1240","51085",15
"1241","02013",0
"1242","08043",16
"1243","08109",16
"1244","34013",15
"1245","01071",13
"1246","13029",16
"1247","13305",16
"1248","37085",14
"1249","18179",13
"1250","18025",13
"1251","21055",14
"1252","20161",13
"1253","21237",12
"1254","17189",13
"1255","06059",14
"1256","06007",13
"1257","01077",14
"1258","53031",11
"1259","22057",16
"1260","51117",14
"1261","51027",12
"1262","24011",16
"1263","42029",15
"1264","42017",15
"1265","55043",14
"1266","48207",15
"1267","30039",13
"1268","30053",12
"1269","30043",15
"1270","49055",14
"1271","48053",15
"1272","48283",14
"1273","48239",14
"1274","48011",16
"1275","45025",15
"1276","47179",13
"1277","46137",14
"1278","60050",0
"1279","29189",14
"1280","29099",15
"1281","48263",15
"1282","27165",13
"1283","27037",15
"1284","27077",13
"1285","22097",16
"1286","28109",16
"1287","37075",13
"1288","51011",14
"1289","51095",15
"1290","02100",0
"1291","16037",13
"1292","34039",15
"1293","01049",14
"1294","51077",12
"1295","13133",14
"1296","13075",16
"1297","13311",14
"1298","19107",13
"1299","18147",14
"1300","18029",13
"1301","21025",12
"1302","21153",12
"1303","17111",14
"1304","39069",14
"1305","06053",14
"1306","06017",16
"1307","53045",11
"1308","51059",14
"1309","21177",14
"1310","37091",15
"1311","37153",15
"1312","42129",13
"1313","42005",13
"1314","48459",14
"1315","48369",15
"1316","40125",15
"1317","22073",15
"1318","54023",13
"1319","45091",13
"1320","47123",13
"1321","46095",13
"1322","47151",12
"1323","46127",13
"1324","54019",12
"1325","04015",15
"1326","51199",15
"1327","51155",12
"1328","18129",14
"1329","21033",14
"1330","20023",15
"1331","06077",13
"1332","08123",16
"1333","37125",14
"1334","37131",15
"1335","28089",16
"1336","48355",15
"1337","48133",15
"1338","48469",14
"1339","41055",13
"1340","41045",15
"1341","05117",16
"1342","45059",14
"1343","47115",12
"1344","47167",16
"1345","13221",14
"1346","26053",12
"1347","27129",15
"1348","37095",15
"1349","22085",16
"1350","54095",12
"1351","28013",15
"1352","28021",16
"1353","46073",12
"1354","48261",15
"1355","08015",16
"1356","13107",16
"1357","37037",14
"1358","18175",13
"1359","20143",13
"1360","21067",12
"1361","36055",14
"1362","01047",15
"1363","01027",14
"1364","31055",13
"1365","22011",15
"1366","51185",12
"1367","24027",15
"1368","42041",13
"1369","55029",14
"1370","48059",15
"1371","48371",15
"1372","41005",14
"1373","05041",16
"1374","05149",16
"1375","30035",13
"1376","49015",14
"1377","49031",13
"1378","06021",14
"1379","08019",17
"1380","12037",16
"1381","29019",13
"1382","48435",15
"1383","27027",15
"1384","48327",15
"1385","22077",16
"1386","48107",15
"1387","22021",16
"1388","53077",15
"1389","13271",16
"1390","13191",16
"1391","20069",15
"1392","17003",14
"1393","06085",14
"1394","45015",16
"1395","47051",13
"1396","47117",12
"1397","66010",0
"1398","48067",15
"1399","41051",14
"1400","22059",16
"1401","47187",13
"1402","04005",15
"1403","49007",14
"1404","12023",15
"1405","26089",14
"1406","24031",15
"1407","13009",15
"1408","13181",14
"1409","01059",13
"1410","24019",16
"1411","37159",13
"1412","37009",12
"1413","20141",15
"1414","06055",14
"1415","36063",14
"1416","12039",16
"1417","55007",12
"1418","13137",14
"1419","40013",14
"1420","40065",14
"1421","05085",16
"1422","05015",15
"1423","48017",14
"1424","30029",14
"1425","50017",13
"1426","48339",14
"1427","48241",15
"1428","36091",14
"1429","08031",16
"1430","26029",14
"1431","48033",15
"1432","69100",0
"1433","27163",15
"1434","38053",16
"1435","13059",14
"1436","13223",14
"1437","13207",15
"1438","13069",16
"1439","13071",16
"1440","13161",16
"1441","13225",15
"1442","13149",14
"1443","13093",15
"1444","13231",14
"1445","28157",16
"1446","48153",15
"1447","45009",16
"1448","47059",13
"1449","47155",13
"1450","54047",12
"1451","13303",15
"1452","51079",13
"1453","51053",14
"1454","21187",13
"1455","06069",14
"1456","10005",16
"1457","34003",15
"1458","53053",12
"1459","31013",16
"1460","23031",14
"1461","21119",12
"1462","37057",13
"1463","29057",13
"1464","04017",13
"1465","02122",0
"1466","31075",13
"1467","13267",16
"1468","48353",15
"1469","41035",16
"1470","05069",16
"1471","45029",16
"1472","54071",13
"1473","29027",13
"1474","55009",15
"1475","48225",14
"1476","27139",15
"1477","22067",15
"1478","46103",16
"1479","20199",15
"1480","04003",12
"1481","37043",12
"1482","49033",16
"1483","48361",15
"1484","12075",15
"1485","12005",16
"1486","26041",13
"1487","22017",15
"1488","24021",14
"1489","60020",0
"1490","45053",16
"1491","37137",15
"1492","06113",13
"1493","13321",16
"1494","35059",16
"1495","35023",12
"1496","51660",13
"1497","51025",14
"1498","33001",12
"1499","32007",15
"1500","32023",15
"1501","31001",13
"1502","31185",12
"1503","31159",12
"1504","31129",13
"1505","01037",14
"1506","51135",14
"1507","53059",14
"1508","53023",12
"1509","35001",16
"1510","35029",12
"1511","35006",14
"1512","35019",15
"1513","31149",13
"1514","31033",15
"1515","31021",13
"1516","31087",15
"1517","31105",16
"1518","31139",14
"1519","31175",13
"1520","31125",13
"1521","21163",13
"1522","51590",14
"1523","20037",14
"1524","21213",12
"1525","23029",12
"1526","21141",12
"1527","21157",14
"1528","25001",15
"1529","31037",13
"1530","31137",13
"1531","31027",14
"1532","31119",14
"1533","31051",14
"1534","31019",13
"1535","31045",16
"1536","37097",13
"1537","37001",14
"1538","37169",13
"1539","32029",16
"1540","19019",13
"1541","19183",13
"1542","19153",13
"1543","19127",13
"1544","19049",13
"1545","19023",13
"1546","19041",13
"1547","18093",13
"1548","37197",13
"1549","37049",15
"1550","37073",15
"1551","37005",12
"1552","53003",12
"1553","25003",14
"1554","18037",13
"1555","18127",14
"1556","19057",13
"1557","19145",13
"1558","18109",13
"1559","18001",13
"1560","19055",13
"1561","19009",13
"1562","18133",13
"1563","18041",13
"1564","19137",13
"1565","20121",13
"1566","20087",14
"1567","18119",13
"1568","18177",13
"1569","18141",14
"1570","18017",13
"1571","19079",13
"1572","19191",13
"1573","19017",13
"1574","19171",13
"1575","19015",13
"1576","19087",13
"1577","18149",13
"1578","26157",15
"1579","26149",14
"1580","13063",14
"1581","13023",15
"1582","13235",15
"1583","72143",0
"1584","72019",0
"1585","28005",16
"1586","28131",16
"1587","28117",14
"1588","26101",14
"1589","02060",0
"1590","38007",16
"1591","13199",14
"1592","13197",14
"1593","72099",0
"1594","72139",0
"1595","28027",16
"1596","28101",15
"1597","28069",15
"1598","13101",16
"1599","32017",15
"1600","31171",13
"1601","13193",15
"1602","72053",0
"1603","16063",14
"1604","16071",16
"1605","31165",16
"1606","23019",12
"1607","51640",12
"1608","13211",14
"1609","13287",16
"1610","72057",0
"1611","04011",12
"1612","16067",14
"1613","51125",13
"1614","51111",14
"1615","51600",14
"1616","51620",15
"1617","08039",17
"1618","08095",15
"1619","08119",17
"1620","08007",14
"1621","37077",14
"1622","37191",15
"1623","04023",11
"1624","27005",15
"1625","27095",13
"1626","27115",12
"1627","27113",15
"1628","51775",13
"1629","51735",15
"1630","51530",13
"1631","02220",0
"1632","02180",0
"1633","02105",0
"1634","08115",15
"1635","08017",17
"1636","08079",14
"1637","37157",14
"1638","37045",13
"1639","27029",14
"1640","27039",13
"1641","27041",15
"1642","13253",16
"1643","13281",12
"1644","13243",16
"1645","34037",15
"1646","19181",13
"1647","19155",13
"1648","27079",15
"1649","27169",14
"1650","13125",16
"1651","12051",14
"1652","29181",14
"1653","35028",16
"1654","35027",16
"1655","35041",15
"1656","19103",13
"1657","19113",13
"1658","19061",13
"1659","27161",13
"1660","27049",14
"1661","29097",14
"1662","29510",14
"1663","35005",15
"1664","35057",16
"1665","01103",13
"1666","37003",12
"1667","19169",13
"1668","19027",13
"1669","19179",13
"1670","27025",13
"1671","27033",13
"1672","27051",14
"1673","29067",13
"1674","29091",14
"1675","29081",13
"1676","51049",14
"1677","13159",14
"1678","19059",13
"1679","19033",13
"1680","19123",13
"1681","38001",16
"1682","38009",15
"1683","29107",13
"1684","29167",13
"1685","13055",13
"1686","13111",13
"1687","26113",15
"1688","26051",15
"1689","18165",13
"1690","38029",15
"1691","29185",13
"1692","29173",13
"1693","29053",13
"1694","13257",14
"1695","13119",14
"1696","18181",13
"1697","18135",13
"1698","18101",13
"1699","21201",13
"1700","22049",15
"1701","29007",13
"1702","29177",13
"1703","29229",13
"1704","13297",14
"1705","13065",16
"1706","18115",13
"1707","18161",13
"1708","56027",17
"1709","48345",14
"1710","22007",16
"1711","38073",14
"1712","38091",15
"1713","29199",13
"1714","29065",14
"1715","29163",14
"1716","29075",13
"1717","13015",14
"1718","13081",15
"1719","48129",15
"1720","48173",15
"1721","48359",17
"1722","48505",11
"1723","38043",15
"1724","54087",12
"1725","28085",16
"1726","28003",14
"1727","28043",15
"1728","29051",13
"1729","29001",13
"1730","26117",15
"1731","13085",14
"1732","13227",14
"1733","13131",16
"1734","72059",0
"1735","72005",0
"1736","28129",16
"1737","28153",16
"1738","28159",15
"1739","28067",16
"1740","26127",15
"1741","26005",15
"1742","26155",15
"1743","13233",14
"1744","13011",14
"1745","13047",12
"1746","72063",0
"1747","72121",0
"1748","48497",14
"1749","48463",13
"1750","48479",14
"1751","48203",15
"1752","48095",15
"1753","47067",13
"1754","21143",14
"1755","20067",17
"1756","21191",13
"1757","20057",15
"1758","12085",14
"1759","08085",14
"1760","08061",17
"1761","48189",15
"1762","48069",15
"1763","48317",15
"1764","48275",14
"1765","47087",12
"1766","17145",14
"1767","17183",13
"1768","08089",16
"1769","42105",13
"1770","42069",13
"1771","48099",15
"1772","48305",15
"1773","40037",16
"1774","47103",13
"1775","17007",14
"1776","17081",13
"1777","17113",13
"1778","17191",13
"1779","42123",14
"1780","42117",13
"1781","42065",13
"1782","40063",15
"1783","40035",15
"1784","40119",15
"1785","47101",13
"1786","47133",12
"1787","17001",13
"1788","17133",14
"1789","42025",14
"1790","42009",13
"1791","40029",14
"1792","40073",15
"1793","40033",15
"1794","46105",15
"1795","47075",16
"1796","17121",13
"1797","17095",13
"1798","17159",13
"1799","44001",15
"1800","55123",15
"1801","40053",15
"1802","41027",15
"1803","47153",12
"1804","46003",12
"1805","20039",14
"1806","17083",14
"1807","39137",14
"1808","55115",15
"1809","55101",14
"1810","41009",13
"1811","41053",12
"1812","54101",12
"1813","56045",16
"1814","54035",12
"1815","39025",13
"1816","39157",13
"1817","55035",14
"1818","55019",14
"1819","55041",12
"1820","01061",16
"1821","17065",13
"1822","17127",14
"1823","46129",14
"1824","47007",12
"1825","20025",15
"1826","39139",14
"1827","39121",13
"1828","39021",13
"1829","55107",12
"1830","55067",13
"1831","30111",15
"1832","05047",16
"1833","05105",16
"1834","20065",14
"1835","20185",16
"1836","20083",14
"1837","20189",17
"1838","56007",18
"1839","39127",13
"1840","39029",13
"1841","30091",14
"1842","30017",16
"1843","30065",15
"1844","05051",16
"1845","05049",15
"1846","54069",13
"1847","13005",16
"1848","39151",13
"1849","39055",14
"1850","30079",16
"1851","30019",14
"1852","30107",15
"1853","05143",16
"1854","05129",16
"1855","47077",13
"1856","46115",13
"1857","46119",13
"1858","39169",13
"1859","39037",13
"1860","39103",14
"1861","49053",14
"1862","01081",14
"1863","05083",16
"1864","05023",16
"1865","46039",12
"1866","46013",13
"1867","47139",12
"1868","39059",13
"1869","39081",13
"1870","50023",13
"1871","36101",14
"1872","05079",16
"1873","16017",12
"1874","46011",12
"1875","46101",12
"1876","47111",12
"1877","39111",13
"1878","39067",13
"1879","39027",13
"1880","36001",14
"1881","36037",14
"1882","48255",15
"1883","48097",14
"1884","48347",14
"1885","20045",14
"1886","20027",13
"1887","20055",15
"1888","36049",14
"1889","36035",13
"1890","08041",17
"1891","36007",13
"1892","36041",13
"1893","48093",15
"1894","48165",15
"1895","48023",14
"1896","21233",14
"1897","20049",14
"1898","20107",13
"1899","12019",15
"1900","12087",13
"1901","08063",15
"1902","48485",14
"1903","48439",14
"1904","45037",14
"1905","45085",16
"1906","45089",16
"1907","21103",13
"1908","20075",17
"1909","20171",15
"1910","20117",13
"1911","20029",13
"1912","20053",15
"1913","08045",15
"1914","12021",14
"1915","48365",15
"1916","48221",15
"1917","48145",15
"1918","40137",15
"1919","40081",15
"1920","26151",15
"1921","26075",15
"1922","17131",13
"1923","17155",13
"1924","36095",14
"1925","36121",14
"1926","40091",15
"1927","08067",14
"1928","08121",15
"1929","12073",16
"1930","12086",13
"1931","26111",15
"1932","26139",15
"1933","26037",15
"1934","05125",16
"1935","05065",15
"1936","36097",14
"1937","36109",13
"1938","09015",15
"1939","12027",14
"1940","26059",14
"1941","26065",15
"1942","26161",14
"1943","05005",15
"1944","05071",16
"1945","36015",12
"1946","48337",14
"1947","48503",15
"1948","12115",14
"1949","08075",15
"1950","26027",14
"1951","26159",14
"1952","26023",14
"1953","05101",16
"1954","05097",15
"1955","05111",16
"1956","05087",16
"1957","48291",15
"1958","48367",15
"1959","48027",15
"1960","12061",14
"1961","08103",15
"1962","13155",16
"1963","26017",15
"1964","26165",14
"1965","05043",16
"1966","05059",16
"1967","05141",16
"1968","48325",15
"1969","48049",15
"1970","06049",16
"1971","36111",14
"1972","13043",16
"1973","05113",15
"1974","12043",14
"1975","26079",14
"1976","26143",15
"1977","42057",13
"1978","26085",15
"1979","05135",15
"1980","48375",16
"1981","48341",17
"1982","48483",15
"1983","18169",13
"1984","18065",13
"1985","18053",13
"1986","19031",13
"1987","12067",15
"1988","29139",13
"1989","48159",14
"1990","48101",14
"1991","48247",12
"1992","48417",15
"1993","48269",14
"1994","48021",14
"1995","55127",14
"1996","20035",15
"1997","20155",16
"1998","20205",14
"1999","20193",15
"2000","29159",13
"2001","29063",13
"2002","29211",13
"2003","72041",0
"2004","72069",0
"2005","55047",15
"2006","55131",14
"2007","17091",13
"2008","17101",13
"2009","17041",13
"2010","29155",16
"2011","29213",15
"2012","29109",13
"2013","18111",13
"2014","18171",13
"2015","55083",13
"2016","55093",13
"2017","39039",14
"2018","39117",13
"2019","39047",13
"2020","31133",12
"2021","29077",13
"2022","29121",13
"2023","29221",14
"2024","48009",14
"2025","72085",0
"2026","72025",0
"2027","55129",12
"2028","55125",12
"2029","55069",13
"2030","30075",16
"2031","31157",16
"2032","31085",14
"2033","21161",13
"2034","42075",14
"2035","29215",13
"2036","29147",13
"2037","29169",13
"2038","40045",15
"2039","40003",15
"2040","30101",15
"2041","30021",16
"2042","55065",14
"2043","48461",15
"2044","48237",15
"2045","48143",15
"2046","29061",13
"2047","29117",13
"2048","40069",14
"2049","40131",15
"2050","40005",14
"2051","30095",15
"2052","31029",15
"2053","01057",15
"2054","48429",15
"2055","48135",15
"2056","48131",14
"2057","48183",14
"2058","29165",13
"2059","29105",13
"2060","40085",14
"2061","40115",15
"2062","49027",15
"2063","01031",16
"2064","01075",15
"2065","48357",16
"2066","48089",14
"2067","48137",15
"2068","48285",14
"2069","29187",15
"2070","29093",14
"2071","29225",13
"2072","40015",15
"2073","40139",17
"2074","40059",15
"2075","01011",14
"2076","50005",11
"2077","48019",15
"2078","48299",16
"2079","40111",16
"2080","29227",13
"2081","29011",14
"2082","29005",13
"2083","40149",14
"2084","40093",16
"2085","40043",15
"2086","36123",14
"2087","36039",14
"2088","40049",15
"2089","40021",15
"2090","29125",14
"2091","26049",15
"2092","26057",15
"2093","41029",15
"2094","40011",14
"2095","17039",13
"2096","53051",12
"2097","53039",15
"2098","37011",12
"2099","37063",14
"2100","19157",13
"2101","19081",13
"2102","19039",13
"2103","18091",14
"2104","17093",13
"2105","17063",13
"2106","17117",13
"2107","53013",13
"2108","33003",11
"2109","32510",16
"2110","37135",14
"2111","42007",13
"2112","18049",13
"2113","18163",14
"2114","19189",13
"2115","19185",13
"2116","17199",13
"2117","17077",14
"2118","32005",16
"2119","32013",15
"2120","31145",15
"2121","42119",13
"2122","42121",13
"2123","18035",13
"2124","18121",13
"2125","17179",13
"2126","17067",13
"2127","31147",13
"2128","31067",12
"2129","31101",15
"2130","42107",14
"2131","42085",13
"2132","18143",13
"2133","18077",13
"2134","17103",13
"2135","17037",13
"2136","31153",13
"2137","31179",14
"2138","42019",13
"2139","42115",13
"2140","19167",13
"2141","18145",13
"2142","19151",13
"2143","17085",13
"2144","17075",13
"2145","17045",13
"2146","31111",14
"2147","31023",13
"2148","31035",13
"2149","42077",15
"2150","42037",13
"2151","18045",13
"2152","18131",13
"2153","19129",13
"2154","17195",13
"2155","17135",13
"2156","31043",14
"2157","31083",13
"2158","31057",15
"2159","55027",14
"2160","55025",15
"2161","20183",14
"2162","20015",14
"2163","17021",13
"2164","17029",13
"2165","31065",15
"2166","31031",13
"2167","24045",16
"2168","55079",14
"2169","55055",14
"2170","21009",12
"2171","20207",14
"2172","17009",13
"2173","17025",13
"2174","51071",12
"2175","21041",13
"2176","22087",16
"2177","55133",14
"2178","55017",13
"2179","20209",13
"2180","20167",15
"2181","20051",15
"2182","20163",15
"2183","39085",14
"2184","39019",13
"2185","51115",15
"2186","23009",12
"2187","20175",15
"2188","55135",15
"2189","55053",15
"2190","21215",13
"2191","20177",14
"2192","21169",12
"2193","39041",13
"2194","39107",13
"2195","39161",13
"2196","20099",15
"2197","21185",13
"2198","21145",14
"2199","51169",13
"2200","55095",13
"2201","55049",15
"2202","20153",15
"2203","20103",14
"2204","20003",14
"2205","39133",13
"2206","39031",13
"2207","21015",13
"2208","51013",14
"2209","55078",13
"2210","48253",15
"2211","48147",14
"2212","21211",13
"2213","20009",16
"2214","20005",14
"2215","39053",13
"2216","39009",13
"2217","39091",13
"2218","21117",13
"2219","21077",13
"2220","48397",14
"2221","48307",15
"2222","48227",15
"2223","20135",14
"2224","21087",12
"2225","21057",12
"2226","39063",14
"2227","39073",13
"2228","39159",13
"2229","21199",12
"2230","21113",12
"2231","19193",13
"2232","18011",13
"2233","20113",14
"2234","17011",13
"2235","39071",13
"2236","39033",13
"2237","39175",13
"2238","21021",12
"2239","21035",14
"2240","21001",12
"2241","18059",13
"2242","18063",13
"2243","18057",13
"2244","17157",14
"2245","17173",13
"2246","39065",13
"2247","06075",14
"2248","51510",14
"2249","25023",15
"2250","37081",14
"2251","18009",13
"2252","18075",13
"2253","18085",14
"2254","18103",13
"2255","19035",13
"2256","17015",13
"2257","17119",14
"2258","01125",15
"2259","53001",14
"2260","31127",13
"2261","31041",13
"2262","31161",15
"2263","13293",14
"2264","28017",15
"2265","28079",15
"2266","28111",16
"2267","28023",16
"2268","72129",0
"2269","72015",0
"2270","31061",13
"2271","27131",15
"2272","27055",14
"2273","13255",14
"2274","28025",15
"2275","28075",15
"2276","28057",14
"2277","72073",0
"2278","72111",0
"2279","15003",0
"2280","38051",14
"2281","38057",15
"2282","13099",16
"2283","13239",14
"2284","28073",16
"2285","28041",16
"2286","28133",16
"2287","28099",15
"2288","72089",0
"2289","27057",14
"2290","27045",13
"2291","38025",16
"2292","54091",12
"2293","19139",13
"2294","19161",13
"2295","19083",13
"2296","28071",14
"2297","28097",15
"2298","27019",15
"2299","27007",14
"2300","28019",15
"2301","28081",14
"2302","19133",13
"2303","21221",14
"2304","20079",15
"2305","16065",15
"2306","02063",0
"2307","02198",0
"2308","29079",13
"2309","27065",12
"2310","27105",13
"2311","27157",14
"2312","28127",16
"2313","28031",16
"2314","19003",13
"2315","19043",13
"2316","51760",14
"2317","50011",14
"2318","72009",0
"2319","72115",0
"2320","27067",15
"2321","38011",16
"2322","28037",16
"2323","28115",14
"2324","28119",16
"2325","19071",13
"2326","18005",13
"2327","18079",13
"2328","29101",13
"2329","29141",13
"2330","29085",13
"2331","38069",15
"2332","46059",12
"2333","56031",17
"2334","56043",14
"2335","28065",16
"2336","28139",14
"2337","28141",13
"2338","21061",12
"2339","20165",15
"2340","20011",13
"2341","20095",16
"2342","20077",15
"2343","29217",13
"2344","29145",15
"2345","51730",14
"2346","18137",13
"2347","18113",14
"2348","19135",13
"2349","28147",16
"2350","16021",12
"2351","16009",12
"2352","18097",13
"2353","19121",13
"2354","29045",13
"2355","29083",13
"2356","26123",15
"2357","20007",16
"2358","17147",13
"2359","39125",14
"2360","42003",13
"2361","72055",0
"2362","51710",15
"2363","51670",14
"2364","19037",13
"2365","18069",13
"2366","18099",14
"2367","18073",13
"2368","19143",13
"2369","26061",12
"2370","26067",15
"2371","55117",15
"2372","55137",15
"2373","51770",13
"2374","51570",14
"2375","02016",0
"2376","02158",0
"2377","31039",13
"2378","31077",14
"2379","31017",13
"2380","31135",15
"2381","26031",14
"2382","26095",12
"2383","55013",12
"2384","55119",12
"2385","30025",16
"2386","38033",15
"2387","46063",15
"2388","31113",13
"2389","48267",15
"2390","48079",13
"2391","31091",13
"2392","22023",15
"2393","20125",15
"2394","26131",12
"2395","26039",15
"2396","18087",14
"2397","18007",13
"2398","30103",15
"2399","13299",16
"2400","13171",14
"2401","23011",13
"2402","23001",13
"2403","21023",13
"2404","21197",12
"2405","56011",16
"2406","48219",15
"2407","48495",14
"2408","72077",0
"2409","35047",16
"2410","35009",14
"2411","08021",15
"2412","08009",16
"2413","08099",17
"2414","24510",15
"2415","25007",15
"2416","37151",14
"2417","72137",0
"2418","72061",0
"2419","01017",14
"2420","01029",14
"2421","01087",14
"2422","01115",15
"2423","53065",13
"2424","32001",16
"2425","08025",16
"2426","08047",17
"2427","08011",16
"2428","37181",14
"2429","37109",13
"2430","19069",13
"2431","72079",0
"2432","72049",0
"2433","31109",13
"2434","31097",12
"2435","31163",14
"2436","31123",16
"2437","35015",14
"2438","35003",13
"2439","51161",13
"2440","01021",14
"2441","51041",14
"2442","13251",16
"2443","19013",13
"2444","19109",13
"2445","28155",15
"2446","54055",12
"2447","54051",13
"2448","13309",16
"2449","20139",14
"2450","20179",14
"2451","17197",14
"2452","17099",13
"2453","72135",0
"2454","72003",0
"2455","35011",15
"2456","17069",14
"2457","28077",16
"2458","28113",16
"2459","54089",12
"2460","56017",13
"2461","17143",13
"2462","17141",13
"2463","72131",0
"2464","72087",0
"2465","48259",15
"2466","48031",15
"2467","48421",17
"2468","48149",14
"2469","54029",13
"2470","13109",16
"2471","17181",14
"2472","17105",13
"2473","17203",13
"2474","72149",0
"2475","72065",0
"2476","45011",16
"2477","42113",13
"2478","47113",14
"2479","13259",14
"2480","50015",13
"2481","17057",13
"2482","17049",13
"2483","72093",0
"2484","72001",0
"2485","47177",12
"2486","47015",12
"2487","51183",15
"2488","51650",15
"2489","17033",13
"2490","39099",13
"2491","72029",0
"2492","69120",0
"2493","47039",13
"2494","46067",12
"2495","51740",15
"2496","51840",13
"2497","51197",12
"2498","51685",14
"2499","12035",14
"2500","42011",15
"2501","42059",13
"2502","13037",16
"2503","15005",0
"2504","46135",13
"2505","46015",13
"2506","46087",12
"2507","51550",15
"2508","51540",13
"2509","51830",15
"2510","39153",14
"2511","39165",13
"2512","27003",14
"2513","27159",14
"2514","27017",13
"2515","46081",15
"2516","46125",13
"2517","46089",14
"2518","51720",12
"2519","51750",12
"2520","13285",14
"2521","39149",13
"2522","39115",13
"2523","39051",14
"2524","27111",16
"2525","27035",14
"2526","27043",13
"2527","47047",16
"2528","46109",14
"2529","13087",16
"2530","13057",14
"2531","55045",15
"2532","55071",15
"2533","27083",14
"2534","27087",15
"2535","27085",15
"2536","27091",13
"2537","46069",13
"2538","47131",15
"2539","46061",12
"2540","13147",14
"2541","19051",13
"2542","19125",13
"2543","18033",14
"2544","39145",13
"2545","39129",13
"2546","27135",14
"2547","27081",12
"2548","27121",15
"2549","46021",14
"2550","47109",13
"2551","46017",13
"2552","18043",13
"2553","19187",13
"2554","19173",13
"2555","39131",13
"2556","12081",14
"2557","27151",15
"2558","04019",12
"2559","38021",14
"2560","47171",13
"2561","20073",14
"2562","20047",16
"2563","19095",13
"2564","19091",13
"2565","18159",13
"2566","18039",14
"2567","55097",15
"2568","55081",15
"2569","38023",14
"2570","38013",15
"2571","48169",15
"2572","48065",16
"2573","20063",14
"2574","20017",14
"2575","47023",13
"2576","18021",13
"2577","18105",13
"2578","19011",13
"2579","39015",13
"2580","39057",13
"2581","38049",15
"2582","22121",16
"2583","47027",12
"2584","56037",16
"2585","19005",13
"2586","18107",13
"2587","18047",13
"2588","72081",0
"2589","72021",0
"2590","60040",0
"2591","22003",16
"2592","22061",15
"2593","56023",16
"2594","56001",18
"2595","20041",13
"2596","20021",14
"2597","20133",14
"2598","72151",0
"2599","22095",16
"2600","38093",15
"2601","38063",15
"2602","56019",15
"2603","20061",13
"2604","20159",16
"2605","20191",15
"2606","20093",15
"2607","72013",0
"2608","72105",0
"2609","38047",15
"2610","38083",15
"2611","38089",16
"2612","54009",13
"2613","54061",12
"2614","29153",14
"2615","29161",13
"2616","29179",14
"2617","53005",14
"2618","13045",14
"2619","13145",14
"2620","72043",0
"2621","36021",14
"2622","46099",12
"2623","46077",12
"2624","46097",12
"2625","20127",13
"2626","30109",15
"2627","21091",13
"2628","37187",15
"2629","19097",13
"2630","01083",13
"2631","33011",14
"2632","56015",17
"2633","13167",16
"2634","37025",13
"2635","19021",13
"2636","18151",14
"2637","19085",13
"2638","19007",13
"2639","18055",13
"2640","33005",13
"2641","31169",12
"2642","16011",15
"2643","51580",13
"2644","28105",15
"2645","18095",13
"2646","18031",13
"2647","20181",15
"2648","20031",14
"2649","21045",12
"2650","17115",13
"2651","17051",13
"2652","31025",13
"2653","31095",12
"2654","28015",15
"2655","16051",15
"2656","17139",13
"2657","17193",13
"2658","39113",13
"2659","39045",13
"2660","31099",13
"2661","31053",13
"2662","13003",16
"2663","35061",16
"2664","31069",14
"2665","39143",14
"2666","39147",14
"2667","39003",13
"2668","39109",13
"2669","31131",13
"2670","31059",12
"2671","31047",13
"2672","31003",14
"2673","21083",14
"2674","39023",13
"2675","39083",13
"2676","48437",15
"2677","41013",15
"2678","42087",13
"2679","55039",14
"2680","48385",15
"2681","42015",13
"2682","22027",15
"2683","21219",12
"2684","48493",15
"2685","46111",12
"2686","13165",16
"2687","48013",15
"2688","55089",14
"2689","30011",16
"2690","01133",13
"2691","20173",15
"2692","21171",12
"2693","37145",14
"2694","37071",13
"2695","16069",12
"2696","48125",15
"2697","55077",15
"2698","40009",14
"2699","27101",13
"2700","38041",16
"2701","46045",14
"2702","36099",14
"2703","48177",14
"2704","31049",15
"2705","42047",13
"2706","48231",14
"2707","36079",15
"2708","48151",15
"2709","36093",14
"2710","51790",13
"2711","31079",13
"2712","19093",13
"2713","39077",14
"2714","05031",16
"2715","48191",14
"2716","48445",14
"2717","47069",15
"2718","42021",12
"2719","55033",14
"2720","08101",16
"2721","08003",16
"2722","29055",14
"2723","49039",14
"2724","01045",16
"2725","46025",12
"2726","05035",16
"2727","56041",16
"2728","29151",14
"2729","26105",15
"2730","26133",14
"2731","26093",15
"2732","26091",14
"2733","36089",14
"2734","36073",14
"2735","13173",16
"2736","29115",13
"2737","29133",14
"2738","26135",15
"2739","26087",15
"2740","26035",15
"2741","26043",12
"2742","18153",13
"2743","36003",14
"2744","48121",14
"2745","48441",15
"2746","29043",13
"2747","29186",15
"2748","26009",14
"2749","26019",14
"2750","18013",13
"2751","72027",0
"2752","72017",0
"2753","12111",14
"2754","12091",16
"2755","08081",16
"2756","26081",15
"2757","48003",15
"2758","72101",0
"2759","48211",15
"2760","72045",0
"2761","72125",0
"2762","36061",15
"2763","72035",0
"2764","27059",13
"2765","08073",17
"2766","08014",16
"2767","27093",15
"2768","27117",12
"2769","38101",15
"2770","28061",16
"2771","72091",0
"2772","72075",0
"2773","27143",15
"2774","38027",15
"2775","48171",16
"2776","29017",15
"2777","29219",13
"2778","29175",13
"2779","28123",15
"2780","51021",12
"2781","02290",0
"2782","31005",14
"2783","72103",0
"2784","72007",0
"2785","40103",16
"2786","40123",15
"2787","72054",0
"2788","02130",0
"2789","29111",13
"2790","17169",13
"2791","45033",15
"2792","45001",14
"2793","40129",15
"2794","13247",14
"2795","17013",14
"2796","39173",14
"2797","46051",14
"2798","46005",12
"2799","46027",13
"2800","41011",12
"2801","41025",16
"2802","13187",14
"2803","51520",12
"2804","39089",13
"2805","39017",13
"2806","47137",12
"2807","46102",16
"2808","46049",14
"2809","17071",13
"2810","05037",16
"2811","05127",16
"2812","19105",13
"2813","19165",13
"2814","18067",13
"2815","18139",13
"2816","19141",13
"2817","39001",13
"2818","06031",14
"2819","46065",13
"2820","46033",16
"2821","27099",13
"2822","27153",14
"2823","27063",13
"2824","20201",13
"2825","20131",13
"2826","39097",13
"2827","01013",16
"2828","01111",14
"2829","50007",14
"2830","47169",12
"2831","46047",16
"2832","47083",12
"2833","38087",16
"2834","38081",14
"2835","12059",16
"2836","48117",15
"2837","48295",15
"2838","48279",15
"2839","36057",13
"2840","48309",15
"2841","20157",13
"2842","19177",13
"2843","47061",12
"2844","48297",15
"2845","22089",16
"2846","38003",15
"2847","17137",13
"2848","17073",13
"2849","17035",13
"2850","48251",15
"2851","48451",15
"2852","48363",15
"2853","48329",15
"2854","56005",15
"2855","54015",12
"2856","54079",12
"2857","38079",15
"2858","38039",15
"2859","38065",15
"2860","48045",15
"2861","06029",14
"2862","48271",13
"2863","48293",14
"2864","48123",14
"2865","40041",16
"2866","13083",13
"2867","13053",14
"2868","21039",14
"2869","48077",14
"2870","31007",16
"2871","49021",14
"2872","40071",16
"2873","40107",15
"2874","13061",16
"2875","29209",15
"2876","47125",12
"2877","46029",13
"2878","39155",14
"2879","39141",13
"2880","40083",15
"2881","40051",15
"2882","29071",14
"2883","46053",13
"2884","47071",13
"2885","13035",14
"2886","35037",16
"2887","42093",13
"2888","41071",12
"2889","29047",13
"2890","42001",13
"2891","46035",12
"2892","46121",13
"2893","46037",13
"2894","20137",14
"2895","54025",13
"2896","01067",16
"2897","51045",13
"2898","21059",14
"2899","41069",14
"2900","41037",16
"2901","42131",13
"2902","55015",15
"2903","55139",15
"2904","54097",12
"2905","60010",0
"2906","33013",13
"2907","31173",14
"2908","42053",13
"2909","01019",14
"2910","55109",13
"2911","55005",12
"2912","54105",12
"2913","13169",15
"2914","20197",14
"2915","17061",14
"2916","05033",16
"2917","05115",16
"2918","55103",15
"2919","55141",15
"2920","48415",16
"2921","13273",16
"2922","13017",16
"2923","17059",14
"2924","17053",13
"2925","05089",15
"2926","05027",15
"2927","40061",15
"2928","16001",14
"2929","51820",13
"2930","28009",14
"2931","16013",15
"2932","17149",13
"2933","48047",12
"2934","48087",14
"2935","48383",15
"2936","45023",14
"2937","42023",13
"2938","40121",14
"2939","40147",14
"2940","17023",13
"2941","39013",13
"2942","39135",13
"2943","29149",14
"2944","29059",13
"2945","16055",12
"2946","35035",14
"2947","32021",16
"2948","12011",13
"2949","42039",14
"2950","29021",13
"2951","25019",15
"2952","19101",13
"2953","21149",14
"2954","17175",13
"2955","48413",15
"2956","55087",15
"2957","30067",16
"2958","72067",0
"2959","26011",15
"2960","17151",14
"2961","50013",14
"2962","01105",15
"2963","46043",12
"2964","31011",13
"2965","29009",15
"2966","31081",13
"2967","72145",0
"2968","72119",0
"2969","47017",14
"2970","20089",14
"2971","16007",16
"2972","29119",15
"2973","08125",15
"2974","21223",13
"2975","27001",13
"2976","27149",15
"2977","21129",12
"2978","08087",16
"2979","48243",14
"2980","29039",13
"2981","55113",12
"2982","13261",16
"2983","53047",14
"2984","51131",15
"2985","19197",13
"2986","36059",15
"2987","12089",16
"2988","48377",14
"2989","05133",16
"2990","12121",16
"2991","22065",16
"2992","51113",13
"2993","02090",0
"2994","08033",14
"2995","01113",14
"2996","13027",16
"2997","26007",15
"2998","46019",16
"2999","05009",15
"3000","29035",14
"3001","35053",16
"3002","20085",14
"3003","54017",12
"3004","31073",13
"3005","40025",17
"3006","12133",16
"3007","01053",16
"3008","42099",13
"3009","46031",15
"3010","20033",15
"3011","56025",16
"3012","20115",13
"3013","56021",18
"3014","28035",16
"3015","26015",15
"3016","13275",16
"3017","19065",13
"3018","18157",13
"3019","32027",15
"3020","20097",16
"3021","13249",14
"3022","32009",13
"3023","21081",13
"3024","17087",14
"3025","39011",13
"3026","22093",16
"3027","29223",14
"3028","72071",0
"3029","08105",14
"3030","42073",13
"3031","30041",14
"3032","31181",13
"3033","20111",14
"3034","37189",12
"3035","01091",15
"3036","48433",15
"3037","40047",15
"3038","40153",15
"3039","40039",14
"3040","49041",14
"3041","01123",14
"3042","19099",13
"3043","13117",14
"3044","53069",12
"3045","05055",16
"3046","48381",15
"3047","28091",16
"3048","28063",16
"3049","31141",13
"3050","31063",14
"3051","21053",12
"3052","55031",13
"3053","55091",14
"3054","16053",14
"3055","50001",13
"3056","21207",12
"3057","19047",13
"3058","19119",13
"3059","01093",14
"3060","36087",15
"3061","26025",14
"3062","48335",15
"3063","27123",15
"3064","19067",13
"3065","18003",13
"3066","18167",13
"3067","09005",15
"3068","27047",13
"3069","38103",15
"3070","28145",14
"3071","21173",12
"3072","17055",13
"3073","09013",15
"3074","16057",12
"3075","29127",13
"3076","49009",15
"3077","55073",14
"3078","40019",15
"3079","40001",16
"3080","40007",15
"3081","05053",16
"3082","48111",17
"3083","17005",13
"3084","39087",12
"3085","39171",14
"3086","36083",13
"3087","40031",15
"3088","05123",16
"3089","48249",15
"3090","55105",15
"3091","47099",13
"3092","46091",14
"3093","39163",13
"3094","51043",13
"3095","05137",15
"3096","48193",15
"3097","46107",14
"3098","36023",14
"3099","72011",0
"3100","47095",15
"3101","20187",17
"3102","56009",17
"3103","33019",12
"3104","31151",12
"3105","31121",14
"3106","20109",15
"3107","51680",13
"3108","29049",13
"3109","27009",14
"3110","38075",15
"3111","26137",15
"3112","16019",15
"3113","29137",13
"3114","31143",13
"3115","21075",14
"3116","29135",13
"3117","29073",14
"3118","18015",13
"3119","72117",0
"3120","48265",15
"3121","48507",13
"3122","40105",15
"3123","26121",15
"3124","26001",15
"3125","18155",13
"3126","21225",14
"3127","51810",15
"3128","48197",14
"3129","72133",0
"3130","16075",14
"3131","28135",16
"3132","72083",0
"3133","72123",0
"3134","42083",14
"3135","55063",15
"3136","48447",15
"3137","27109",14
"3138","50019",11
"3139","51065",14
"3140","27155",14
"3141","28107",16
"3142","29025",13
"3143","51690",13
"3144","72109",0
"3145","40099",15
"3146","40057",14
"3147","48109",14
"3148","51683",14
"3149","34005",15
"3150","35025",14
"3151","05077",16
"3152","20195",14
"3153","29015",13
"3154","27141",14
"3155","38035",15
"3156","38015",15
"3157","48281",15
"3158","01015",14
"3159","51700",15
"3160","48209",15
"3161","38061",15
"3162","48431",15
"3163","46007",13
"3164","47161",12
"3165","54077",12
"3166","51173",12
"3167","13097",14
"3168","16045",14
"3169","19089",13
"3170","20147",14
"3171","28125",16
"3172","29089",13
"3173","51610",14
"3174","51800",15
"3175","13115",14
"3176","13129",13
"3177","13095",16
"3178","19077",13
"3179","48217",15
"3180","12003",15
"3181","02230",0
"3182","02068",0
"3183","31009",13
"3184","13295",13
"3185","39005",14
"3186","18081",13
"3187","19159",13
"3188","21227",12
"3189","29131",13
"3190","26145",15
"3191","26045",15
"3192","16047",14
"3193","42109",13
"3194","21105",14
"3195","17019",13
"3196","17187",13
"3197","26069",15
"3198","72153",0
"3199","35049",15
"3200","13175",15
"3201","55021",15
"3202","30097",15
"3203","17107",13
"3204","39101",13
"3205","39119",13
"3206","55085",12
"3207","50003",13
"3208","36033",14
"3209","48043",15
"3210","13307",15
"3211","37033",14
"3212","19073",13
"3213","19053",13
"3214","01127",14
"3215","01007",15
"3216","31177",13
"3217","21019",12
"3218","40109",15
"3219","40097",15
"3220","19175",13
"3221","19115",13
"3222","19001",13
"3223","20013",13
"3224","31107",14
"3225","21137",12
"3226","37195",15
"3227","42081",13
"3228","41059",14
"3229","41049",15
"3230","21073",12
"3231","17201",15
"3232","17123",13
"3233","37185",14
"3234","72051",0
